name,gsmarena_url,Body | Dimensions,Body | Weight,Body | Build,Body | SIM,Body | ,Display | Type,Display | Size,Display | Resolution,Display | ,Platform | OS,Platform | Chipset,Platform | CPU,Platform | GPU,Memory | Card slot,Memory | Internal,Memory | ,Main Camera | Dual,Main Camera | Features,Main Camera | Video,Selfie camera | Single,Selfie camera | Features,Selfie camera | Video,Battery | Type,Battery | Charging,Display | Protection,Main Camera | Triple,Main Camera | Single,Selfie camera | Dual,Battery | Talk time,Battery | Music play,brand
Motorola Razr 40 Ultra,https://www.gsmarena.com/motorola_razr_40_ultra-12169.php,Unfolded: 170.8 x 74 x 7 mm Folded: 88.4 x 74 x 15.1 mm,184.5 g or 188.5 g (6.53 oz),"Plastic front (unfolded), glass front (folded, Gorilla Glass Victus), glass back (Gorilla Glass Victus), aluminum frame (7000 series), hinge (stainless steel)",· Nano-SIM + eSIM · Nano-SIM + Nano-SIM,Water-repellent coating,"Foldable LTPO AMOLED, 1B colors, 165Hz, HDR10+, 1400 nits (peak)","6.9 inches, 107.6 cm 2 (~85.1% screen-to-body ratio)",1080 x 2640 pixels (~413 ppi density),"Second external AMOLED, 1B colors, 144Hz, HDR10+, 1100 nits (peak) 3.6 inches, 1056 x 1066 pixels, 413 ppi, Gorilla Glass Victus","Android 13, up to 3 major Android upgrades",Qualcomm SM8475 Snapdragon 8+ Gen 1 (4 nm),Octa-core (1x3.19 GHz Cortex-X2 & 3x2.75 GHz Cortex-A710 & 4x1.80 GHz Cortex-A510),Adreno 730,No,"256GB 4GB RAM, 256GB 8GB RAM, 256GB 12GB RAM, 512GB 12GB RAM",UFS 3.1,"12 MP, f/1.5, (wide), 1/2.55"", 1.4µm, PDAF, OIS 13 MP, f/2.2, 108˚ (ultrawide), 1/3.0"", 1.12µm, AF","LED flash, panorama, HDR","4K@30/60fps, 1080p@30/60/120fps, HDR10+, gyro-EIS","32 MP, f/2.4, (wide), 0.7µm",HDR,"4K@30/60fps, 1080p@30/60fps",Li-Po 3800 mAh,30W wired 5W wireless,,,,,,,Motorola
Motorola Moto G73,https://www.gsmarena.com/motorola_moto_g73-12079.php,161.4 x 73.8 x 8.3 mm (6.35 x 2.91 x 0.33 in),181 g (6.38 oz),"Glass front, plastic back, plastic frame",Nano-SIM + Nano-SIM,Water-resistant design,"IPS LCD, 120Hz","6.5 inches, 102.0 cm 2 (~85.6% screen-to-body ratio)","1080 x 2400 pixels, 20:9 ratio (~405 ppi density)",,"Android 13, planned upgrade to Android 14",Mediatek Dimensity 930 (6 nm),Octa-core (2x2.2 GHz Cortex-A78 & 6x2.0 GHz Cortex-A55),IMG BXM-8-256,microSDXC (uses shared SIM slot),"128GB 8GB RAM, 256GB 8GB RAM",,"50 MP, f/1.8, (wide), 1.0µm, PDAF 8 MP, f/2.2, 118˚ (ultrawide), 1.12µm, AF","LED flash, HDR, panorama",1080p@30/60fps,"16 MP, f/2.4, (wide), 1.0µm",,1080p@30fps,Li-Po 5000 mAh,30W wired,,,,,,,Motorola
Motorola Edge+,https://www.gsmarena.com/motorola_edge+_(2023)-12251.php,161.2 x 74 x 8.6 mm (6.35 x 2.91 x 0.34 in),203 g (7.16 oz),"Glass front (Gorilla Glass Victus), glass back (Gorilla Glass Victus), aluminum frame",Nano-SIM + eSIM,IP68 dust tight and water resistant (immersible up to 1.5m for 30 min),"OLED, 1B colors, 165Hz, HDR10+, Dolby Vision, 1300 nits (peak)","6.67 inches, 107.4 cm 2 (~90.0% screen-to-body ratio)","1080 x 2400 pixels, 20:9 ratio (~395 ppi density)",,"Android 13, upgradable to Android 14",Qualcomm SM8550-AB Snapdragon 8 Gen 2 (4 nm),Octa-core (1x3.2 GHz Cortex-X3 & 2x2.8 GHz Cortex-A715 & 2x2.8 GHz Cortex-A710 & 3x2.0 GHz Cortex-A510),Adreno 740,No,512GB 8GB RAM,UFS 4.0,,"Dual-LED flash, panorama, HDR","8K@30fps, 4K@30/60fps, 1080p@30/60/120/240/960fps, 10-bit HDR10+, gyro-EIS","60 MP, f/2.2, (wide), 1/2.8"", 0.61µm",HDR,"4K@30/60fps, 1080p@30/60/120/240fps",Li-Po 5100 mAh,68W wired 15W wireless 5W reverse wired 5W reverse wireless,Corning Gorilla Glass Victus,"50 MP, f/1.8, (wide), 1/1.55"", 1.0µm, multi-directional PDAF, OIS 12 MP, f/1.6, (telephoto), 1/2.93"", 1.22µm, PDAF, 2x optical zoom 50 MP, f/2.2, 114˚ (ultrawide), 1/2.76"", 0.64µm, AF",,,,,Motorola
Motorola Edge 40,https://www.gsmarena.com/motorola_edge_40-12204.php,158.4 x 72 x 7.6 mm (6.24 x 2.83 x 0.30 in),167 g or 171 g (5.89 oz),"Glass front, aluminum frame, plastic back or eco leather back",· Nano-SIM · Nano-SIM + eSIM · Nano-SIM + Nano-SIM,IP68 dust tight and water resistant (immersible up to 1.5m for 30 min),"P-OLED, 144Hz, HDR10+, 1200 nits (peak)","6.55 inches, 103.6 cm 2 (~90.8% screen-to-body ratio)","1080 x 2400 pixels, 20:9 ratio (~402 ppi density)",,"Android 13, up to 2 major Android upgrades",Mediatek Dimensity 8020 (6 nm),Octa-core (4x2.6 GHz Cortex-A78 & 4x2.0 GHz Cortex-A55),Mali-G77 MC9,No,"128GB 8GB RAM, 256GB 8GB RAM",UFS 3.1,"50 MP, f/1.4, (wide), 1/1.55"", 1.0µm, multi-directional PDAF, OIS 13 MP, f/2.2, 120˚ (ultrawide), 1/3.0"", 1.12µm, AF","Dual-LED flash, HDR, panorama","4K@30fps, 1080p@30/60/120fps, 720p@960fps, HDR10, gyro-EIS","32 MP, f/2.4, (wide), 1/3.0"", 0.7µm",HDR,"4K@30fps, 1080p@30/120fps",Li-Po 4400 mAh,68W wired 15W wireless,,,,,,,Motorola
Nubia Neo 2 5G,https://www.gsmarena.com/zte_nubia_neo_2-12852.php,166 x 76.1 x 8.5 mm (6.54 x 3.00 x 0.33 in),208 g (7.34 oz),,Nano-SIM + Nano-SIM,Pressure sensitive zones (Gaming triggers),"IPS LCD, 120Hz","6.72 inches, 109.0 cm 2 (~86.3% screen-to-body ratio)","1080 x 2400 pixels, 20:9 ratio (~392 ppi density)",,"Android 13, upgradable to Android 14",Unisoc T820 (6 nm),Octa-core (1x2.7 GHz Cortex-A76 & 3x2.3 GHz Cortex-A76 & 4x2.1 GHz Cortex-A55),Mali-G57,No,256GB 8GB RAM,UFS 3.1,"50 MP, f/1.8, (wide), PDAF Auxiliary lens","LED flash, HDR, panorama",1080p@30fps,"16 MP, f/2.0, (wide)",,1080p@30fps,6000 mAh or 5200 mAh,33W wired,,,,,,,Nubia
Nubia Neo 3 5G,https://www.gsmarena.com/zte_nubia_neo_3-13711.php,168.3 x 76.5 x 8.3 mm (6.63 x 3.01 x 0.33 in),-,,Nano-SIM + Nano-SIM,Pressure sensitive zones (Gaming triggers) RGB light (on the back),"IPS LCD, 120Hz, 1000 nits (HBM)","6.8 inches, 111.9 cm 2 (~86.9% screen-to-body ratio)",1080 x 2392 pixels (~386 ppi density),,Android 15,Unisoc T8300 (6 nm),Octa-core (2x2.2 GHz Cortex-A78 & 6x2.0 GHz Cortex-A55),Mali-G57 MP2,No,256GB 8GB RAM,,"50 MP, f/1.8, (wide), PDAF Auxiliary lens","LED flash, HDR, panorama",1080p@30fps,"16 MP, f/2.0, (wide)",,1080p@30fps,6000 mAh or 5000 mAh,33W wired Bypass Charging,Mohs level 4,,,,,,Nubia
Nubia Neo 5 5G,https://www.gsmarena.com/zte_nubia_neo_5_5g-14595.php,-,-,,· Nano-SIM + eSIM · Nano-SIM + Nano-SIM,IP64 dust tight and water resistant (water splashes) Pressure sensitive zones (550Hz touch-sensing) RGB light (on the back),"IPS LCD, 120Hz, 1000 nits (HBM)","6.8 inches, 113.9 cm 2","900 x 1940 pixels, 19.5:9 ratio (~314 ppi density)",,Android 16,Unisoc T9300 (6 nm),Octa-core (2x2.4 GHz Cortex-A78 & 6x2.0 GHz Cortex-A55),Mali-G57 MP2,microSDXC,256GB 8GB RAM,,"50 MP, (wide), PDAF Auxiliary lens","LED flash, HDR, panorama","4K@30fps, 1080p@30fps",16 MP,,1080p@30fps,6050 mAh,45W wired Bypass charging,,,,,,,Nubia
Nubia V60 Design,https://www.gsmarena.com/zte_blade_v60_design-13377.php,164.2 x 75.3 x 8.6 mm (6.46 x 2.96 x 0.34 in),198 g (6.98 oz),"Glass front, glass back, plastic frame",Nano-SIM + Nano-SIM,,"IPS LCD, 90Hz","6.6 inches, 104.6 cm 2 (~84.6% screen-to-body ratio)","720 x 1612 pixels, 20:9 ratio (~267 ppi density)",,Android 13,Unisoc T606 (12 nm),Octa-core (2x1.6 GHz Cortex-A75 & 6x1.6 GHz Cortex-A55),Mali-G57 MP1,microSDXC (uses shared SIM slot),"256GB 4GB RAM, 256GB 6GB RAM",,"50 MP, f/1.8, (wide), PDAF Auxiliary lens","LED flash, HDR, panorama",1080p@30fps,"8 MP, f/2.0, (wide)",,Yes,5000 mAh,22.5W wired,,,,,,,Nubia
Nubia Z70 Ultra 5G,https://www.gsmarena.com/zte_nubia_z70_ultra-13508.php,164.3 x 77.1 x 8.6 mm (6.47 x 3.04 x 0.34 in),228 g (8.04 oz),"Glass front, aluminum frame, glass back",Nano-SIM + Nano-SIM,IP68/IP69 dust tight and water resistant (high pressure water jets; immersible up to 1.5m for 30 min),"AMOLED, 1B colors, 144Hz, HDR10, 2000 nits (peak)","6.85 inches, 113.7 cm 2 (~89.7% screen-to-body ratio)",1216 x 2688 pixels (~431 ppi density),,"Android 15, Nebula AIOS",Qualcomm SM8750-AB Snapdragon 8 Elite (3 nm),Octa-core (2x4.32 GHz Oryon V2 Phoenix L + 6x3.53 GHz Oryon V2 Phoenix M),Adreno 830,No,"256GB 12GB RAM, 512GB 16GB RAM, 1TB 16GB RAM, 1TB 24GB RAM",UFS 4.0,,"Laser AF, color spectrum sensor, Ring-LED, dual-tone flash, panorama, HDR","8K@30fps, 4K@30/60/120fps, 1080p@30/60fps, gyro-EIS, HDR10, 10‑bit video","16 MP, f/2.5, 24mm (wide), 1/2.8"", 1.12µm, under display",HDR,1080p@30fps,Si/C Li-Ion 6150 mAh,"80W wired, PD3.0, QC4",Longxi glass (gen 2),"50 MP, f/1.6-4.0, 35mm (standard), 1/1.56"", 1.0µm, multi-directional PDAF, OIS 64 MP, f/2.5, 70mm (periscope telephoto), 1/2.0"", 0.7µm, multi-directional PDAF (15cm - ∞), OIS, 2.7x optical zoom (vs. 26mm cam) 50 MP, f/2.0, 13mm, 122˚ (ultrawide), 1/2.88"", 0.61µm, multi-directional PDAF",,,,,Nubia
Nubia Z70S Ultra 5G,https://www.gsmarena.com/zte_nubia_z70s_ultra_5g-13819.php,164.3 x 77.1 x 8.6 mm (6.47 x 3.04 x 0.34 in),228 g (8.04 oz),"Glass front (Gorilla Glass 7i), aluminum frame, glass back",Nano-SIM + Nano-SIM,IP68/IP69 dust tight and water resistant (high pressure water jets; immersible up to 1.5m for 30 min),"AMOLED, 1B colors, 144Hz, HDR10, 2000 nits (peak)","6.85 inches, 113.7 cm 2 (~89.7% screen-to-body ratio)",1216 x 2688 pixels (~431 ppi density),,"Android 15, Nebula AIOS 1.5",Qualcomm SM8750-AB Snapdragon 8 Elite (3 nm),Octa-core (2x4.32 GHz Oryon V2 Phoenix L + 6x3.53 GHz Oryon V2 Phoenix M),Adreno 830,No,"256GB 12GB RAM, 512GB 16GB RAM, 1TB 16GB RAM, 1TB 24GB RAM",UFS 4.0,,"Laser AF, color spectrum sensor, Ring-LED, dual-tone flash, panorama, HDR","8K@30fps, 4K@30/60/120fps, 1080p@30/60fps, gyro-EIS, HDR10, 10‑bit video","16 MP, f/2.0, 24mm (wide), 1/2.8"", 1.12µm, under display",HDR,1080p@30fps,Si/C Li-Ion 6600 mAh,"80W wired, PD3.0, QC4",Corning Gorilla Glass 7i or Longxi glass (gen 2),"50 MP, f/1.7, 35mm (standard), 1/1.3"", 1.2µm, PDAF, OIS 64 MP, f/2.5, 70mm (periscope telephoto), 1/2.0"", 0.7µm, multi-directional PDAF (15cm - ∞), OIS, 2.7x optical zoom (vs. 26mm cam) 50 MP, f/2.0, 13mm, 122˚ (ultrawide), 1/2.88"", 0.61µm, multi-directional PDAF",,,,,Nubia
Nubia RedMagic 8S Pro 5G,https://www.gsmarena.com/zte_nubia_red_magic_8s_pro-12398.php,,,,,,,,,,,,,,,,,,,,,,,,,,,,,,,Nubia
Nubia Red Magic 9 Pro,https://www.gsmarena.com/zte_nubia_red_magic_9_pro-12709.php,164 x 76.4 x 8.9 mm (6.46 x 3.01 x 0.35 in),229 g (8.08 oz),"Glass front (Gorilla Glass 5), aluminum frame, glass back",Nano-SIM + Nano-SIM,Pressure sensitive zones (520Hz touch-sensing) Built-in cooling fan Aviation aluminum middle frame,"AMOLED, 1B colors (China only), 120Hz, 1600 nits (peak)","6.8 inches, 111.6 cm 2 (~89.1% screen-to-body ratio)","1116 x 2480 pixels, 20:9 ratio (~400 ppi density)",,"Android 14, Redmagic OS 9",Qualcomm SM8650-AB Snapdragon 8 Gen 3 (4 nm),Octa-core (1x3.3 GHz Cortex-X4 & 3x3.2 GHz Cortex-A720 & 2x3.0 GHz Cortex-A720 & 2x2.3 GHz Cortex-A520),Adreno 750,No,"256GB 8GB RAM, 256GB 12GB RAM, 512GB 12GB RAM, 512GB 16GB RAM",UFS 4.0,,"LED flash, HDR, panorama","8K@30fps, 4K@30/60fps, 1080p@30/60/120/240fps","16 MP, f/2.0, (wide), 1.12µm, under display",HDR,1080p@30/60fps,6500 mAh,"80W wired, PD3.0, 100% in 35 min",Corning Gorilla Glass 5,"50 MP, (wide), 1/1.57"", 1.0µm, PDAF, OIS 50 MP, f/2.2, (ultrawide), 1/2.76"", 0.64µm 2 MP (macro)",,,,,Nubia
Nubia Red Magic 10,https://www.gsmarena.com/zte_nubia_redmagic_10_air_5g-13797.php,164.3 x 76.6 x 7.9 mm (6.47 x 3.02 x 0.31 in),205 g (7.23 oz),"Glass front (Gorilla Glass 5), aluminum frame, glass back (Panda Glass 2)",Nano-SIM + Nano-SIM,Pressure sensitive zones (520Hz touch-sensing) Aviation aluminum middle frame IP54 dust protected and water resistant (water splashes),"AMOLED, 1B colors, 120Hz, 1600 nits (peak)","6.8 inches, 111.6 cm 2 (~88.7% screen-to-body ratio)","1116 x 2480 pixels, 20:9 ratio (~400 ppi density)",,"Android 15, up to 3 major Android upgrades, Redmagic OS 10",Qualcomm SM8650-AB Snapdragon 8 Gen 3 (4 nm),Octa-core (1x3.3 GHz Cortex-X4 & 3x3.2 GHz Cortex-A720 & 2x3.0 GHz Cortex-A720 & 2x2.3 GHz Cortex-A520),Adreno 750,No,"256GB 12GB RAM, 512GB 16GB RAM",UFS 4.0,"50 MP, f/1.9, (wide), 1/1.55"", 1.0µm, PDAF, OIS 50 MP, f/2.2, (ultrawide), 1/2.88"", 0.61µm, AF","LED flash, HDR, panorama","8K@30fps, 4K@30/60fps, 1080p@30/60/120/240fps","16 MP, f/2.0, (wide), 1/2.77"", 1.12µm, under display",HDR,1080p@30/60fps,6000 mAh,"80W wired, 100% in 52 min","Corning Gorilla Glass 5, Mohs level 4",,,,,,Nubia
Nubia A36,https://www.gsmarena.com/zte_blade_a36-13966.php,167.6 x 77.4 x 8.3 mm (6.60 x 3.05 x 0.33 in),-,"Glass front, plastic frame, plastic back",Nano-SIM + Nano-SIM,,"IPS LCD, 90Hz","6.75 inches, 110.0 cm 2 (~84.8% screen-to-body ratio)","720 x 1600 pixels, 20:9 ratio (~260 ppi density)",,Android 15,Unisoc T7200 (12 nm),Octa-core (2x1.6 GHz Cortex-A75 & 6x1.6 GHz Cortex-A55),Mali-G57 MP1,microSDXC (dedicated slot),64GB 4GB RAM,eMMC 5.1,,LED flash,1080p@30fps,5 MP,,Yes,5000 mAh,10W wired,Mohs level 4,,"13 MP, AF Auxiliary lens",,,,Nubia
Samsung Galaxy A36 5G,https://www.gsmarena.com/samsung_galaxy_a36-13497.php,162.9 x 78.2 x 7.4 mm (6.41 x 3.08 x 0.29 in),195 g (6.88 oz),"Glass front (Gorilla Glass Victus+), plastic frame, glass back (Gorilla Glass Victus+)",· Nano-SIM + eSIM · Nano-SIM + Nano-SIM + eSIM + eSIM (max 2 at a time),IP67 dust/water resistant (up to 1m for 30 min),"Super AMOLED, 120Hz, 1200 nits (HBM), 1900 nits (peak)","6.7 inches, 110.2 cm 2 (~86.5% screen-to-body ratio)","1080 x 2340 pixels, 19.5:9 ratio (~385 ppi density)",,"Android 15, up to 6 major Android upgrades, One UI 7",Qualcomm SM6475-AB Snapdragon 6 Gen 3 (4 nm),Octa-core (4x2.4 GHz Cortex-A78 & 4x1.8 GHz Cortex-A55),Adreno 710,No,"128GB 6GB RAM, 128GB 8GB RAM, 256GB 6GB RAM, 256GB 8GB RAM, 256GB 12GB RAM",UFS 2.2,,"LED flash, panorama, HDR","4K@30fps, 1080p@30/60fps, gyro-EIS","12 MP, f/2.2, (wide)",,"4K@30fps, 1080p@30fps, 10-bit HDR",5000 mAh,"45W wired, 66% in 30 min, 100% in 68 min","Corning Gorilla Glass Victus+, Mohs level 5","50 MP, f/1.8, (wide), 1/1.96"", 0.8µm, PDAF, OIS 8 MP, f/2.2, 123˚, (ultrawide), 1/4.0"", 1.12µm 5 MP, f/2.4, (macro)",,,,,Samsung
Samsung Galaxy A06s,https://www.gsmarena.com/samsung_galaxy_a06-13265.php,167.3 x 77.3 x 8 mm (6.59 x 3.04 x 0.31 in),189 g (6.67 oz),"Glass front, plastic back, plastic frame",· Nano-SIM · Nano-SIM + Nano-SIM,,PLS LCD,"6.7 inches, 108.4 cm 2 (~83.8% screen-to-body ratio)","720 x 1600 pixels, 20:9 ratio (~262 ppi density)",,"Android 14, up to 2 major Android upgrades, One UI 8",Mediatek Helio G85 (12 nm),Octa-core (2x2.0 GHz Cortex-A75 & 6x1.8 GHz Cortex-A55),Mali-G52 MC2,microSDXC (dedicated slot),"64GB 4GB RAM, 128GB 4GB RAM, 128GB 6GB RAM",eMMC 5.1,"50 MP, f/1.8, (wide), 1/2.76"", 0.64µm, PDAF Auxiliary lens",LED flash,1080p@30/60fps,"8 MP, f/2.0, (wide), 1/4.0"", 1.12µm",,Yes,Li-Po 5000 mAh,25W wired,,,,,,,Samsung
Samsung Galaxy A15 LTE,https://www.gsmarena.com/samsung_galaxy_a15-12637.php,160.1 x 76.8 x 8.4 mm (6.30 x 3.02 x 0.33 in),200 g (7.05 oz),"Glass front, plastic back, plastic frame",· Nano-SIM · Nano-SIM + Nano-SIM,,"Super AMOLED, 90Hz, 800 nits (HBM)","6.5 inches, 103.7 cm 2 (~84.3% screen-to-body ratio)","1080 x 2340 pixels, 19.5:9 ratio (~396 ppi density)",,"Android 14, up to 4 major Android upgrades, One UI 7",Mediatek Helio G99 (6 nm),Octa-core (2x2.2 GHz Cortex-A76 & 6x2.0 GHz Cortex-A55),Mali-G57 MC2,microSDXC (uses shared SIM slot),"128GB 4GB RAM, 128GB 6GB RAM, 128GB 8GB RAM, 256GB 6GB RAM, 256GB 8GB RAM",,,"LED flash, panorama, HDR",1080p@30fps,"13 MP, f/2.0, 26mm (wide), 1/3.06"", 1.12µm",,1080p@30fps,5000 mAh,25W wired,,"50 MP, f/1.8, 26mm (wide), 1/2.8"", 0.64µm, PDAF 5 MP, f/2.2, 17mm (ultrawide), 1/5.0"", 1.12µm 2 MP (macro)",,,,,Samsung
Samsung Galaxy A16 LTE,https://www.gsmarena.com/samsung_galaxy_a16-13383.php,164.4 x 77.9 x 7.9 mm (6.47 x 3.07 x 0.31 in),200 g (7.05 oz),"Glass front, plastic back, plastic frame",· Nano-SIM · Nano-SIM + Nano-SIM,IP54 dust protected and water resistant (water splashes),"Super AMOLED, 90Hz","6.7 inches, 110.2 cm 2 (~86.0% screen-to-body ratio)","1080 x 2340 pixels, 19.5:9 ratio (~385 ppi density)",,"Android 14, up to 6 major Android upgrades, One UI 7",Mediatek Helio G99 (6 nm),Octa-core (2x2.2 GHz Cortex-A76 & 6x2.0 GHz Cortex-A55),Mali-G57 MC2,microSDXC (uses shared SIM slot),"128GB 4GB RAM, 128GB 6GB RAM, 128GB 8GB RAM, 256GB 4GB RAM, 256GB 6GB RAM, 256GB 8GB RAM",,,"LED flash, panorama, HDR",1080p@30fps,"13 MP, f/2.0, (wide), 1/3.1"", 1.12µm",,1080p@30fps,5000 mAh,25W wired,Mohs level 5,"50 MP, f/1.8, (wide), 1/2.76"", 0.64µm, AF 5 MP, f/2.2, (ultrawide), 1/5.0"", 1.12µm 2 MP (macro)",,,,,Samsung
Samsung Galaxy S8,https://www.gsmarena.com/samsung_galaxy_s8-8161.php,148.9 x 68.1 x 8 mm (5.86 x 2.68 x 0.31 in),155 g (5.47 oz),"Glass front (Gorilla Glass 5), glass back (Gorilla Glass 5), aluminum frame",· Nano-SIM · Nano-SIM + Nano-SIM,IP68 dust tight and water resistant (immersible up to 1.5m for 30 min),"Super AMOLED, HDR10","5.8 inches, 84.8 cm 2 (~83.6% screen-to-body ratio)","1440 x 2960 pixels, 18.5:9 ratio (~570 ppi density)",3D Touch (home button only),"Android 7.0 (Nougat), upgradable to Android 9.0 (Pie), One UI",Exynos 8895 (10 nm) - EMEA Qualcomm MSM8998 Snapdragon 835 (10 nm) - USA & China,Octa-core (4x2.3 GHz Mongoose M2 & 4x1.7 GHz Cortex-A53) - EMEA Octa-core (4x2.35 GHz Kryo & 4x1.9 GHz Kryo) - USA & China,Mali-G71 MP20 - EMEA Adreno 540 - USA & China,microSDXC (uses shared SIM slot) - dual SIM model only,64GB 4GB RAM,UFS 2.0 or UFS 2.1,,"LED flash, auto-HDR, panorama","4K@30fps, 1080p@30/60fps, 720p@240fps, HDR, stereo sound rec., gyro-EIS, OIS",,HDR,1440p@30fps,"Li-Ion 3000 mAh, non-removable (11.55 Wh)","15W wired, QC2 Wireless (Qi) (market dependent)",Corning Gorilla Glass 5,,"12 MP, f/1.7, 26mm (wide), 1/2.55"", 1.4µm, dual pixel PDAF, OIS","8 MP, f/1.7, 25mm (wide), 1/3.6"", 1.22µm, AF 2 MP (dedicated iris scanner camera)",Up to 20 h (3G),Up to 67 h,Samsung
OPPO Find N5,https://www.gsmarena.com/oppo_find_n5-13659.php,Unfolded: 160.9 x 145.6 x 4.2 mm Folded: 160.9 x 74.4 x 8.9 mm,229 g (8.08 oz),"Glass front (Nanocrystal Glass) (folded), plastic front (unfolded), glass back or eco leather back, aluminum frame, titanium alloy hinge",· Nano-SIM + Nano-SIM + eSIM (max 2 at a time) · Nano-SIM + Nano-SIM,IPX8/IPX9 water resistant (high pressure water jets; immersible up to 1.5m for 30 min),"Foldable LTPO OLED, 1B colors, Dolby Vision, HDR10+, HDR Vivid, 120Hz, 1400 nits (HBM), 2100 nits (peak)","8.12 inches, 211.7 cm 2 (~90.4% screen-to-body ratio)",2248 x 2480 pixels (~412 ppi density),"Stylus support (both screens) Cover display: LTPO OLED, 1B colors, Dolby Vision, HDR10+, HDR Vivid, 120Hz, 1600 nits (HBM), 2450 nits (peak), Ultra HDR image support 6.62 inches, 1140 x 2616 pixels, 431 ppi, Nanocrystal Glass","Android 15, ColorOS 15",Qualcomm SM8750-3-AB Snapdragon 8 Elite (3 nm),7-core (2x4.32 GHz Oryon V2 Phoenix L + 5x3.53 GHz Oryon V2 Phoenix M),Adreno 830,No,"256GB 12GB RAM, 512GB 16GB RAM, 1TB 16GB RAM",UFS 4.0,,"Hasselblad Color Calibration, color spectrum sensor, LED flash, HDR, panorama","4K@30/60fps, 1080p@30/60/240fps gyro-EIS, HDR10+, Dolby Vision","8MP, f/2.4, 21mm (ultrawide), 1/4.0”, 1.12µm Cover camera: 8MP, f/2.4, 21mm (ultrawide), 1/4.0”, 1.12µm",HDR,"4K@30fps, 1080p@30fps, gyro-EIS",Si/C Li-Ion 5600 mAh,"80W wired, PD, 100% in 50 min 50W wireless Reverse wired",,"50 MP, f/1.9, 21mm (wide), 1/1.56”, PDAF, OIS 50 MP, f/2.7, 75mm (periscope telephoto), 1/2.75"", 3x optical zoom, PDAF (10cm - ∞), OIS 8 MP, f/2.2, 15mm, 116˚, (ultrawide), 1/4.0”, 1.12µm, AF",,,,,OPPO
OPPO Reno15 5G,https://www.gsmarena.com/oppo_reno15_5g_(global)-14395.php,158 x 74.8 x 7.8 mm (6.22 x 2.94 x 0.31 in),197 g (6.95 oz),"Glass front (Gorilla Glass 7i), aluminum frame, glass back",Nano-SIM + Nano-SIM + eSIM (max 2 at a time),IP68/IP69 dust tight and water resistant (high pressure water jets; immersible up to 1.5m for 30 min),"AMOLED, 1B colors, 120Hz, HDR10+, 600 nits (typ), 1200 nits (HBM)","6.59 inches, 105.6 cm 2 (~89.4% screen-to-body ratio)",1256 x 2760 pixels (~460 ppi density),,"Android 16, ColorOS 16",Qualcomm SM7750-AB Snapdragon 7 Gen 4 (4 nm),Octa-core (1x2.8 GHz Cortex-720 & 4x2.4 GHz Cortex-720 & 3x1.8 GHz Cortex-520),Adreno 722,No,"256GB 8GB RAM, 256GB 12GB RAM, 512GB 8GB RAM, 512GB 12GB RAM",UFS 3.1,,"Color spectrum sensor, LED flash, HDR, panorama","4K@30/60fps, 1080p@30/60/120fps, gyro-EIS, HDR","50 MP, f/2.0, 18mm (ultrawide), AF","Panorama, HDR","4K@30/60fps, 1080p@30/60fps, gyro-EIS, HDR",6500 mAh,"80W wired, 80W UFCS, 55W PPS, 13.5W PD, 13.5W QC, 100% in 50 min Reverse wired","Corning Gorilla Glass 7i, Mohs level 5","50 MP, f/1.8, 26mm (wide), PDAF, OIS 50 MP, f/2.8, 80mm (telephoto), PDAF, OIS, 3.5x optical zoom 8 MP, f/2.2, 15mm, 116˚ (ultrawide), 1/4.0"", 1.12µm, AF",,,,,OPPO
OPPO Reno12 FS 5G,https://www.gsmarena.com/oppo_reno12_f-13182.php,163.1 x 75.8 x 7.8 mm (6.42 x 2.98 x 0.31 in),187 g (6.60 oz),,Nano-SIM + Nano-SIM,IP64 dust tight and water resistant (water splashes),"AMOLED, 1B colors, 120Hz, 600 nits (typ), 1200 nits (HMB), 2100 nits (peak)","6.67 inches, 107.4 cm 2 (~86.9% screen-to-body ratio)","1080 x 2400 pixels, 20:9 ratio (~395 ppi density)",,"Android 14, upgradable to Android 15, ColorOS 15",Mediatek Dimensity 6300 (6 nm),Octa-core (2x2.4 GHz Cortex-A76 & 6x2.0 GHz Cortex-A55),Mali-G57 MC2,microSDXC,"256GB 8GB RAM, 256GB 12GB RAM, 512GB 8GB RAM, 512GB 12GB RAM",UFS 2.2,,"LED flash, HDR, panorama","1080p@30/60fps, gyro-EIS","32 MP, f/2.4, 22mm (wide), 1/2.74"", 0.8µm",Panorama,1080p@30fps,5000 mAh,"45W wired, PD2.0 Reverse wired",Asahi Glass AGC DT-Star2,"50 MP, f/1.8, 26mm (wide), PDAF, OIS 8 MP, f/2.2, 16mm, 112˚ (ultrawide), 1/4.0"", 1.12µm 2 MP (macro)",,,,,OPPO
TECNO SPARK 30 Pro Transformer,https://www.gsmarena.com/tecno_spark_30_pro-13357.php,166.6 x 77 x 7.4 mm (6.56 x 3.03 x 0.29 in),-,,Nano-SIM + Nano-SIM,IP54 dust protected and water resistant (water splashes),"AMOLED, 1B colors, 120Hz, 2160Hz PWM, 1700 nits (peak)","6.78 inches, 109.9 cm 2 (~85.7% screen-to-body ratio)",1080 x 2436 pixels (~393 ppi density),,"Android 14, HIOS 14",Mediatek Helio G100 (6 nm),Octa-core (2x2.2 GHz Cortex-A76 & 6x2.0 GHz Cortex-A55),Mali-G57 MC2,microSDXC,"128GB 8GB RAM, 256GB 8GB RAM",,,"Quad-LED flash, HDR","1440p@30fps, 1080p@30fps","13 MP, (wide)",Dual-LED dual-tone flash,1080p@30fps,5000 mAh,33W wired,,,"108 MP, f/1.9, (wide), 1/1.52"", PDAF Auxiliary lens",,,,TECNO
OnePlus V Fold,https://www.gsmarena.com/oneplus_v_fold-12391.php,-,-,,Nano-SIM + Nano-SIM,,"Foldable LTPO AMOLED, 120Hz, HDR10+","7.8 inches, 195.8 cm 2",1792 x 1920 pixels (~337 ppi density),"Cover display: AMOLED, 120Hz, 6.3 inches",Android 14,,,,No,256GB 16GB RAM,UFS,,"Hasselblad Color Calibration, Dual-LED dual-tone flash, HDR, panorama","4K@30/60fps, 1080p@30/60/240fps","20 MP, (wide) Cover camera: 32 MP, f/2.4, 22mm (wide), 1/3.14""","HDR, panorama","1080p@30fps, gyro-EIS",Li-Po 4800 mAh,67W wired,,"48 MP, (wide), PDAF, OIS 64 MP, (telephoto), optical zoom, PDAF 48 MP, f/2.2, 14mm, 115˚ (ultrawide), 1/2.0"", 0.8µm, AF",,,,,OnePlus
Xiaomi 14T Pro,https://www.gsmarena.com/xiaomi_14t_pro-13328.php,160.4 x 75.1 x 8.4 mm (6.31 x 2.96 x 0.33 in),209 g (7.37 oz),"Glass front (Gorilla Glass 5), aluminum frame, glass back (Panda X)",· Nano-SIM + eSIM · eSIM + eSIM · Nano-SIM + Nano-SIM,"IP68 dust tight and water resistant (immersible up to 2m for 30 min) 6M13 aluminium alloy, 281 N/mm frame rigidity, 260 N/mm device rigidity","AMOLED, 68B colors, 144Hz, 3840Hz PWM, Dolby Vision, HDR10+, 1600 nits (HBM), 4000 nits (peak)","6.67 inches, 107.4 cm 2 (~89.1% screen-to-body ratio)","1220 x 2712 pixels, 20:9 ratio (~446 ppi density)",,"Android 14, HyperOS",Mediatek Dimensity 9300+ (4 nm),Octa-core (1x3.4 GHz Cortex-X4 & 3x2.85 GHz Cortex-X4 & 4x2.0 GHz Cortex-A720),Immortalis-G720 MC12,No,"256GB 12GB RAM, 512GB 12GB RAM, 512GB 16GB RAM, 1TB 12GB RAM",UFS 4.0,,"Leica lens, Ultra HDR, LED flash, HDR, panorama","8K@24/30fps, 4K@24/30/60fps, 1080p@30/60/120/240/960fps, gyro-EIS, 10-bit Rec. 2020, HDR10+","32 MP, f/2.0, 25mm (wide), 1/3.44"", 0.64µm",HDR,"4K@30fps, 1080p@30/60fps, HDR10+",Li-Po 5000 mAh,"120W wired, PD3.0, QC4, 100% in 19 min 50W wireless, 100% in 45 min",Corning Gorilla Glass 5,"50 MP, f/1.6, 23mm (wide), 1/1.31"", 1.2µm, PDAF, OIS 50 MP, f/2.0, 60mm (telephoto), 1/2.88"", 0.61µm, PDAF, 2.6x optical zoom 12 MP, f/2.2, 15mm (ultrawide), 1/3.06"", 1.12µm",,,,,Xiaomi
Xiaomi 17T 5G,https://www.gsmarena.com/xiaomi_17t_5g-14652.php,-,-,"Glass front (Gorilla Glass), plastic frame, glass-fiber reinforced plastic back",· Nano-SIM + Nano-SIM + eSIM + eSIM (max 2 at a time) · Nano-SIM + Nano-SIM,IP68 dust tight and water resistant (immersible up to 3m for 30 min),"AMOLED, 68B colors, 120Hz, 3840Hz PWM, Dolby Vision, HDR10+","6.59 inches, 106.4 cm 2","1268 x 2756 pixels, 19.5:9 ratio (~460 ppi density)",,"Android 16, HyperOS 3",Mediatek Dimensity 8500 Ultra (4 nm),Octa-core (1x3.4 GHz Cortex-A725 & 3x3.2 GHz Cortex-A725 & 4x2.2 GHz Cortex-A725),Mali-G720 MC8,No,"256GB 12GB RAM, 512GB 12GB RAM",UFS 4.1,,"Leica lens, Color spectrum sensor, Ultra HDR, LED flash, HDR, panorama","4K@30/60fps, 1080p@30/60/120/240/960fps, gyro-EIS, 10-bit Rec. 2020, HDR10+","32 MP, f/2.2, 21mm (wide), 1/3.44"", 0.64µm",HDR,"4K@30fps, 1080p@30/60fps, HDR10+",Si/C Li-Ion 6500 mAh,"67W wired, PD3.0",Corning Gorilla Glass,"50 MP, f/1.7, 23mm (wide), 1/1.55"", 1.0µm, PDAF, OIS 50 MP, f/3.0, 115mm (periscope telephoto), 1/2.76"", 0.64µm, PDAF (10cm - ∞), OIS, 5x optical zoom 12 MP, f/2.2, 15mm, 120˚  (ultrawide), 1/3.06"", 1.12µm",,,,,Xiaomi
Xiaomi 17T Pro 5G,https://www.gsmarena.com/xiaomi_17t_pro_5g-14651.php,-,-,"Glass front (Gorilla Glass), aluminum frame, glass-fiber reinforced plastic back",· Nano-SIM + Nano-SIM + eSIM + eSIM (max 2 at a time) · Nano-SIM + Nano-SIM,"IP68 dust tight and water resistant (immersible up to 3m for 30 min) 6M13 aluminium alloy, 330 N/mm frame rigidity, 321 N/mm device rigidity","AMOLED, 68B colors, 144Hz, 3840Hz PWM, Dolby Vision, HDR10+","6.83 inches, 114.5 cm 2","1280 x 2772 pixels, 19.5:9 ratio (~447 ppi density)",,"Android 16, HyperOS 3",Mediatek Dimensity 9500 (3 nm),Octa-core (1x4.21 GHz C1-Ultra & 3x3.5 GHz C1-Premium & 4x2.7 GHz C1-Pro),Mali-G1 Ultra MC12,No,"512GB 12GB RAM, 1TB 12GB RAM",UFS 4.1,,"Leica lens, Color spectrum sensor, Ultra HDR, LED flash, HDR, panorama","8K@30fps, 4K@30/60/120fps, 1080p@30/60/120/240/960fps, gyro-EIS, 10-bit Rec. 2020, HDR10+","32 MP, f/2.2, 21mm (wide), 1/3.44"", 0.64µm",HDR,"4K@30fps, 1080p@30/60fps, HDR10+",Si/C Li-Ion 7000 mAh,"100W wired, PD3.0, QC4 50W wireless",Corning Gorilla Glass,"50 MP, f/1.6, 23mm (wide), 1/1.31"", 1.2µm, multi-directional PDAF, OIS 50 MP, f/3.0, 115mm (periscope telephoto), 1/2.76"", 0.64µm, PDAF (10cm - ∞), OIS, 5x optical zoom 12 MP, f/2.2, 15mm, 120˚ (ultrawide), 1/3.06"", 1.12µm",,,,,Xiaomi
Xiaomi Redmi 14,https://www.gsmarena.com/xiaomi_redmi_note_14_4g_(global)-13616.php,163.3 x 76.6 x 8.2 mm (6.43 x 3.02 x 0.32 in),196.5 g (6.95 oz),"Glass front (Gorilla Glass 5), plastic back, aluminum frame",Nano-SIM + Nano-SIM,IP54 dust protected and water resistant (water splashes),"AMOLED, 120Hz, 960Hz PWM, 1200 nits (HBM), 1800 nits (peak)","6.67 inches, 107.4 cm 2 (~85.9% screen-to-body ratio)","1080 x 2400 pixels, 20:9 ratio (~395 ppi density)",,"Android 14, up to 4 major Android upgrades, HyperOS",Mediatek Helio G99 Ultra (6 nm),Octa-core (2x2.2 GHz Cortex-A76 & 6x2.0 GHz Cortex-A55),Mali-G57 MC2,microSDXC (uses shared SIM slot),"128GB 6GB RAM, 128GB 8GB RAM, 256GB 6GB RAM, 256GB 8GB RAM",UFS 2.2,,"LED flash, HDR, panorama",1080p@30/60fps,"20 MP, f/2.2, (wide), 1/4.0"", 0.7µm",,1080p@30fps,5500 mAh,"33W wired, 55% in 44 min","Corning Gorilla Glass 5, Mohs level 5","108 MP, f/1.7, (wide), 1/1.67"", 0.64µm, PDAF 2 MP (macro) Auxiliary lens",,,,,Xiaomi
POCO F6,https://www.gsmarena.com/xiaomi_poco_f6-13000.php,160.5 x 74.5 x 8 mm (6.32 x 2.93 x 0.31 in),179 g (6.31 oz),"Glass front (Gorilla Glass Victus), plastic frame, plastic back",Nano-SIM + Nano-SIM,IP64 dust tight and water resistant (water splashes),"AMOLED, 68B colors, 120Hz, 1920Hz PWM, HDR10+, Dolby Vision, 500 nits (typ), 1200 nits (HBM), 2400 nits (peak)","6.67 inches, 107.4 cm 2 (~89.8% screen-to-body ratio)","1220 x 2712 pixels, 20:9 ratio (~446 ppi density)",,"Android 14, up to 3 major Android upgrades, HyperOS",Qualcomm SM8635 Snapdragon 8s Gen 3 (4 nm),Octa-core (1x3.0 GHz Cortex-X4 & 4x2.8 GHz Cortex-A720 & 3x2.0 GHz Cortex-A520),Adreno 735,No,"256GB 8GB RAM, 256GB 12GB RAM, 512GB 12GB RAM",UFS 4.0,"50 MP, f/1.6, (wide), 1/1.95"", 0.8µm, multi-directional PDAF, OIS 8 MP, (ultrawide), 1/4.0"", 1.12µm","LED flash, HDR, panorama","4K@30/60fps, 1080p@30/60/120/240fps, gyro-EIS","20 MP, f/2.2, (wide), 0.8µm",HDR,1080p@30/60fps,5000 mAh,"90W wired, PD3.0, 2-100% in 35 min",Corning Gorilla Glass Victus,,,,,,POCO
POCO M6+ 5G,https://www.gsmarena.com/xiaomi_poco_m6_plus-13119.php,168.6 x 76.3 x 8.3 mm (6.64 x 3.00 x 0.33 in),205 g (7.23 oz),"Glass front, plastic frame, glass back",Nano-SIM + Nano-SIM,IP53 dust protected and water resistant (vertical water sprays),"IPS LCD, 120Hz, 550 nits (peak)","6.79 inches, 109.5 cm 2 (~85.1% screen-to-body ratio)",1080 x 2460 pixels (~396 ppi density),,"Android 14, up to 2 major Android upgrades, HyperOS",Qualcomm SM4450 Snapdragon 4 Gen 2 AE (4 nm),Octa-core (2x2.3 GHz Cortex-A78 & 6x2.0 GHz Cortex-A55),Adreno 613,microSDXC (uses shared SIM slot),"64GB 4GB RAM, 128GB 6GB RAM, 128GB 8GB RAM",UFS 2.2,"108 MP, f/1.8, 28mm (wide), 0.64µm, PDAF 2 MP (macro)","LED flash, HDR, panorama",1080p@30fps,"13 MP, f/2.5, (wide)","HDR, panorama",1080p@30fps,5030 mAh,33W wired,Corning Gorilla Glass 3,,,,,,POCO
POCO X8 Pro Max,https://www.gsmarena.com/xiaomi_poco_x8_pro_max_5g-14507.php,162.9 x 77.9 x 8.2 mm (6.41 x 3.07 x 0.32 in),218 g (7.69 oz),"Glass front (Gorilla Glass 7i), aluminum frame, glass-fiber reinforced plastic back",Nano-SIM + Nano-SIM + eSIM (max 2 at a time),IP68/IP69K dust tight and water resistant (high pressure water jets; immersible up to 1.5m for 30 min) IP69K (market/region dependent),"AMOLED, 68B colors, 120Hz, 3840Hz PWM, Dolby Vision, HDR10+, 2000 nits (HBM), 3500 nits (peak)","6.83 inches, 114.5 cm 2 (~90.3% screen-to-body ratio)","1280 x 2772 pixels, 19.5:9 ratio (~447 ppi density)",,"Android 16, HyperOS 3",Mediatek Dimensity 9500s (3 nm),Octa-core (1x3.73 GHz Cortex-X925 & 3x3.3 GHz Cortex-X4 & 4x2.4 GHz Cortex-A720),Immortalis-G925 MC12,No,"256GB 12GB RAM, 512GB 12GB RAM",UFS 4.1,"50 MP, f/1.5, 26mm (wide), 1/1.95"", 0.8µm, PDAF, OIS 8 MP, f/2.2, 15mm (ultrawide), 1/4.0"", 1.12µm","LED flash, HDR, panorama","4K@30/60fps, 1080p@30/60/120/240/960fps, gyro-EIS, HDR10+","20 MP, f/2.2, (wide), 1/4""",,1080p@30/60fps,Si/C Li-Ion 8500 mAh or 9000 mAh (market/region dependent),"100W wired, 100W PPS, PD3.0, PPS, 50% in 24 min 27W reverse wired Bypass charging","Corning Gorilla Glass 7i, Mohs level 5",,,,,,POCO
