brand,gsmarena_url,name,Body | Dimensions,Body | Weight,Body | Build,Body | SIM,Body | ,Display | Type,Display | Size,Display | Resolution,Display | Protection,Platform | OS,Platform | Chipset,Platform | CPU,Platform | GPU,Memory | Card slot,Memory | Internal,Memory | ,Main Camera | Dual,Main Camera | Features,Main Camera | Video,Selfie camera | Single,Selfie camera | Features,Selfie camera | Video,Battery | Type,Battery | Charging,Display | ,Main Camera | Triple,Main Camera | Single,Selfie camera | Dual,Battery | Stand-by,Battery | Talk time,Battery | Music play
google,https://www.gsmarena.com/google_pixel_10a_5g-14474.php,Google Pixel 10a,153.9 x 73 x 9 mm (6.06 x 2.87 x 0.35 in),183 g (6.46 oz),"Glass front (Gorilla Glass 7i), aluminum frame, plastic back",Nano-SIM + eSIM,IP68 dust tight and water resistant (immersible up to 1.5m for 30 min),"P-OLED, HDR, 120Hz, 2000 nits (HBM), 3000 nits (peak)","6.3 inches, 94.7 cm 2 (~84.3% screen-to-body ratio)","1080 x 2424 pixels, 20:9 ratio (~422 ppi density)","Corning Gorilla Glass 7i, Mohs level 4","Android 16, up to 7 major Android upgrades",Google Tensor G4 (4 nm),Octa-core (1x3.1 GHz Cortex-X4 & 3x2.6 GHz Cortex-A720 & 4x1.9 GHz Cortex-A520),Mali-G715 MP7,No,"128GB 8GB RAM, 256GB 8GB RAM",UFS 3.1,"48 MP, f/1.7, 25mm (wide), 1/2.0"", 0.8µm, dual pixel PDAF, OIS 13 MP, f/2.2, 120˚ (ultrawide), 1/3.1"", 1.12µm","Dual-LED flash, Pixel Shift, Ultra HDR, panorama, Best Take","4K@30/60fps, 1080p@30/60/120/240fps, gyro-EIS, OIS","13 MP, f/2.2, 20mm (ultrawide), 1/3.1"", 1.12µm","HDR, panorama","4K@30fps, 1080p@30fps",Li-Po 5100 mAh,"30W wired, PD3.0, 50% in 30 min 10W wireless Bypass charging",,,,,,,
google,https://www.gsmarena.com/google_pixel_10_pro_fold-14014.php,Google Pixel 10 Pro Fold,Unfolded: 155.2 x 150.4 x 5.2 mm Folded: 155.2 x 76.3 x 10.8 mm,258 g (9.10 oz),"Glass front (Gorilla Glass Victus 2) (folded), plastic front (unfolded), glass back (Gorilla Glass Victus 2), aluminum frame",Nano-SIM + eSIM,IP68 dust tight and water resistant (immersible up to 1.5m for 30 min),"Foldable LTPO OLED, 120Hz, HDR10+, 1800 nits (HBM), 3000 nits (peak)","8.0 inches, 206.3 cm 2 (~88.4% screen-to-body ratio)","2076 x 2152 pixels, 1:1 ratio (~374 ppi density)",Mohs level 5,"Android 16, up to 7 major Android upgrades",Google Tensor G5 (3 nm),Octa-core (1x3.78 GHz Cortex-X4 & 5x3.05 GHz Cortex-A725 & 2x2.25 GHz Cortex-A520),PowerVR DXT-48-1536,No,"256GB 16GB RAM, 512GB 16GB RAM, 1TB 16GB RAM",,,"Multi-zone Laser AF, LED flash, Pixel Shift, Ultra-HDR, panorama, Best Take, Zoom Enhance","4K@24/30/60fps, 1080p@24/30/60/120/240fps, 10-bit HDR, gyro-EIS, OIS","10 MP, f/2.2, 23mm (wide), 1/3.94"", PDAF Cover camera: 10 MP, f/2.2, 23mm (wide), 1/3.94"", PDAF","HDR, panorama","4K@30/60fps, 1080p@30/60fps",5015 mAh,"30W wired, PPS, 50% in 30 min 15W wireless (magnetic), Qi2 Bypass charging","Cover display: OLED, 120Hz, HDR, Corning Gorilla Glass Victus 2 6.4 inches, 1080 x 2364 pixels 2000 nits (HBM), 3000 nits (peak)","48 MP, f/1.7, 25mm (wide), 1/2.0"", 0.8µm, dual pixel PDAF, OIS 10.8 MP, f/3.1, 112mm (telephoto), 1/3.2"", dual pixel PDAF, OIS, 5x optical zoom 10.5 MP, f/2.2, 127˚ (ultrawide), 1/3.4"", PDAF",,,,,
google,https://www.gsmarena.com/google_pixel_10_pro_xl_5g-13988.php,Google Pixel 10 Pro XL,162.8 x 76.6 x 8.5 mm (6.41 x 3.02 x 0.33 in),232 g (8.18 oz),"Glass front (Gorilla Glass Victus 2), glass back (Gorilla Glass Victus 2), aluminum frame","· Nano-SIM + eSIM · eSIM + eSIM (8 or more, max 2 at a time; USA)",IP68 dust tight and water resistant (immersible up to 1.5m for 30 min),"LTPO OLED, 120Hz, HDR10+, 2200 nits (HBM), 3300 nits (peak)","6.8 inches, 109.7 cm 2 (~88.0% screen-to-body ratio)","1344 x 2992 pixels, 20:9 ratio (~486 ppi density)","Corning Gorilla Glass Victus 2, Mohs level 4","Android 16, up to 7 major Android upgrades",Google Tensor G5 (3 nm),Octa-core (1x3.78 GHz Cortex-X4 & 5x3.05 GHz Cortex-A725 & 2x2.25 GHz Cortex-A520),PowerVR DXT-48-1536,No,"256GB 16GB RAM, 512GB 16GB RAM, 1TB 16GB RAM",UFS 4.0,,"Multi-zone Laser AF, LED flash, Pixel Shift, Ultra-HDR, panorama, Best Take, Zoom Enhance","8K@30fps (via cloud-based upscaling), 4K@24/30/60fps, 1080p@24/30/60/120/240fps; gyro-EIS, OIS, 10-bit HDR","42 MP, f/2.2, 17mm (ultrawide), PDAF","HDR, panorama","4K@30/60fps, 1080p@30/60fps",Li-Ion 5200 mAh,"45W wired, PD3.0, PPS, 70% in 30 min 25W wireless (magnetic), Qi2 Reverse wired Bypass charging",,"50 MP, f/1.7, 25mm (wide), 1/1.31"", 1.2µm, dual pixel PDAF, OIS 48 MP, f/2.8, 113mm (periscope telephoto), 1/2.55"", dual pixel PDAF, OIS, 5x optical zoom 48 MP, f/1.7, 123˚ (ultrawide), 1/2.55"", dual pixel PDAF,",,,,,
google,https://www.gsmarena.com/google_pixel_10_pro_5g-13987.php,Google Pixel 10 Pro,152.8 x 72 x 8.5 mm (6.02 x 2.83 x 0.33 in),207 g (7.30 oz),"Glass front (Gorilla Glass Victus 2), glass back (Gorilla Glass Victus 2), aluminum frame","· Nano-SIM + eSIM · eSIM + eSIM (8 or more, max 2 at a time; USA)",IP68 dust tight and water resistant (immersible up to 1.5m for 30 min),"LTPO OLED, 120Hz, HDR10+, 2200 nits (HBM), 3300 nits (peak)","6.3 inches, 96.3 cm 2 (~87.6% screen-to-body ratio)","1280 x 2856 pixels, 20:9 ratio (~495 ppi density)","Corning Gorilla Glass Victus 2, Mohs level 4","Android 16, up to 7 major Android upgrades",Google Tensor G5 (3 nm),Octa-core (1x3.78 GHz Cortex-X4 & 5x3.05 GHz Cortex-A725 & 2x2.25 GHz Cortex-A520),PowerVR DXT-48-1536,No,"128GB 16GB RAM, 256GB 16GB RAM, 512GB 16GB RAM, 1TB 16GB RAM",UFS 3.1 - 128GB only UFS 4.0,,"Multi-zone Laser AF, LED flash, Pixel Shift, Ultra-HDR, panorama, Best Take, Zoom Enhance","8K@30fps (via cloud-based upscaling), 4K@24/30/60fps, 1080p@24/30/60/120/240fps; gyro-EIS, OIS, 10-bit HDR","42 MP, f/2.2, 17mm (ultrawide), PDAF","HDR, panorama","4K@30/60fps, 1080p@30/60fps",Li-Ion 4870 mAh,"30W wired, PD3.0, PPS, 55% in 30 min 15W wireless (magnetic), Qi2 Reverse wired Bypass charging",,"50 MP, f/1.7, 25mm (wide), 1/1.31"", 1.2µm, dual pixel PDAF, OIS 48 MP, f/2.8, 113mm (periscope telephoto), 1/2.55"", dual pixel PDAF, OIS, 5x optical zoom 48 MP, f/1.7, 123˚ (ultrawide), 1/2.55"", dual pixel PDAF",,,,,
google,https://www.gsmarena.com/google_pixel_10_5g-13979.php,Google Pixel 10,152.8 x 72 x 8.6 mm (6.02 x 2.83 x 0.34 in),204 g (7.20 oz),"Glass front (Gorilla Glass Victus 2), glass back (Gorilla Glass Victus 2), aluminum frame","· Nano-SIM + eSIM · eSIM + eSIM (8 or more, max 2 at a time; USA)",IP68 dust tight and water resistant (immersible up to 1.5m for 30 min),"OLED, 120Hz, HDR10+, 2000 nits (HBM), 3000 nits (peak)","6.3 inches, 94.7 cm 2 (~86.1% screen-to-body ratio)","1080 x 2424 pixels, 20:9 ratio (~422 ppi density)","Corning Gorilla Glass Victus 2, Mohs level 4","Android 16, up to 7 major Android upgrades",Google Tensor G5 (3 nm),Octa-core (1x3.78 GHz Cortex-X4 & 5x3.05 GHz Cortex-A725 & 2x2.25 GHz Cortex-A520),PowerVR DXT-48-1536,No,"128GB 12GB RAM, 256GB 12GB RAM",UFS 3.1 - 128GB UFS 4.0 - 256GB,,"Single-zone Laser AF, LED flash, Pixel Shift, Ultra-HDR, panorama, Best Take","4K@24/30/60fps, 1080p@24/30/60/120/240fps; gyro-EIS, OIS, 10-bit HDR","10.5 MP, f/2.2, 95˚, 20mm (ultrawide), 1/3.1"", 1.22µm, PDAF","HDR, panorama","4K@30/60fps, 1080p@30/60fps",Li-Ion 4970 mAh,"30W wired, PD3.0, PPS, 55% in 30 minutes 15W wireless (magnetic), Qi2 Reverse wired Bypass charging",,"48 MP, f/1.7, 25mm (wide), 1/2.0"", 0.8µm, dual pixel PDAF, OIS 10.8 MP, f/3.1, 112mm (telephoto), 1/3.2"", dual pixel PDAF, OIS, 5x optical zoom 13 MP, f/2.2, 120˚ (ultrawide), 1/3.1"", PDAF",,,,,
google,https://www.gsmarena.com/google_pixel_watch_4-14088.php,Google Pixel Watch 4,45 x 45 x 12.3 mm (1.77 x 1.77 x 0.48 in),31 g or 37 g (1.09 oz),"Glass front (Gorilla Glass 5), aluminum frame",eSIM,IP68 dust tight and water resistant (immersible up to 50m/5ATM) ECG certified,"LTPO AMOLED, 3000 nits (peak)",1.4 inches,456 x 456 pixels (~320 ppi density),Corning Gorilla Glass 5,Android Wear OS 6,Qualcomm Snapdragon W5 Gen 2 (4 nm),Quad-core (4x1.7 GHz Cortex-A53),Adreno A702,No,32GB 2GB RAM,eMMC,,,,,,,Li-Ion 455 mAh,"Wired, 50% in 15 min, 80% in 30 min, 100% in 60 min - 45mm model Wired, 50% in 15 min, 80% in 25 min, 100% in 45 min - 41mm model",,,,,,,
google,https://www.gsmarena.com/google_pixel_9a-13478.php,Google Pixel 9a,154.7 x 73.3 x 8.9 mm (6.09 x 2.89 x 0.35 in),186 g (6.56 oz),"Glass front (Gorilla Glass 3), aluminum frame, plastic back",Nano-SIM + eSIM,IP68 dust tight and water resistant (immersible up to 1.5m for 30 min),"P-OLED, HDR, 120Hz, 1800 nits (HBM), 2700 nits (peak)","6.3 inches, 94.7 cm 2 (~83.5% screen-to-body ratio)","1080 x 2424 pixels, 20:9 ratio (~422 ppi density)","Corning Gorilla Glass 3, Mohs level 4","Android 15, upgradable to Android 16, up to 7 major Android upgrades",Google Tensor G4 (4 nm),Octa-core (1x3.1 GHz Cortex-X4 & 3x2.6 GHz Cortex-A720 & 4x1.9 GHz Cortex-A520),Mali-G715 MP7,No,"128GB 8GB RAM, 256GB 8GB RAM",UFS 3.1,"48 MP, f/1.7, 25mm (wide), 1/2.0"", 0.8µm, dual pixel PDAF, OIS 13 MP, f/2.2, 120˚ (ultrawide), 1/3.1"", 1.12µm","Dual-LED flash, Pixel Shift, Ultra HDR, panorama, Best Take","4K@30/60fps, 1080p@30/60/120/240fps, gyro-EIS, OIS","13 MP, f/2.2, 20mm (ultrawide), 1/3.1"", 1.12µm","HDR, panorama","4K@30fps, 1080p@30fps",Li-Po 5100 mAh,"23W wired, PD3.0 7.5W wireless Bypass charging",,,,,,,
google,https://www.gsmarena.com/google_pixel_9_pro_xl-13217.php,Google Pixel 9 Pro XL,162.8 x 76.6 x 8.5 mm (6.41 x 3.02 x 0.33 in),221 g (7.80 oz),"Glass front (Gorilla Glass Victus 2), glass back (Gorilla Glass Victus 2), aluminum frame",Nano-SIM + eSIM,IP68 dust tight and water resistant (immersible up to 1.5m for 30 min),"LTPO OLED, 120Hz, HDR10+, 2000 nits (HBM), 3000 nits (peak)","6.8 inches, 109.7 cm 2 (~88.0% screen-to-body ratio)","1344 x 2992 pixels, 20:9 ratio (~486 ppi density)","Corning Gorilla Glass Victus 2, Mohs level 4","Android 14, upgradable to Android 16, up to 7 major Android upgrades",Google Tensor G4 (4 nm),Octa-core (1x3.1 GHz Cortex-X4 & 3x2.6 GHz Cortex-A720 & 4x1.92 GHz Cortex-A520),Mali-G715 MC7,No,"128GB 16GB RAM, 256GB 16GB RAM, 512GB 16GB RAM, 1TB 16GB RAM",UFS 3.1,,"Multi-zone Laser AF, LED flash, Pixel Shift, Ultra-HDR, panorama, Best Take, Zoom Enhance","8K@30fps (via cloud-based upscaling), 4K@24/30/60fps, 1080p@24/30/60/120/240fps; gyro-EIS, OIS, 10-bit HDR","42 MP, f/2.2, 17mm (ultrawide), PDAF","HDR, panorama","4K@30/60fps, 1080p@30/60fps",Li-Ion 5060 mAh,"37W wired, PD3.0, PPS, 70% in 30 min 23W wireless (w/ Pixel Stand) 12W wireless (w/ Qi compatible charger) Reverse wireless Bypass charging",,"50 MP, f/1.7, 25mm (wide), 1/1.31"", 1.2µm, dual pixel PDAF, OIS 48 MP, f/2.8, 113mm (periscope telephoto), 1/2.55"", dual pixel PDAF, OIS, 5x optical zoom 48 MP, f/1.7, 123˚ (ultrawide), 1/2.55"", dual pixel PDAF,",,,,,
google,https://www.gsmarena.com/google_pixel_9_pro-13218.php,Google Pixel 9 Pro,152.8 x 72 x 8.5 mm (6.02 x 2.83 x 0.33 in),199 g (7.02 oz),"Glass front (Gorilla Glass Victus 2), glass back (Gorilla Glass Victus 2), aluminum frame",Nano-SIM + eSIM,IP68 dust tight and water resistant (immersible up to 1.5m for 30 min),"LTPO OLED, 120Hz, HDR10+, 2000 nits (HBM), 3000 nits (peak)","6.3 inches, 96.3 cm 2 (~87.6% screen-to-body ratio)","1280 x 2856 pixels, 20:9 ratio (~495 ppi density)","Corning Gorilla Glass Victus 2, Mohs level 4","Android 14, upgradable to Android 16, up to 7 major Android upgrades",Google Tensor G4 (4 nm),Octa-core (1x3.1 GHz Cortex-X4 & 3x2.6 GHz Cortex-A720 & 4x1.92 GHz Cortex-A520),Mali-G715 MC7,No,"128GB 16GB RAM, 256GB 16GB RAM, 512GB 16GB RAM, 1TB 16GB RAM",UFS 3.1,,"Multi-zone Laser AF, LED flash, Pixel Shift, Ultra-HDR, panorama, Best Take, Zoom Enhance","8K@30fps (via cloud-based upscaling), 4K@24/30/60fps, 1080p@24/30/60/120/240fps; gyro-EIS, OIS, 10-bit HDR","42 MP, f/2.2, 17mm (ultrawide), PDAF","HDR, panorama","4K@30/60fps, 1080p@30/60fps",Li-Ion 4700 mAh,"27W wired, PD3.0, PPS, 55% in 30 min 21W wireless (w/ Pixel Stand) 12W wireless (w/ Qi compatible charger) Reverse wireless Bypass charging",,"50 MP, f/1.7, 25mm (wide), 1/1.31"", 1.2µm, dual pixel PDAF, OIS 48 MP, f/2.8, 113mm (periscope telephoto), 1/2.55"", dual pixel PDAF, OIS, 5x optical zoom 48 MP, f/1.7, 123˚ (ultrawide), 1/2.55"", dual pixel PDAF",,,,,
google,https://www.gsmarena.com/google_pixel_9-13219.php,Google Pixel 9,152.8 x 72 x 8.5 mm (6.02 x 2.83 x 0.33 in),198 g (6.98 oz),"Glass front (Gorilla Glass Victus 2), glass back (Gorilla Glass Victus 2), aluminum frame",Nano-SIM + eSIM,IP68 dust tight and water resistant (immersible up to 1.5m for 30 min),"OLED, 120Hz, HDR10+, 1800 nits (HBM), 2700 nits (peak)","6.3 inches, 94.7 cm 2 (~86.1% screen-to-body ratio)","1080 x 2424 pixels, 20:9 ratio (~422 ppi density)","Corning Gorilla Glass Victus 2, Mohs level 4","Android 14, upgradable to Android 16, up to 7 major Android upgrades",Google Tensor G4 (4 nm),Octa-core (1x3.1 GHz Cortex-X4 & 3x2.6 GHz Cortex-A720 & 4x1.92 GHz Cortex-A520),Mali-G715 MC7,No,"128GB 12GB RAM, 256GB 12GB RAM",UFS 3.1,"50 MP, f/1.7, 25mm (wide), 1/1.31"", 1.2µm, dual pixel PDAF, OIS 48 MP, f/1.7, 123˚ (ultrawide), 1/2.55"", dual pixel PDAF","Single-zone Laser AF, LED flash, Pixel Shift, Ultra-HDR, panorama, Best Take","4K@24/30/60fps, 1080p@24/30/60/120/240fps; gyro-EIS, OIS, 10-bit HDR","10.5 MP, f/2.2, 20mm (ultrawide), 1/3.1"", 1.22µm, PDAF","HDR, panorama","4K@30/60fps, 1080p@30/60fps",Li-Ion 4700 mAh,"27W wired, PD3.0, PPS, 55% in 30 min 15W wireless (w/ Pixel Stand) 12W wireless (w/ Qi compatible charger) Reverse wireless Bypass charging",,,,,,,
google,https://www.gsmarena.com/google_pixel_9_pro_fold-13220.php,Google Pixel 9 Pro Fold,Unfolded: 155.2 x 150.2 x 5.1 mm Folded: 155.2 x 77.1 x 10.5 mm,257 g (9.07 oz),"Glass front (Gorilla Glass Victus 2) (folded), plastic front (unfolded), glass back (Gorilla Glass Victus 2), aluminum frame",Nano-SIM + eSIM,IPX8 water resistant,"Foldable LTPO OLED, 120Hz, HDR10+, 1600 nits (HBM), 2700 nits (peak)","8.0 inches, 207.4 cm 2 (~89.0% screen-to-body ratio)","2076 x 2152 pixels, 1:1 ratio (~373 ppi density)",,"Android 14, upgradable to Android 16, up to 7 major Android upgrades",Google Tensor G4 (4 nm),Octa-core (1x3.1 GHz Cortex-X4 & 3x2.6 GHz Cortex-A720 & 4x1.92 GHz Cortex-A520),Mali-G715 MC7,No,"256GB 16GB RAM, 512GB 16GB RAM",UFS 3.1,,"Multi-zone Laser AF, LED flash, Pixel Shift, Ultra-HDR, panorama, Best Take, Zoom Enhance","4K@24/30/60fps, 1080p@24/30/60/120/240fps, 10-bit HDR, gyro-EIS, OIS","10 MP, f/2.2, 23mm (wide), 1/3.94"", PDAF Cover camera: 10 MP, f/2.2, 23mm (wide), 1/3.94"", PDAF","HDR, panorama","4K@30/60fps, 1080p@30/60fps",4650 mAh,21W wired 7.5W wireless Bypass charging,"Cover display: OLED, 120Hz, HDR, Corning Gorilla Glass Victus 2 6.3 inches, 1080 x 2424 pixels, 20:9 ratio, 422 ppi 1800 nits (HBM), 2700 nits (peak)","48 MP, f/1.7, 25mm (wide), 1/2.0"", 0.8µm, dual pixel PDAF, OIS 10.8 MP, f/3.1, 112mm (telephoto), 1/3.2"", dual pixel PDAF, OIS, 5x optical zoom 10.5 MP, f/2.2, 127˚ (ultrawide), 1/3.4"", PDAF",,,,,
google,https://www.gsmarena.com/google_pixel_watch_3-13253.php,Google Pixel Watch 3,45 x 45 x 12.3 mm (1.77 x 1.77 x 0.48 in),37 g (1.31 oz),"Glass front (Gorilla Glass 5), aluminum frame",eSIM,IP68 dust tight and water resistant (immersible up to 50m/5ATM) ECG certified,"LTPO AMOLED, 2000 nits (peak)",1.4 inches,456 x 456 pixels (~320 ppi density),Corning Gorilla Glass 5,"Android Wear OS 5, up to 3 major Android upgrades",Qualcomm SW5100,,,No,32GB 2GB RAM,eMMC,,,,,,,Li-Ion 420 mAh,"Wired, 50% in 28 min, 80% in 50 min - 45mm model Wired, 50% in 24 min, 80% in 35 min - 41mm model",,,,,,,
google,https://www.gsmarena.com/google_pixel_8a-12937.php,Google Pixel 8a,152.1 x 72.7 x 8.9 mm (5.99 x 2.86 x 0.35 in),188 g (6.63 oz),"Glass front (Gorilla Glass 3), aluminum frame, plastic back",Nano-SIM + eSIM,IP67 dust/water resistant (up to 1m for 30 min),"OLED, HDR, 120Hz, 2000 nits (peak)","6.1 inches, 90.3 cm 2 (~81.6% screen-to-body ratio)","1080 x 2400 pixels, 20:9 ratio (~430 ppi density)","Corning Gorilla Glass 3, Mohs level 5","Android 14, upgradable to Android 16, up to 7 major Android upgrades",Google Tensor G3 (4 nm),Nona-core (1x3.0 GHz Cortex-X3 & 4x2.45 GHz Cortex-A715 & 4x2.15 GHz Cortex-A510),Immortalis-G715s MC10,No,"128GB 8GB RAM, 256GB 8GB RAM",UFS 3.1,"64 MP (16 MP eff.), f/1.9, 26mm (wide), 1/1.73"", 0.8µm, dual pixel PDAF, OIS 13 MP, f/2.2, 120˚ (ultrawide), 1.12µm","Dual-LED flash, Pixel Shift, Ultra HDR, panorama, Best Take","4K@30/60fps, 1080p@30/60/120/240fps, OIS","13 MP, f/2.2, 20mm (ultrawide), 1.12µm","HDR, panorama","4K@30fps, 1080p@30/60fps",Li-Po 4492 mAh,"18W wired, PD3.0 7.5W wireless Bypass charging",,,,,,,
google,https://www.gsmarena.com/google_pixel_8_pro-12545.php,Google Pixel 8 Pro,162.6 x 76.5 x 8.8 mm (6.40 x 3.01 x 0.35 in),213 g (7.51 oz),"Glass front (Gorilla Glass Victus 2), glass back (Gorilla Glass Victus 2), aluminum frame",Nano-SIM + eSIM,IP68 dust tight and water resistant (immersible up to 1.5m for 30 min),"LTPO OLED, 120Hz, HDR10+, 1600 nits (HBM), 2400 nits (peak)","6.7 inches, 108.7 cm 2 (~87.4% screen-to-body ratio)","1344 x 2992 pixels, 20:9 ratio (~489 ppi density)",Corning Gorilla Glass Victus 2,"Android 14, upgradable to Android 16, up to 7 major Android upgrades",Google Tensor G3 (4 nm),Nona-core (1x3.0 GHz Cortex-X3 & 4x2.45 GHz Cortex-A715 & 4x2.15 GHz Cortex-A510),Immortalis-G715s MC10,No,"128GB 12GB RAM, 256GB 12GB RAM, 512GB 12GB RAM, 1TB 12GB RAM",UFS 3.1,,"Multi-zone Laser AF, Dual-LED flash, Pixel Shift, Ultra-HDR, panorama, Best Take, Zoom Enhance","4K@30/60fps, 1080p@24/30/60/120/240fps; gyro-EIS, OIS, 10-bit HDR","10.5 MP, f/2.2, 20mm (ultrawide), 1/3.1"", 1.22µm, PDAF","HDR, panorama","4K@24/30/60fps, 1080p@30/60fps",Li-Ion 5050 mAh,"30W wired, PD3.0, PPS, 50% in 30 min 23W wireless Reverse wireless Bypass charging",,"50 MP, f/1.7, 25mm (wide), 1/1.31"", 1.2µm, dual pixel PDAF, OIS 48 MP, f/2.8, 113mm (periscope telephoto), 1/2.55"", 0.7µm, dual pixel PDAF, OIS, 5x optical zoom 48 MP, f/2.0, 126˚ (ultrawide), 1/2.0"", 0.8µm, dual pixel PDAF",,,,,
google,https://www.gsmarena.com/google_pixel_8-12546.php,Google Pixel 8,150.5 x 70.8 x 8.9 mm (5.93 x 2.79 x 0.35 in),187 g (6.60 oz),"Glass front (Gorilla Glass Victus), glass back (Gorilla Glass Victus), aluminum frame",Nano-SIM + eSIM,IP68 dust tight and water resistant (immersible up to 1.5m for 30 min),"OLED, 120Hz, HDR10+, 1400 nits (HBM), 2000 nits (peak)","6.2 inches, 91.1 cm 2 (~85.5% screen-to-body ratio)","1080 x 2400 pixels, 20:9 ratio (~428 ppi density)",Corning Gorilla Glass Victus,"Android 14, upgradable to Android 16, up to 7 major Android upgrades",Google Tensor G3 (4 nm),Nona-core (1x3.0 GHz Cortex-X3 & 4x2.45 GHz Cortex-A715 & 4x2.15 GHz Cortex-A510),Immortalis-G715s MC10,No,"128GB 8GB RAM, 256GB 8GB RAM",UFS 3.1,"50 MP (12 MP eff.), f/1.7, 25mm (wide), 1/1.31"", 1.2µm, dual pixel PDAF, OIS 12 MP, f/2.2, 126˚ (ultrawide), 1/2.9"", 1.25µm, AF","Laser AF, Dual-LED flash, Pixel Shift, Ultra HDR, panorama, Best Take","4K@24/30/60fps, 1080p@30/60/120/240fps; gyro-EIS, OIS, 10-bit HDR","10.5 MP, f/2.2, 20mm (ultrawide), 1/3.1"", 1.22µm","HDR, panorama","4K@24/30/60fps, 1080p@30/60fps",Li-Ion 4575 mAh,"27W wired, PD3.0, PPS, 50% in 30 min 18W wireless Reverse wireless Bypass charging",,,,,,,
google,https://www.gsmarena.com/google_pixel_watch_2-12547.php,Google Pixel Watch 2,41 x 41 x 12.3 mm (1.61 x 1.61 x 0.48 in),31 g (1.09 oz),"Glass front (Gorilla Glass 5), aluminum frame",eSIM,IP68 dust tight and water resistant (immersible up to 50m/5ATM) ECG certified,"AMOLED, 1000 nits (peak)",1.2 inches,450 x 450 pixels (~320 ppi density),Corning Gorilla Glass 5,Android Wear OS 4,Qualcomm 5100,,,No,32GB 2GB RAM,eMMC,,,,,,,Li-Ion 306 mAh,"Wired, 80% in 45 min",,,,,,,
google,https://www.gsmarena.com/google_pixel_fold-12265.php,Google Pixel Fold,Unfolded: 139.7 x 158.7 x 5.8 mm Folded: 139.7 x 79.5 x 12.1 mm,283 g (9.98 oz),"Glass front (Gorilla Glass Victus) (folded), plastic front (unfolded), glass back (Gorilla Glass Victus), aluminum frame",Nano-SIM + eSIM,IPX8 water resistant,"Foldable OLED, 120Hz, HDR10+, 1000 nits (HBM), 1450 nits (peak)","7.6 inches, 183.3 cm 2 (~82.7% screen-to-body ratio)",1840 x 2208 pixels (~378 ppi density),,"Android 13, upgradable to Android 15, up to 5 major Android upgrades",Google Tensor G2 (5 nm),Octa-core (2x2.85 GHz Cortex-X1 & 2x2.35 GHz Cortex-A78 & 4x1.80 GHz Cortex-A55),Mali-G710 MP7,No,"256GB 12GB RAM, 512GB 12GB RAM",UFS 3.1,,"Laser AF, Dual-LED flash, HDR, panorama","4K@30/60fps, 1080p@30/60/120/240fps, 10-bit HDR","8 MP, f/2.0, 24mm (wide), 1/4.0"", 1.12µm Cover camera: 9.5 MP, f/2.2, 24mm (wide), 1.22µm, dual pixel PDAF","HDR, panorama","4K@30/60fps, 1080p@30/60fps",Li-Po 4821 mAh,"Wired, PD3.0 Wireless","Cover display: OLED, 120Hz, HDR, Corning Gorilla Glass Victus 5.8 inches, 1080 x 2092 pixels, 17.4:9 ratio, 408 ppi 1200 nits (HBM), 1550 nits (peak)","48 MP, f/1.7, 25mm (wide), 1/2.0"", 0.8µm, dual pixel PDAF, OIS 10.8 MP, f/3.1, 112mm (telephoto), 1/3.1"", 1.22µm, dual pixel PDAF, OIS, 5x optical zoom 10.8 MP, f/2.2, 121˚, (ultrawide), 1/3.0"", 1.25µm",,,,,
google,https://www.gsmarena.com/google_pixel_tablet-11905.php,Google Pixel Tablet,258 x 169 x 8.1 mm (10.16 x 6.65 x 0.32 in),493 g (1.09 lb),"Glass front, aluminum frame, aluminum back",No,Stylus support,IPS LCD,"10.95 inches, 347.7 cm 2 (~79.7% screen-to-body ratio)","1600 x 2560 pixels, 16:10 ratio (~276 ppi density)",,"Android 13, upgradable to Android 15",Google Tensor G2 (5 nm),Octa-core (2x2.85 GHz Cortex-X1 & 2x2.35 GHz Cortex-A78 & 4x1.80 GHz Cortex-A55),Mali-G710 MP7,No,"128GB 8GB RAM, 256GB 8GB RAM",UFS 3.1,,"HDR, panorama",1080p@30fps,"8 MP, f/2.0, 24mm (wide), 1/4.0"", 1.12µm","HDR, panorama",1080p@30fps,Li-Po 7020 mAh (27 Wh),15W wired,,,"8 MP, f/2.0, 24mm (wide), 1/4.0"", 1.12µm",,,,
google,https://www.gsmarena.com/google_pixel_7a-12170.php,Google Pixel 7a,152 x 72.9 x 9 mm (5.98 x 2.87 x 0.35 in),193.5 g (6.84 oz),"Glass front (Gorilla Glass 3), aluminum frame, plastic back",Nano-SIM + eSIM,IP67 dust/water resistant (up to 1m for 30 min),"OLED, HDR, 90Hz","6.1 inches, 90.7 cm 2 (~81.8% screen-to-body ratio)","1080 x 2400 pixels, 20:9 ratio (~429 ppi density)",Corning Gorilla Glass 3,"Android 13, upgradable to Android 16, up to 5 major Android upgrades",Google Tensor G2 (5 nm),Octa-core (2x2.85 GHz Cortex-X1 & 2x2.35 GHz Cortex-A78 & 4x1.80 GHz Cortex-A55),Mali-G710 MP7,No,128GB 8GB RAM,UFS 3.1,"64 MP, f/1.9, 26mm (wide), 1/1.73"", 0.8µm, dual pixel PDAF, OIS 13 MP, f/2.2, 120˚ (ultrawide), 1.12µm","Dual-LED flash, Pixel Shift, Auto-HDR, panorama","4K@30/60fps, 1080p@30/60/120/240fps, OIS","13 MP, f/2.2, 20mm (ultrawide), 1.12µm","HDR, panorama","4K@30fps, 1080p@30fps",Li-Po 4385 mAh,"18W wired, PD3.0 7.5W wireless",,,,,,,
google,https://www.gsmarena.com/google_pixel_7_pro-11908.php,Google Pixel 7 Pro,162.9 x 76.6 x 8.9 mm (6.41 x 3.02 x 0.35 in),212 g (7.48 oz),"Glass front (Gorilla Glass Victus), glass back (Gorilla Glass Victus), aluminum frame",Nano-SIM + eSIM,IP68 dust tight and water resistant (immersible up to 1.5m for 30 min),"LTPO AMOLED, 120Hz, HDR10+, 1000 nits (HBM), 1500 nits (peak)","6.7 inches, 110.6 cm 2 (~88.7% screen-to-body ratio)","1440 x 3120 pixels, 19.5:9 ratio (~512 ppi density)",Corning Gorilla Glass Victus,"Android 13, upgradable to Android 16, up to 5 major Android upgrades",Google Tensor G2 (5 nm),Octa-core (2x2.85 GHz Cortex-X1 & 2x2.35 GHz Cortex-A78 & 4x1.80 GHz Cortex-A55),Mali-G710 MP7,No,"128GB 8GB RAM, 256GB 8GB RAM, 128GB 12GB RAM, 256GB 12GB RAM, 512GB 12GB RAM",UFS 3.1,,"Laser AF, Dual-LED flash, Pixel Shift, Auto-HDR, panorama","4K@30/60fps, 1080p@30/60/120/240fps; gyro-EIS, OIS, 10-bit HDR","10.8 MP, f/2.2, 21mm (ultrawide), 1/3.1"", 1.22µm","HDR, panorama","4K@30/60fps, 1080p@30/60fps",Li-Ion 5000 mAh,"23W wired, PD3.0, 50% in 30 min 23W wireless Reverse wireless",,"50 MP, f/1.9, 25mm (wide), 1/1.31"", 1.2µm, dual pixel PDAF, OIS 48 MP, f/3.5, 120mm (periscope telephoto), 1/2.55"", 0.7µm, dual pixel PDAF, OIS, 5x optical zoom 12 MP, f/2.2, 126˚ (ultrawide), 1/2.9"", 1.25µm, AF",,,,,
google,https://www.gsmarena.com/google_pixel_7-11903.php,Google Pixel 7,155.6 x 73.2 x 8.7 mm (6.13 x 2.88 x 0.34 in),197 g (6.95 oz),"Glass front (Gorilla Glass Victus), glass back (Gorilla Glass Victus), aluminum frame",Nano-SIM + eSIM,IP68 dust tight and water resistant (immersible up to 1.5m for 30 min),"AMOLED, 90Hz, HDR10+, 1000 nits (HBM), 1400 nits (peak)","6.3 inches, 96.7 cm 2 (~84.9% screen-to-body ratio)","1080 x 2400 pixels, 20:9 ratio (~416 ppi density)",Corning Gorilla Glass Victus,"Android 13, upgradable to Android 16, up to 5 major Android upgrades",Google Tensor G2 (5 nm),Octa-core (2x2.85 GHz Cortex-X1 & 2x2.35 GHz Cortex-A78 & 4x1.80 GHz Cortex-A55),Mali-G710 MP7,No,"128GB 8GB RAM, 256GB 8GB RAM",UFS 3.1,"50 MP, f/1.9, 25mm (wide), 1/1.31"", 1.2µm, dual pixel PDAF, OIS 12 MP, f/2.2, 114˚ (ultrawide), 1/2.9"", 1.25µm","Laser AF, Dual-LED flash, Pixel Shift, Auto-HDR, panorama","4K@30/60fps, 1080p@30/60/120/240fps; gyro-EIS, OIS, 10-bit HDR","10.8 MP, f/2.2, 21mm (ultrawide), 1/3.1"", 1.22µm","HDR, panorama","4K@30/60fps, 1080p@30/60fps",Li-Ion 4355 mAh,"20W wired, PD3.0, 50% in 30 min 20W wireless Reverse wireless",,,,,,,
google,https://www.gsmarena.com/google_pixel_watch-11546.php,Google Pixel Watch,41 x 41 x 12.3 mm (1.61 x 1.61 x 0.48 in),36 g (1.27 oz),"Glass front (Gorilla Glass 5), stainless steel frame",eSIM,IP68 dust tight and water resistant (immersible up to 50m/5ATM) ECG certified,"AMOLED, 1000 nits (peak)",1.2 inches,450 x 450 pixels (~320 ppi density),Corning Gorilla Glass 5,Android Wear OS 3.5,Exynos 9110 (10 nm),Dual-core 1.15 GHz Cortex-A53,Mali-T720,No,32GB 2GB RAM,eMMC,,,,,,,Li-Ion 294 mAh,Wireless (Qi),,,,,,,
google,https://www.gsmarena.com/google_pixel_6a-11229.php,Google Pixel 6a,152.2 x 71.8 x 8.9 mm (5.99 x 2.83 x 0.35 in),178 g (6.28 oz),"Glass front (Gorilla Glass 3), aluminum frame, plastic back",Nano-SIM + eSIM,IP67 dust/water resistant (up to 1m for 30 min),"OLED, HDR","6.1 inches, 90.7 cm 2 (~83.0% screen-to-body ratio)","1080 x 2400 pixels, 20:9 ratio (~429 ppi density)",Corning Gorilla Glass 3,"Android 12, upgradable to Android 16, up to 5 major Android upgrades",Google Tensor (5 nm),Octa-core (2x2.80 GHz Cortex-X1 & 2x2.25 GHz Cortex-A76 & 4x1.80 GHz Cortex-A55),Mali-G78 MP20,No,128GB 6GB RAM,UFS 3.1,"12.2 MP, f/1.7, 27mm, (wide), 1/2.55"", 1.4µm, dual pixel PDAF, OIS 12 MP, f/2.2, 17mm, 114˚ (ultrawide), 1.25µm","Dual-LED flash, Pixel Shift, Auto-HDR, panorama","4K@30/60fps, 1080p@30/60/120/240fps; gyro-EIS, OIS","8 MP, f/2.0, 24mm (wide), 1.12µm","HDR, panorama",1080p@30fps,Li-Po 4410 mAh,"18W wired, PD3.0",,,,,,,
google,https://www.gsmarena.com/google_pixel_6_pro-10918.php,Google Pixel 6 Pro,163.9 x 75.9 x 8.9 mm (6.45 x 2.99 x 0.35 in),210 g (7.41 oz),"Glass front (Gorilla Glass Victus), glass back (Gorilla Glass Victus), aluminum frame",Nano-SIM + eSIM,IP68 dust tight and water resistant (immersible up to 1.5m for 30 min),"LTPO AMOLED, 120Hz, HDR10+","6.7 inches, 110.6 cm 2 (~88.9% screen-to-body ratio)","1440 x 3120 pixels, 19.5:9 ratio (~512 ppi density)",Corning Gorilla Glass Victus,"Android 12, upgradable to Android 16, up to 5 major Android upgrades",Google Tensor (5 nm),Octa-core (2x2.80 GHz Cortex-X1 & 2x2.25 GHz Cortex-A76 & 4x1.80 GHz Cortex-A55),Mali-G78 MP20,No,"128GB 12GB RAM, 256GB 12GB RAM, 512GB 12GB RAM",UFS 3.1,,"Laser AF, Dual-LED flash, Pixel Shift, Auto-HDR, panorama","4K@30/60fps, 1080p@30/60/120/240fps; gyro-EIS, OIS","11.1 MP, f/2.2, 20mm (ultrawide), 1.22µm","HDR, panorama","4K@30fps, 1080p@30/60fps",Li-Ion 5003 mAh,"23W wired, PD3.0, 50% in 30 min 23W wireless Reverse wireless",,"50 MP, f/1.9, 25mm (wide), 1/1.31"", 1.2µm, dual pixel PDAF, OIS 48 MP, f/3.5, 104mm (periscope telephoto), 1/2.0"", 0.8µm, PDAF, OIS, 4x optical zoom 12 MP, f/2.2, 17mm, 114˚ (ultrawide), 1.25µm",,,,,
google,https://www.gsmarena.com/google_pixel_6-11037.php,Google Pixel 6,158.6 x 74.8 x 8.9 mm (6.24 x 2.94 x 0.35 in),207 g (7.30 oz),"Glass front (Gorilla Glass Victus), glass back (Gorilla Glass 6), aluminum frame",Nano-SIM + eSIM,IP68 dust tight and water resistant (immersible up to 1.5m for 30 min),"AMOLED, 90Hz, HDR10+","6.4 inches, 98.9 cm 2 (~83.4% screen-to-body ratio)","1080 x 2400 pixels, 20:9 ratio (~411 ppi density)",Corning Gorilla Glass Victus,"Android 12, upgradable to Android 16, up to 5 major Android upgrades",Google Tensor (5 nm),Octa-core (2x2.80 GHz Cortex-X1 & 2x2.25 GHz Cortex-A76 & 4x1.80 GHz Cortex-A55),Mali-G78 MP20,No,"128GB 8GB RAM, 256GB 8GB RAM",UFS 3.1,"50 MP, f/1.9, 25mm (wide), 1/1.31"", 1.2µm, dual pixel PDAF, OIS 12 MP, f/2.2, 17mm, 114˚ (ultrawide), 1.25µm","Laser AF, Dual-LED flash, Pixel Shift, Auto-HDR, panorama","4K@30/60fps, 1080p@30/60/120/240fps; gyro-EIS, OIS","8 MP, f/2.0, 24mm (wide), 1.12µm","HDR, panorama",1080p@30fps,Li-Ion 4614 mAh,"Wired (based on 30W charger), PD3.0, 50% in 30 min 21W wireless Reverse wireless",,,,,,,
google,https://www.gsmarena.com/google_pixel_5a_5g-11059.php,Google Pixel 5a 5G,156.2 x 73.2 x 8.8 mm (6.15 x 2.88 x 0.35 in),183 g (6.46 oz),"Glass front (Gorilla Glass 3), aluminum frame, aluminum back",Nano-SIM + eSIM,IP67 dust/water resistant (up to 1m for 30 min),"OLED, HDR","6.34 inches, 97.0 cm 2 (~84.9% screen-to-body ratio)","1080 x 2400 pixels, 20:9 ratio (~415 ppi density)",Corning Gorilla Glass 3,"Android 11, upgradable to Android 14",Qualcomm SM7250 Snapdragon 765G 5G (7 nm),Octa-core (1x2.4 GHz Kryo 475 Prime & 1x2.2 GHz Kryo 475 Gold & 6x1.8 GHz Kryo 475 Silver),Adreno 620,No,128GB 6GB RAM,,"12.2 MP, f/1.7, 27mm, (wide), 1/2.55"", 1.4µm, dual pixel PDAF, OIS 16 MP, f/2.2, 119˚ (ultrawide), 1.0µm","LED flash, Pixel Shift, Auto-HDR, panorama","4K@30/60fps, 1080p@30/60/120/240fps; gyro-EIS","8 MP, f/2.0, 24mm (wide), 1.12µm",HDR,1080p@30fps,Li-Po 4680 mAh,"18W wired, PD2.0",,,,,,,
google,https://www.gsmarena.com/google_pixel_5-10386.php,Google Pixel 5,144.7 x 70.4 x 8 mm (5.70 x 2.77 x 0.31 in),151 g (5.33 oz),"Glass front (Gorilla Glass 6), aluminum back, aluminum frame",Nano-SIM + eSIM,IP68 dust tight and water resistant (immersible up to 1.5m for 30 min),"OLED, 90Hz, HDR10+","6.0 inches, 87.6 cm 2 (~85.9% screen-to-body ratio)","1080 x 2340 pixels, 19.5:9 ratio (~432 ppi density)",Corning Gorilla Glass 6,"Android 11, upgradable to Android 14",Qualcomm SM7250 Snapdragon 765G 5G (7 nm),Octa-core (1x2.4 GHz Kryo 475 Prime & 1x2.2 GHz Kryo 475 Gold & 6x1.8 GHz Kryo 475 Silver),Adreno 620,No,128GB 8GB RAM,UFS 2.1,"12.2 MP, f/1.7, 27mm (wide), 1/2.55"", 1.4µm, dual pixel PDAF, OIS 16 MP, f/2.2, 117˚ (ultrawide), 1.0µm","LED flash, Pixel Shift, Auto-HDR, panorama","4K@30/60fps, 1080p@30/60/120/240fps; gyro-EIS","8 MP, f/2.0, 24mm (wide), 1/4.0"", 1.12µm",HDR,1080p@30fps,Li-Po 4080 mAh,"18W wired, PD2.0 12W wireless 5W reverse wired",,,,,,,
google,https://www.gsmarena.com/google_pixel_4a_5g-10385.php,Google Pixel 4a 5G,153.9 x 74 x 8.2 mm (Sub-6) or 8.5 mm (Sub-6 and mmWave),168 g (5G Sub-6); 171 g ( 5G Sub-6 and mmWave) (5.93 oz),"Glass front (Gorilla Glass 3), plastic back, plastic frame",Nano-SIM + eSIM,,"OLED, HDR","6.2 inches, 95.7 cm 2 (~84.1% screen-to-body ratio)","1080 x 2340 pixels, 19.5:9 ratio (~413 ppi density)",Corning Gorilla Glass 3,"Android 11, upgradable to Android 14",Qualcomm SM7250 Snapdragon 765G 5G (7 nm),Octa-core (1x2.4 GHz Kryo 475 Prime & 1x2.2 GHz Kryo 475 Gold & 6x1.8 GHz Kryo 475 Silver),Adreno 620,No,128GB 6GB RAM,UFS 2.1,"12.2 MP, f/1.7, 27mm (wide), 1/2.55"", 1.4µm, dual pixel PDAF, OIS 16 MP, f/2.2, 107˚ (ultrawide), 1.0µm","LED flash, Pixel Shift, Auto-HDR, panorama","4K@30/60fps, 1080p@30/60/120/240fps; gyro-EIS","8 MP, f/2.0, 24mm (wide), 1/4.0"", 1.12µm",HDR,1080p@30fps,Li-Po 3885 mAh,"18W wired, PD2.0",,,,,,,
google,https://www.gsmarena.com/google_pixel_4a-10123.php,Google Pixel 4a,144 x 69.4 x 8.2 mm (5.67 x 2.73 x 0.32 in),143 g (5.04 oz),"Glass front (Gorilla Glass 3), plastic back, plastic frame",Nano-SIM + eSIM,,"OLED, HDR","5.81 inches, 83.2 cm 2 (~83.3% screen-to-body ratio)","1080 x 2340 pixels, 19.5:9 ratio (~443 ppi density)",Corning Gorilla Glass 3,"Android 10, upgradable to Android 13",Qualcomm SDM730 Snapdragon 730G (8 nm),Octa-core (2x2.2 GHz Kryo 470 Gold & 6x1.8 GHz Kryo 470 Silver),Adreno 618,No,128GB 6GB RAM,UFS 2.1,,"LED flash, Pixel Shift, Auto-HDR, panorama","4K@30fps, 1080p@30/60/120fps; gyro-EIS","8 MP, f/2.0, 24mm (wide), 1.12µm",HDR,1080p@30fps,Li-Po 3140 mAh,"18W wired, PD2.0",,,"12.2 MP, f/1.7, 27mm (wide), 1/2.55"", 1.4µm, dual pixel PDAF, OIS",,,,
google,https://www.gsmarena.com/google_pixel_4_xl-9895.php,Google Pixel 4 XL,160.4 x 75.1 x 8.2 mm (6.31 x 2.96 x 0.32 in),193 g (6.81 oz),"Glass front (Gorilla Glass 5), glass back (Gorilla Glass 5), aluminum frame",Nano-SIM + eSIM,IP68 dust tight and water resistant (immersible up to 1.5m for 30 min),"P-OLED, 90Hz, HDR","6.3 inches, 98.0 cm 2 (~81.3% screen-to-body ratio)","1440 x 3040 pixels, 19:9 ratio (~537 ppi density)",Corning Gorilla Glass 5,"Android 10, upgradable to Android 13",Qualcomm SM8150 Snapdragon 855 (7 nm),Octa-core (1x2.84 GHz Kryo 485 & 3x2.42 GHz Kryo 485 & 4x1.78 GHz Kryo 485),Adreno 640,No,"64GB 6GB RAM, 128GB 6GB RAM",UFS 2.1,"12.2 MP, f/1.7, 27mm (wide), 1/2.55"", 1.4µm, dual pixel PDAF, OIS 16 MP, f/2.4, 50mm (telephoto), 1/3.6"", 1.0µm, PDAF, OIS, 2x optical zoom","Dual-LED flash, Pixel Shift, Auto-HDR, panorama","4K@30fps, 1080p@30/60/120fps, 1080p@30fps (gyro-EIS)","8 MP, f/2.0, 22mm (wide), 1.22µm, no AF TOF 3D, (depth/biometrics sensor)",HDR,1080p@30fps,"Li-Po 3700 mAh, non-removable","18W wired, PD2.0 Wireless",,,,,,,
google,https://www.gsmarena.com/google_pixel_4-9896.php,Google Pixel 4,147.1 x 68.8 x 8.2 mm (5.79 x 2.71 x 0.32 in),162 g (5.71 oz),"Glass front (Gorilla Glass 5), glass back (Gorilla Glass 5), aluminum frame",Nano-SIM + eSIM,IP68 dust tight and water resistant (immersible up to 1.5m for 30 min),"P-OLED, 90Hz, HDR","5.7 inches, 80.7 cm 2 (~79.8% screen-to-body ratio)","1080 x 2280 pixels, 19:9 ratio (~444 ppi density)",Corning Gorilla Glass 5,"Android 10, upgradable to Android 13",Qualcomm SM8150 Snapdragon 855 (7 nm),Octa-core (1x2.84 GHz Kryo 485 & 3x2.42 GHz Kryo 485 & 4x1.78 GHz Kryo 485),Adreno 640,No,"64GB 6GB RAM, 128GB 6GB RAM",UFS 2.1,"12.2 MP, f/1.7, 27mm (wide), 1/2.55"", 1.4µm, dual pixel PDAF, OIS 16 MP, f/2.4, 50mm (telephoto), 1/3.6"", 1.0µm, PDAF, OIS, 2x optical zoom","Dual-LED flash, Pixel Shift, Auto-HDR, panorama","4K@30fps, 1080p@30/60/120fps, 1080p@30fps (gyro-EIS)","8 MP, f/2.0, 22mm (wide), 1.22µm, no AF TOF 3D, (depth/biometrics sensor)",HDR,1080p@30fps,"Li-Po 2800 mAh, non-removable","18W wired, PD2.0 Wireless",,,,,,,
google,https://www.gsmarena.com/google_pixel_3a_xl-9690.php,Google Pixel 3a XL,160.1 x 76.1 x 8.2 mm (6.30 x 3.00 x 0.32 in),167 g (5.89 oz),"Glass front (Asahi Dragontrail), plastic back, plastic frame",Nano-SIM + eSIM,,OLED,"6.0 inches, 92.9 cm 2 (~76.3% screen-to-body ratio)","1080 x 2160 pixels, 18:9 ratio (~402 ppi density)",Asahi Dragontrail Glass,"Android 9.0 (Pie), upgradable to Android 12",Qualcomm SDM670 Snapdragon 670 (10 nm),Octa-core (2x2.0 GHz 360 Gold & 6x1.7 GHz Kryo 360 Silver),Adreno 615,No,64GB 4GB RAM,eMMC 5.1,,"Dual-LED flash, Pixel Shift, HDR, panorama","4K@30fps, 1080p@30/60/120fps","8 MP, f/2.0, 24mm (wide), 1/4.0"", 1.12µm",HDR,1080p@30fps,"Li-Po 3700 mAh, non-removable","18W wired, PD2.0",,,"12.2 MP, f/1.8, 28mm (wide), 1/2.55"", 1.4µm, dual pixel PDAF, OIS",,,,
google,https://www.gsmarena.com/google_pixel_3a-9408.php,Google Pixel 3a,151.3 x 70.1 x 8.2 mm (5.96 x 2.76 x 0.32 in),147 g (5.19 oz),"Glass front (Asahi Dragontrail), plastic back, plastic frame",Nano-SIM + eSIM,,OLED,"5.6 inches, 79.6 cm 2 (~75.0% screen-to-body ratio)","1080 x 2220 pixels, 18.5:9 ratio (~441 ppi density)",Asahi Dragontrail Glass,"Android 9.0 (Pie), upgradable to Android 12",Qualcomm SDM670 Snapdragon 670 (10 nm),Octa-core (2x2.0 GHz 360 Gold & 6x1.7 GHz Kryo 360 Silver),Adreno 615,No,64GB 4GB RAM,eMMC 5.1,,"Dual-LED flash, Pixel Shift, HDR, panorama","4K@30fps, 1080p@30/60/120fps","8 MP, f/2.0, 24mm (wide), 1/4.0"", 1.12µm",HDR,1080p@30fps,"Li-Po 3000 mAh, non-removable","18W wired, PD2.0",,,"12.2 MP, f/1.8, 28mm (wide), 1/2.55"", 1.4µm, dual pixel PDAF, OIS",,,,
google,https://www.gsmarena.com/google_pixel_3_xl-9257.php,Google Pixel 3 XL,158 x 76.7 x 7.9 mm (6.22 x 3.02 x 0.31 in),184 g (6.49 oz),"Glass front (Gorilla Glass 5), glass back (Gorilla Glass 5), aluminum frame",Nano-SIM + eSIM,IP68 dust tight and water resistant (immersible up to 1.5m for 30 min),"P-OLED, HDR","6.3 inches, 100.3 cm 2 (~82.8% screen-to-body ratio)","1440 x 2960 pixels, 18.5:9 ratio (~523 ppi density)",Corning Gorilla Glass 5,"Android 9.0 (Pie), upgradable to Android 12",Qualcomm SDM845 Snapdragon 845 (10 nm),Octa-core (4x2.5 GHz Kryo 385 Gold & 4x1.6 GHz Kryo 385 Silver),Adreno 630,No,"64GB 4GB RAM, 128GB 4GB RAM",UFS 2.1,,"Dual-LED flash, Pixel Shift, Auto-HDR, panorama","4K@30fps, 1080p@30/60/120fps, 1080p@30fps (gyro-EIS)",,HDR,1080p@30fps,"Li-Po 3430 mAh, non-removable","18W wired, PD2.0 Wireless",,,"12.2 MP, f/1.8, 28mm (wide), 1/2.55"", 1.4µm, dual pixel PDAF, OIS","8 MP, f/1.8, 28mm (wide), PDAF 8 MP, f/2.2, 19mm (ultrawide), no AF",,,
google,https://www.gsmarena.com/google_pixel_3-9256.php,Google Pixel 3,145.6 x 68.2 x 7.9 mm (5.73 x 2.69 x 0.31 in),148 g (5.22 oz),"Glass front (Gorilla Glass 5), glass back (Gorilla Glass 5), aluminum frame",Nano-SIM + eSIM,IP68 dust tight and water resistant (immersible up to 1.5m for 30 min),"P-OLED, HDR","5.5 inches, 76.7 cm 2 (~77.2% screen-to-body ratio)","1080 x 2160 pixels, 18:9 ratio (~443 ppi density)",Corning Gorilla Glass 5,"Android 9.0 (Pie), upgradable to Android 12",Qualcomm SDM845 Snapdragon 845 (10 nm),Octa-core (4x2.5 GHz Kryo 385 Gold & 4x1.6 GHz Kryo 385 Silver),Adreno 630,No,"64GB 4GB RAM, 128GB 4GB RAM",UFS 2.1,,"Dual-LED flash, Pixel Shift, Auto-HDR, panorama","4K@30fps, 1080p@30/60/120fps, 1080p@30fps (gyro-EIS)",,HDR,1080p@30fps,"Li-Po 2915 mAh, non-removable","18W wired, PD2.0 Wireless",,,"12.2 MP, f/1.8, 28mm (wide), 1/2.55"", 1.4µm, dual pixel PDAF, OIS","8 MP, f/1.8, 28mm (wide), PDAF 8 MP, f/2.2, 19mm (ultrawide), no AF",,,
google,https://www.gsmarena.com/google_pixel_2-8733.php,Google Pixel 2,145.7 x 69.7 x 7.8 mm (5.74 x 2.74 x 0.31 in),143 g (5.04 oz),"Glass front (Gorilla Glass 5), aluminum/glass back, aluminum frame",Nano-SIM + eSIM,IP67 dust/water resistant (up to 1m for 30 min),AMOLED,"5.0 inches, 68.9 cm 2 (~67.9% screen-to-body ratio)","1080 x 1920 pixels, 16:9 ratio (~441 ppi density)",Corning Gorilla Glass 5,"Android 8.0 (Oreo), upgradable to Android 11",Qualcomm MSM8998 Snapdragon 835 (10 nm),Octa-core (4x2.35 GHz Kryo & 4x1.9 GHz Kryo),Adreno 540,No,"64GB 4GB RAM, 128GB 4GB RAM",UFS 2.1,,"Laser AF, Dual-LED flash, HDR, panorama","4K@30fps (gyro-EIS), 1080p@30/60/120fps (gyro-EIS), 720p@240fps (gyro-EIS)","8 MP, f/2.4, 27mm (wide), 1/3.2"", 1.4µm",HDR,1080p@30fps,"Li-Ion 2700 mAh, non-removable","10.5W wired (capped), PD2.0",,,"12.2 MP, f/1.8, 27mm (wide), 1/2.55"", 1.4µm, dual pixel PDAF, OIS",,,,
google,https://www.gsmarena.com/google_pixel_2_xl-8720.php,Google Pixel 2 XL,157.9 x 76.7 x 7.9 mm (6.22 x 3.02 x 0.31 in),175 g (6.17 oz),"Glass front (Gorilla Glass 5), aluminum/glass back, aluminum frame",Nano-SIM + eSIM,IP67 dust/water resistant (up to 1m for 30 min),P-OLED,"6.0 inches, 92.6 cm 2 (~76.4% screen-to-body ratio)","1440 x 2880 pixels, 18:9 ratio (~538 ppi density)",Corning Gorilla Glass 5,"Android 8.0 (Oreo), upgradable to Android 11",Qualcomm MSM8998 Snapdragon 835 (10 nm),Octa-core (4x2.35 GHz Kryo & 4x1.9 GHz Kryo),Adreno 540,No,"64GB 4GB RAM, 128GB 4GB RAM",UFS 2.1,,"Laser AF, Dual-LED flash, HDR, panorama","4K@30fps (gyro-EIS), 1080p@30/60/120fps (gyro-EIS), 720p@240fps (gyro-EIS)","8 MP, f/2.4, 25mm (wide), 1/3.2"", 1.4µm",HDR,1080p@30fps,"Li-Ion 3520 mAh, non-removable","10.5W wired (capped), PD2.0",,,"12.2 MP, f/1.8, 27mm (wide), 1/2.55"", 1.4µm, dual pixel PDAF, OIS",,,,
google,https://www.gsmarena.com/google_pixel_xl-8345.php,Google Pixel XL,154.7 x 75.7 x 8.5 mm (6.09 x 2.98 x 0.33 in),168 g (5.93 oz),"Glass front (Gorilla Glass 4), aluminum/glass back, aluminum frame",Nano-SIM,Water-repellent coating,AMOLED,"5.5 inches, 83.4 cm 2 (~71.2% screen-to-body ratio)","1440 x 2560 pixels, 16:9 ratio (~534 ppi density)",Corning Gorilla Glass 4,"Android 7.1 (Nougat), upgradable to Android 10",Qualcomm MSM8996 Snapdragon 821 (14 nm),Quad-core (2x2.15 GHz Kryo & 2x1.6 GHz Kryo),Adreno 530,No,"32GB 4GB RAM, 128GB 4GB RAM",UFS 2.0,,"Laser AF, Dual-LED flash, HDR, panorama","4K@30fps, 1080p@60/120fps, 1080p@30fps (gyro-EIS), 720p@240fps","8 MP, f/2.4, 1/3.2"", 1.4µm",,1080p@30fps,"Li-Ion 3450 mAh, non-removable","18W wired, PD",,,"12.3 MP, f/2.0, 1/2.3"", 1.55µm, PDAF",,Up to 552 h (3G),Up to 32 h (3G),Up to 130 h
google,https://www.gsmarena.com/google_pixel-8346.php,Google Pixel,143.8 x 69.5 x 8.5 mm (5.66 x 2.74 x 0.33 in),143 g (5.04 oz),"Glass front (Gorilla Glass 4), aluminum/glass back, aluminum frame",Nano-SIM,Water-repellent coating,AMOLED,"5.0 inches, 68.9 cm 2 (~69.0% screen-to-body ratio)","1080 x 1920 pixels, 16:9 ratio (~441 ppi density)",Corning Gorilla Glass 4,"Android 7.1 (Nougat), upgradable to Android 10",Qualcomm MSM8996 Snapdragon 821 (14 nm),Quad-core (2x2.15 GHz Kryo & 2x1.6 GHz Kryo),Adreno 530,No,"32GB 4GB RAM, 128GB 4GB RAM",UFS 2.0,,"Laser AF, Dual-LED flash, HDR, panorama","4K@30fps, 1080p@60/120fps, 1080p@30fps (gyro-EIS), 720p@240fps","8 MP, f/2.4, 1/3.2"", 1.4µm",,1080p@30fps,"Li-Ion 2770 mAh, non-removable","18W wired, PD",,,"12.3 MP, f/2.0, 1/2.3"", 1.55µm, PDAF",,Up to 456 h (3G),Up to 26 h (3G),Up to 110 h
google,https://www.gsmarena.com/google_pixel_c-7826.php,Google Pixel C,242 x 179 x 7 mm (9.53 x 7.05 x 0.28 in),517 g (1.14 lb),,No,,IPS LCD,"10.2 inches, 313.8 cm 2 (~72.4% screen-to-body ratio)",2560 x 1800 pixels (~308 ppi density),,"Android 6.0.1 (Marshmallow), upgradable to Android 8.0 (Oreo)",Nvidia Tegra X1,Quad-core 1.9 GHz,Nvidia Maxwell,No,"32GB 3GB RAM, 64GB 3GB RAM",,,,1080p@30fps,2 MP,,,"Li-Po 9240 mAh, non-removable (34.2 Wh)",,,,"8 MP, f/2.4",,,,
