brand,gsmarena_url,name,Body | Dimensions,Body | Weight,Body | Build,Body | SIM,Body | ,Display | Type,Display | Size,Display | Resolution,Display | Protection,Platform | OS,Platform | Chipset,Platform | CPU,Platform | GPU,Memory | Card slot,Memory | Internal,Memory | ,Main Camera | Dual,Main Camera | Features,Main Camera | Video,Selfie camera | Single,Selfie camera | Video,Battery | Type,Battery | Charging,Display | ,Main Camera | Triple,Main Camera | Single,Selfie camera | Features
infinix,https://www.gsmarena.com/infinix_gt_50_pro_5g-14497.php,Infinix GT 50 Pro,162.4 x 77.2 x 8.2 mm (6.39 x 3.04 x 0.32 in),198 g (6.98 oz),"Glass front (Gorilla Glass 7i), plastic frame, plastic back",Nano-SIM + Nano-SIM,IP64 dust tight and water resistant (water splashes) Customizable RGB LEDs on the back Dual-pressure sensitive zones (Gaming triggers),"AMOLED, 1B colors, 144Hz, 2304Hz PWM, 700 nits (typ), 1600 nits (peak), 4500 nits (peak)","6.78 inches, 106.6 cm 2 (~85.0% screen-to-body ratio)","1208 x 2644 pixels, 19.5:9 ratio (~440 ppi density)",Corning Gorilla Glass 7i,"Android 16, up to 3 major Android upgrades, XOS 16",Mediatek Dimensity 8400 Ultimate (4 nm),Octa-core (1x3.25 GHz Cortex-A725 & 3x3.0 GHz Cortex-A725 & 4x2.1 GHz Cortex-A725),Mali-G720 MC7,No,"256GB 12GB RAM, 512GB 12GB RAM",UFS 4.1,"50 MP, f/1.8, (wide), 0.8µm, PDAF, OIS 8 MP, f/2.2, 111˚ (ultrawide), 1/4.0"", 1.0µm, AF","Dual-LED flash, HDR, panorama","4K@30/60fps, 1080p@30/60/120/240fps","13 MP, f/2.2, (wide), 1/3.1"", 1.12µm","4K@30fps, 1080p@30fps",6150 mAh or 6500 mAh,45W wired 30W wireless 10W reverse wired 5W reverse wireless Bypass Charging 2 Wireless bypass charging (accessory required),,,,
infinix,https://www.gsmarena.com/infinix_note_60_ultra_5g-14528.php,Infinix Note 60 Ultra,162.3 x 77.2 x 7.9 mm (6.39 x 3.04 x 0.31 in),220 g (7.76 oz),"Glass front (Gorilla Glass 7i), aluminum frame, Gorilla Glass Victus (camera island only)",Nano-SIM + Nano-SIM + eSIM (max 2 at a time),IP64 dust tight and water resistant (water splashes) Active matrix display (on the back),"AMOLED, 144Hz, 2304Hz PWM, 700 nits (typ), 1600 nits (HBM), 4500 nits (peak)","6.78 inches, 112.1 cm 2 (~89.5% screen-to-body ratio)","1208 x 2644 pixels, 19.5:9 ratio (~429 ppi density)",Corning Gorilla Glass 7i,"Android 16, up to 3 major Android upgrades, XOS 16",Mediatek Dimensity 8400 Ultimate (4 nm),Octa-core (1x3.25 GHz Cortex-A725 & 3x3.0 GHz Cortex-A725 & 4x2.1 GHz Cortex-A725),Mali-G720 MC7,No,"256GB 12GB RAM, 512GB 12GB RAM",UFS 4.0,,"LED flash, HDR, panorama","4K@30/60fps, 1080p@30/60/120/240fps, gyro-EIS, OIS, HDR10+","32 MP, f/2.2, (wide)","4K@30fps, 1080p@30/60fps",Si/C Li-Ion 7000 mAh,"100W wired, 50% in 18 min, 100% in 48 min 50W wireless 10W reverse wired 10W reverse wireless Bypass Charging (gaming, navigating)",Ultra HDR support,"200 MP, f/1.7, 23mm (wide), 1/1.4"", 0.56µm, dual-pixel PDAF, OIS 50 MP, f/2.9, 80mm (periscope telephoto), 1/2.76"", 0.64µm, dual-pixel PDAF, OIS, 3.5x optical zoom 8 MP, f/2.2, 112˚ (ultrawide), 1.12µm",,
infinix,https://www.gsmarena.com/infinix_note_60_pro_5g-14499.php,Infinix Note 60 Pro,162.4 x 77.2 x 7.4 mm (6.39 x 3.04 x 0.29 in),201.7 g (7.13 oz),"Glass front (Gorilla Glass 7i), aluminum frame, aluminum back",Nano-SIM + Nano-SIM + eSIM (max 2 at a time),IP64 dust tight and water resistant (water splashes) RGB notification light & active matrix display (on the back),"AMOLED, 144Hz, 2304Hz PWM, 700 nits (typ), 1600 nits (HBM), 4500 nits (peak)","6.78 inches, 112.1 cm 2 (~89.4% screen-to-body ratio)","1208 x 2644 pixels, 19.5:9 ratio (~429 ppi density)",Corning Gorilla Glass 7i,"Android 16, up to 3 major Android upgrades, XOS 16",Qualcomm SM7635-AC Snapdragon 7s Gen 4 (4 nm),Octa-core (1x2.7 GHz Cortex-A720 & 3x2.4 GHz Cortex-A720 & 4x1.8 GHz Cortex-A520),Adreno 810,No,"128GB 8GB RAM, 256GB 8GB RAM, 256GB 12GB RAM",UFS 2.2,"50 MP, f/1.6, (wide), 0.8µm, PDAF, OIS 8 MP, f/2.2, 112˚ (ultrawide), 1.12µm","Dual-LED flash, HDR, panorama","4K@30fps, 1080p@30/60/120fps","13 MP, f/2.2, (wide), 1.12µm","4K@30fps, 1080p@30/60fps",6000 mAh or 6500 mAh,"90W wired, 50% in 16 min, 100% in 41 min (6500 mAh) 90W wired, 50% in 14 min, 100% in 35 min (6000 mAh) 30W wireless 7.5W reverse wired 5W reverse wireless Bypass Charging (gaming, navigating)",Ultra HDR support,,,
infinix,https://www.gsmarena.com/infinix_note_60_5g-14498.php,Infinix Note 60,162.4 x 77.2 x 7.5 mm (6.39 x 3.04 x 0.30 in),199 g (7.02 oz),"Glass front (Gorilla Glass 7i), aluminum frame, aluminum back",Nano-SIM + Nano-SIM + eSIM (max 2 at a time),IP64 dust tight and water resistant (water splashes) RGB notification light (on the back) MIL-STD-810H compliant* * does not guarantee ruggedness or use in extreme conditions,"AMOLED, 144Hz, 2304Hz PWM, 700 nits (typ), 1600 nits (HBM), 4500 nits (peak)","6.78 inches, 112.1 cm 2 (~89.4% screen-to-body ratio)","1208 x 2644 pixels, 19.5:9 ratio (~429 ppi density)",Corning Gorilla Glass 7i,"Android 16, up to 3 major Android upgrades, XOS 16",Mediatek Dimensity 7400 Ultimate (4 nm),Octa-core (4x2.6 GHz Cortex-A78 & 4x2.0 GHz Cortex-A55),Mali-G615 MC2,No,"128GB 8GB RAM, 256GB 8GB RAM",UFS 2.2,"50 MP, f/1.6, (wide), 0.8µm, PDAF, OIS 8 MP, f/2.2, 112˚ (ultrawide), 1.12µm","Dual-LED flash, HDR, panorama","4K@30fps, 1080p@30/60/120fps","13 MP, f/2.2, (wide), 1.12µm","4K@30fps, 1080p@30/60fps",6150 mAh or 6500 mAh,"45W wired, 50% in 26 min, 100% in 54 min 30W wireless Bypass Charging (gaming, navigating)",Ultra HDR support,,,
infinix,https://www.gsmarena.com/infinix_smart_20-14502.php,Infinix Smart 20,167.7 x 78.8 x 7.7 mm (6.60 x 3.10 x 0.30 in),-,"Glass front, plastic back, plastic frame",Nano-SIM + Nano-SIM,IP64 dust tight and water resistant (water splashes) Drop resistant up to 1.5m,"IPS LCD, 120Hz, 700 nits (HBM)","6.78 inches, 109.5 cm 2 (~82.9% screen-to-body ratio)","720 x 1576 pixels, 19.5:9 ratio (~259 ppi density)",,"Android 16, XOS 16",Mediatek Helio G81 Ultimate (12 nm),Octa-core (2x2.0 GHz Cortex-A75 & 6x1.7 GHz Cortex-A55),Mali-G52 MC2,microSDXC (dedicated slot),"64GB 4GB RAM, 128GB 4GB RAM",eMMC 5.1,,"Dual-LED flash, panorama","1440p@30fps, 1080p@30fps","8 MP, f/2.0, (wide), 1/4.0"", 1.12µm","1440p@30fps, 1080p@30fps",5200 mAh,15W wired 5W reverse wired,,,"8 MP, f/2.0, (wide), 1/4.0"", 1.12µm, AF",
infinix,https://www.gsmarena.com/infinix_note_edge_5g-14421.php,Infinix Note Edge,163.1 x 77.4 x 7.2 mm (6.42 x 3.05 x 0.28 in),190 g (6.70 oz),"Glass front, plastic back, plastic frame",Nano-SIM + Nano-SIM,IP65 dust tight and water resistant (low pressure water jets),"AMOLED, 1B colors, 120Hz, 2160Hz PWM, 700 nits (typ), 1600 nits (HBM), 4500 nits (peak)","6.78 inches, 112.1 cm 2 (~88.8% screen-to-body ratio)","1208 x 2644 pixels, 19.5:9 ratio (~429 ppi density)",Corning Gorilla Glass 7i,"Android 16, up to 3 major Android upgrades, XOS 16",Mediatek Dimensity 7100 (6 nm),Octa-core (4x2.4 GHz Cortex-A78 & 4x2.0 GHz Cortex-A55),Mali-G610 MC2,No,"128GB 8GB RAM, 256GB 8GB RAM",UFS 2.2,,"Dual-LED flash, HDR, panorama","1440p@30fps, 1080p@30fps","13 MP, f/2.2 (wide)","1440p@30fps, 1080p@30fps",6500 mAh,"45W wired, 50% in 27 min 10W reverse wired Bypass charging",,,"50 MP, (wide), 1/2.0"", 0.8µm,  PDAF",
infinix,https://www.gsmarena.com/infinix_xpad_20_pro-14116.php,Infinix Xpad 20 Pro,278.6 x 173.6 x 6.6 mm (10.97 x 6.83 x 0.26 in),545 g (1.20 lb),"Glass front, aluminum frame, aluminum back",Nano-SIM,Stylus support,"IPS LCD, 90Hz, 450 nits","12.0 inches, 409.9 cm 2 (~84.7% screen-to-body ratio)","1200 x 2000 pixels, 5:3 ratio (~194 ppi density)",,Android 15,Mediatek Helio G100 Ultimate (6 nm),Octa-core (2x2.2 GHz Cortex-A76 & 6x2.0 GHz Cortex-A55),Mali-G57 MC2,microSDXC (dedicated slot),"128GB 4GB RAM, 128GB 8GB RAM, 256GB 8GB RAM",UFS 2.2,,"LED flash, panorama","1440p@30fps, 1080p@30fps","5 MP, f/2.0","1440p@30fps, 1080p@30fps",8000 mAh,18W wired Reverse wired,,,"8 MP, f/2.0, AF",
infinix,https://www.gsmarena.com/infinix_hot_60i_5g-14072.php,Infinix Hot 60i,167.4 x 77.7 x 8.1 mm (6.59 x 3.06 x 0.32 in),199 g (7.02 oz),,Nano-SIM + Nano-SIM,IP64 dust tight and water resistant (water splashes) Drop resistant up to 1.5m,"IPS LCD, 120Hz, 560 nits (typ), 670 nits (HBM)","6.75 inches, 110.0 cm 2 (~84.6% screen-to-body ratio)","720 x 1600 pixels, 20:9 ratio (~260 ppi density)",,"Android 15, XOS 15.1",Mediatek Dimensity 6400 (6 nm),Octa-core (2x2.5 GHz Cortex-A76 & 6x2.0 GHz Cortex-A55),Mali-G57 MC2,microSDXC (dedicated slot),128GB 4GB RAM,eMMC,,"Dual-LED flash, HDR, panorama",1080p@30fps,"5 MP, f/2.0, (wide)",1080p@30fps,6000 mAh,18W wired 10W reverse wired Bypass charging,,,"50 MP, f/1.6, (wide), AF Auxiliary lens",
infinix,https://www.gsmarena.com/infinix_gt_30_5g-14044.php,Infinix GT 30,163.7 x 75.8 x 8 mm (6.44 x 2.98 x 0.31 in),187 g (6.60 oz),"Glass front (Gorilla Glass 7i), plastic frame, plastic back",Nano-SIM + Nano-SIM,IP64 dust tight and water resistant (water splashes) Customizable RGB LEDs on the back Pressure sensitive zones (Gaming triggers),"AMOLED, 1B colors, 144Hz, 2304Hz PWM, 700 nits (typ), 1600 nits (peak), 4500 nits (peak)","6.78 inches, 111.0 cm 2 (~89.4% screen-to-body ratio)","1224 x 2720 pixels, 20:9 ratio (~440 ppi density)",Corning Gorilla Glass 7i,"Android 15, up to 2 major Android upgrades, XOS 15",Mediatek Dimensity 7400 (4 nm),Octa-core (4x2.6 GHz Cortex-A78 & 4x2.0 GHz Cortex-A55),Mali-G615 MC2,No,"128GB 8GB RAM, 256GB 8GB RAM",UFS 2.2,"64 MP, f/1.8, 23mm (wide), 1/1.73"", 0.8μm, PDAF 8 MP, f/2.2, 111˚, (ultrawide), AF","Dual-LED flash, HDR, panorama","4K@30fps, 1080p@30/120fps","13 MP, f/2.2, 25mm (wide)","4K@30fps, 1080p@30fps",5500 mAh,45W wired 10W reverse wired Bypass Charging,,,,
infinix,https://www.gsmarena.com/infinix_hot_60_5g-14006.php,Infinix Hot 60,166 x 76.8 x 7.8 mm (6.54 x 3.02 x 0.31 in),193 g (6.81 oz),"Glass front, plastic back, plastic frame",Nano-SIM + Nano-SIM,IP64 dust tight and water resistant (water splashes),"IPS LCD, 120Hz, 560 nits (typ), 700 nits (HBM)","6.7 inches, 108.4 cm 2 (~85.0% screen-to-body ratio)","720 x 1600 pixels, 20:9 ratio (~262 ppi density)",,"Android 15, up to 3 major Android upgrades, XOS 15.1",Mediatek Dimensity 7020 (6 nm),Octa-core (2x2.2 GHz Cortex-A78 & 6x2.0 GHz Cortex-A55),IMG BXM-8-256,microSDXC (uses shared SIM slot),"128GB 6GB RAM, 256GB 8GB RAM",UFS,"50 MP, f/1.6, (wide), AF other unspecified cameras",Dual-LED flash,"1440p@30fps, 1080p@30/60/120fps","8 MP, f/2.0, (wide), 1/4.0""",Yes,5200 mAh,18W wired 10W reverse wired Bypass charging,,,,LED flash
infinix,https://www.gsmarena.com/infinix_hot_60_pro+-14002.php,Infinix Hot 60 Pro+,164 x 75.8 x 6 mm (6.46 x 2.98 x 0.24 in),155 g (5.47 oz),"Glass front (Gorilla Glass 7i), plastic frame, glass-fiber reinforced plastic back or silicone polymer (eco leather) back",Nano-SIM + Nano-SIM,IP65 dust tight and water resistant (low pressure water jets) Drop resistant up to 1.5m RGB notification light (on the back),"AMOLED, 144Hz, 2160Hz PWM, 700 nits (typ), 1600 nits (HBM), 4500 nits (peak)","6.78 inches, 111.0 cm 2 (~89.3% screen-to-body ratio)","1224 x 2720 pixels, 20:9 ratio (~440 ppi density)",Corning Gorilla Glass 7i,"Android 15, up to 3 major Android upgrades, XOS 15.1",Mediatek Helio G200 (6 nm),Octa-core (2x2.2 GHz Cortex-A76 & 6x2.0 GHz Cortex-A55),Mali-G57 MC2 (1.1GHz),No,"128GB 6GB RAM, 128GB 8GB RAM, 256GB 8GB RAM",UFS 2.2,,"Dual-LED flash, HDR, panorama","1440p@30fps, 1080p@30/60fps","13 MP, f/2.0, 22mm (wide), 1/3.1"", 1.12µm","1440p@30fps, 1080p@30/60fps",5160 mAh,"45W wired, 50% in 22 min 10W reverse wired Bypass charging",,,"50 MP, f/1.8, 26mm (wide), 1/1.95"", 0.8µm, PDAF Auxiliary lens",Dual-LED flash
infinix,https://www.gsmarena.com/infinix_hot_60_pro-14003.php,Infinix Hot 60 Pro,163.5 x 75.9 x 6.6 mm (6.44 x 2.99 x 0.26 in),170 g (6.00 oz),"Glass front (Gorilla Glass 7i), plastic back, plastic frame",Nano-SIM + Nano-SIM,IP64 dust tight and water resistant (water splashes) Drop resistant up to 1.5m,"AMOLED, 144Hz, 2160Hz PWM, 700 nits (typ), 1600 nits (HBM), 4500 nits (peak)","6.78 inches, 111.0 cm 2 (~89.4% screen-to-body ratio)","1224 x 2720 pixels, 20:9 ratio (~440 ppi density)",Corning Gorilla Glass 7i,"Android 15, up to 3 major Android upgrades, XOS 15.1",Mediatek Helio G200 (6 nm),Octa-core (2x2.2 GHz Cortex-A76 & 6x2.0 GHz Cortex-A55),Mali-G57 MC2 (1.1GHz),microSDXC (dedicated slot),"128GB 8GB RAM, 256GB 8GB RAM",UFS 2.2,,"Dual-LED flash, HDR, panorama","1440p@30fps, 1080p@30/60fps","13 MP, f/2.2, 24mm (wide), 1/3.1"", 1.12µm","1440p@30fps, 1080p@30/60fps",5160 mAh,"45W wired, 50% in 22 min 10W reverse wired",,,"50 MP, f/1.6, 27mm (wide), 1/2.8"", 0.64µm, PDAF Auxiliary lens",
infinix,https://www.gsmarena.com/infinix_hot_60i-13983.php,Infinix Hot 60i 4G,166 x 76.6 x 7.7 mm (6.54 x 3.02 x 0.30 in),188 g (6.63 oz),"Glass front, plastic back, plastic frame",Nano-SIM + Nano-SIM,IP64 dust tight and water resistant (water splashes) Drop resistant up to 1.5m,"IPS LCD, 120Hz, 700 nits (HBM)","6.7 inches, 108.4 cm 2 (~85.2% screen-to-body ratio)","720 x 1600 pixels, 20:9 ratio (~262 ppi density)",,"Android 15, XOS 15.1",Mediatek Helio G81 Ultimate (12 nm),Octa-core (2x2.0 GHz Cortex-A75 & 6x1.8 GHz Cortex-A55),Mali-G52 MC2,microSDXC (dedicated slot),"128GB 4GB RAM, 128GB 6GB RAM, 256GB 4GB RAM, 256GB 8GB RAM",eMMC5.1,,"Dual-LED flash, HDR, panorama","1440p@30fps, 1080p@30fps","8 MP, (wide)",Yes,5160 mAh,"45W wired, 50% in 24 min 10W reverse wired Bypass charging",,,"50 MP, (wide), AF Auxiliary lens",
infinix,https://www.gsmarena.com/infinix_smart_10_hd-13954.php,Infinix Smart 10 HD,163.6 x 75.6 x 8.5 mm (6.44 x 2.98 x 0.33 in),184 g (6.49 oz),"Glass front, plastic back, plastic frame",Nano-SIM + Nano-SIM,,"IPS LCD, 90Hz, 500 nits (peak)","6.6 inches, 104.6 cm 2 (~84.6% screen-to-body ratio)","720 x 1612 pixels, 20:9 ratio (~267 ppi density)",,Android 14 (Go edition),(12 nm),Octa-core (2x1.6 GHz Cortex-A75 & 6x1.6 GHz Cortex-A55),Mali-G57 MC1,microSDXC (dedicated slot),64GB 2GB RAM,eMMC 5.1,,Quad-LED flash,1080p@30fps,"8 MP, f/2.0, (wide), 1/4.0"", 1.12µm",1080p@30fps,5000 mAh,10W wired Reverse wired,,,"13 MP, f/1.9, 27mm (wide), AF",
infinix,https://www.gsmarena.com/infinix_smart_10_plus-13953.php,Infinix Smart 10 Plus,165.6 x 77 x 8 mm (6.52 x 3.03 x 0.31 in),198 g (6.98 oz),"Glass front, plastic back, plastic frame",Nano-SIM + Nano-SIM,IP64 dust tight and water resistant (water splashes) Drop resistant up to 1.5m,"IPS LCD, 120Hz, 700 nits (HBM)","6.67 inches, 107.4 cm 2 (~84.2% screen-to-body ratio)","720 x 1600 pixels, 20:9 ratio (~263 ppi density)",,"Android 15, XOS 15.1",Unisoc T7250 (12 nm),Octa-core (2x1.8 GHz Cortex-A75 & 6x1.6 GHz Cortex-A55),Mali-G57 MP1,microSDXC (dedicated slot),"128GB 4GB RAM, 128GB 8GB RAM",eMMC 5.1,,"Dual-LED flash, panorama","1440p@30fps, 1080p@30fps","8 MP, f/2.0, (wide), 1/4.0"", 1.12µm","1440p@30fps, 1080p@30fps",6000 mAh,18W wired Reverse wired,,,"8 MP, f/2.0, (wide), 1/4.0"", 1.12µm, AF",
infinix,https://www.gsmarena.com/infinix_smart_10-13933.php,Infinix Smart 10,165.6 x 77 x 8.3 mm (6.52 x 3.03 x 0.33 in),187 g (6.60 oz),"Glass front, plastic back, plastic frame",Nano-SIM + Nano-SIM,IP64 dust tight and water resistant (water splashes) Drop resistant up to 1.5m,"IPS LCD, 120Hz, 700 nits (HBM)","6.67 inches, 107.4 cm 2 (~84.2% screen-to-body ratio)","720 x 1600 pixels, 20:9 ratio (~263 ppi density)",,"Android 15/15 (Go edition), XOS 15.1",Unisoc T7250 (12 nm),Octa-core (2x1.8 GHz Cortex-A75 & 6x1.6 GHz Cortex-A55),Mali-G57 MP1,microSDXC (dedicated slot),"64GB 3GB RAM, 64GB 4GB RAM, 128GB 4GB RAM, 128GB 6GB RAM, 256GB 4GB RAM, 256GB 8GB RAM",eMMC 5.1,,"Dual-LED flash, panorama","1440p@30fps, 1080p@30fps","8 MP, f/2.0, (wide), 1/4.0"", 1.12µm","1440p@30fps, 1080p@30fps",5000 mAh,15W wired Reverse wired,,,"8 MP, f/2.0, (wide), 1/4.0"", 1.12µm, AF",
infinix,https://www.gsmarena.com/infinix_xpad_20-13922.php,Infinix Xpad 20,257.7 x 169.2 x 7.9 mm (10.15 x 6.66 x 0.31 in),498 g (1.10 lb),,Nano-SIM,,"IPS LCD, 90Hz, 440 nits","11.0 inches, 350.9 cm 2 (~80.5% screen-to-body ratio)","1200 x 1920 pixels, 16:10 ratio (~206 ppi density)",,Android 15,Mediatek Helio G88 (12 nm),Octa-core (2x2.0 GHz Cortex-A75 & 6x1.8 GHz Cortex-A55),Mali-G52 MC2,microSDXC (dedicated slot),"128GB 4GB RAM, 128GB 6GB RAM, 128GB 8GB RAM, 256GB 8GB RAM",eMMC 5.1,,"LED flash, panorama",1080p@30fps,5 MP,Yes,7000 mAh,10W wired Reverse wired,,,8 MP,
infinix,https://www.gsmarena.com/infinix_gt_30_pro_5g-13889.php,Infinix GT 30 Pro,163.7 x 75.8 x 8 mm (6.44 x 2.98 x 0.31 in),189 g (6.67 oz),"Glass front (Gorilla Glass 7i), plastic frame, plastic back",Nano-SIM + Nano-SIM,IP64 dust tight and water resistant (water splashes) Customizable RGB LEDs on the back Pressure sensitive zones (Gaming triggers),"AMOLED, 1B colors, 144Hz, 2304Hz PWM, 700 nits (typ), 1600 nits (peak), 4500 nits (peak)","6.78 inches, 111.0 cm 2 (~89.4% screen-to-body ratio)","1224 x 2720 pixels, 20:9 ratio (~440 ppi density)",Corning Gorilla Glass 7i,"Android 15, up to 2 major Android upgrades, XOS 15",Mediatek Dimensity 8350 Ultimate (4 nm),Octa-core (1x3.35 GHz Cortex-A715 & 3x3.20 GHz Cortex-A715 & 4x2.20 GHz Cortex-A510),Mali G615-MC6,No,"256GB 8GB RAM, 256GB 12GB RAM, 512GB 12GB RAM",UFS 4.0,"108 MP, f/1.9, (wide), 1/1.33"", 0.8µm, PDAF 8 MP, f/2.2, 111˚ (ultrawide), 1/4.0"", 1.0µm, AF","Dual-LED flash, HDR, panorama","4K@30/60fps, 1080p@30/60/120/240fps","13 MP, f/2.2, (wide), 1/3.1"", 1.12µm","4K@30fps, 1080p@30fps",5200 mAh or 5500 mAh,45W wired 30W wireless 10W reverse wired 5W reverse wireless Bypass Charging 2,,,,
infinix,https://www.gsmarena.com/infinix_xpad_gt-13890.php,Infinix Xpad GT,291.7 x 191.1 x 6.5 mm (11.48 x 7.52 x 0.26 in),655 g (1.44 lb),"Glass front (Gorilla Glass 3), aluminum frame, aluminum back",No,Stylus support,"IPS LCD, 1B colors, 144Hz, HDR10, 700 nits (peak)","13.0 inches, 494.7 cm 2 (~88.7% screen-to-body ratio)",2880 x 1840 pixels (~263 ppi density),Corning Gorilla Glass 3,Android 14,Qualcomm SM8350 Snapdragon 888 5G (5 nm),Octa-core (1x2.84 GHz Cortex-X1 & 3x2.42 GHz Cortex-A78 & 4x1.80 GHz Cortex-A55),Adreno 660,No,256GB 8GB RAM,UFS 3.1,,LED flash,1080p@30fps,"9 MP, f/2.2",1080p@30fps,10000 mAh,33W wired 10W reverse wired,,,"13 MP, f/2.0, AF",
infinix,https://www.gsmarena.com/infinix_note_50s_5g-13793.php,Infinix Note 50s,164.3 x 74.5 x 7.6 mm (6.47 x 2.93 x 0.30 in),180 g (6.35 oz),,Nano-SIM + Nano-SIM,Scent micro encapsulation technology (lasts up to six months) IP64 dust tight and water resistant (water splashes) RGB notification light (on the back) MIL-STD-810H compliant* * does not guarantee ruggedness or use in extreme conditions,"AMOLED, 1B colors, 144Hz, 2304Hz PWM, 1300 nits (peak)","6.78 inches, 109.9 cm 2 (~89.8% screen-to-body ratio)",1080 x 2436 pixels (~393 ppi density),Corning Gorilla Glass 5,"Android 15, up to 2 major Android upgrades, XOS 15",Mediatek Dimensity 7300 Ultimate (4 nm),Octa-core (4x2.5 GHz Cortex-A78 & 4x2.0 GHz Cortex-A55),Mali-G615 MC2,No,"128GB 6GB RAM, 128GB 8GB RAM, 256GB 8GB RAM",,"64 MP, f/1.8, (wide), 1/1.73"", 0.8µm, PDAF 2 MP","Dual-LED flash, HDR, panorama","4K@30fps, 1080p@30fps","13 MP, f/2.2, (wide)","4K@30fps, 1080p@30fps",5500 mAh,"45W wired, 100% in 60 min 10W reverse wired Bypass Charging",,,,
infinix,https://www.gsmarena.com/infinix_note_50x-13747.php,Infinix Note 50x,165.4 x 76.4 x 8.0 mm or 8.2 mm,195.4 g or 198.9 g (6.88 oz),,Nano-SIM + Nano-SIM,IP64 dust tight and water resistant (water splashes) RGB notification light (on the back) MIL-STD-810H compliant* * does not guarantee ruggedness or use in extreme conditions,"IPS LCD, 120Hz, 560 nits (typ)","6.67 inches, 107.4 cm 2 (~85.0% screen-to-body ratio)","720 x 1600 pixels, 20:9 ratio (~263 ppi density)",,"Android 15, up to 2 major Android upgrades, XOS 15",Mediatek Dimensity 7300 Ultimate (4 nm),Octa-core (4x2.5 GHz Cortex-A78 & 4x2.0 GHz Cortex-A55),Mali-G615 MC2,microSDXC (uses shared SIM slot),"128GB 6GB RAM, 128GB 8GB RAM, 256GB 8GB RAM",UFS 2.2,,"Dual-LED flash, HDR, panorama","4K@30fps, 1080p@30/120/240fps","8 MP, f/2.0, (wide)","1440p@30fps, 1080p@30fps",5500 mAh,45W wired 10W reverse wired Bypass Charging,,,"50 MP, f/1.6, (wide), PDAF",
infinix,https://www.gsmarena.com/infinix_note_50_pro+-13746.php,Infinix Note 50 Pro+,163.4 x 74.5 x 8 mm (6.43 x 2.93 x 0.31 in),209 g (7.37 oz),"Glass front, aluminum frame, glass back",Nano-SIM + Nano-SIM,IP64 dust tight and water resistant (water splashes) Aerospace-Grade Aluminum RGB notification light (on the back),"AMOLED, 1B colors, 144Hz, 2304Hz PWM, 1300 nits (peak)","6.78 inches, 109.9 cm 2 (~90.3% screen-to-body ratio)",1080 x 2436 pixels (~393 ppi density),,"Android 15, up to 2 major Android upgrades, XOS 15",Mediatek Dimensity 8350 Ultimate (4 nm),Octa-core (1x3.35 GHz Cortex-A715 & 3x3.20 GHz Cortex-A715 & 4x2.20 GHz Cortex-A510),Mali G615-MC6,No,256GB 12GB RAM,UFS 4.0,,"Dual-LED flash, HDR, panorama","4K@30/60fps, 1080p@30/60/120/240fps, gyro-EIS, OIS","32 MP, f/2.2, (wide), 1/3.1"", 0.7µm","4K@30fps, 1080p@30/60fps",Si/C Li-Ion 5200 mAh,"100W wired, 100% in 32 min 50W wireless MagCharge 10W reverse wired 7.5w reverse wireless Bypass Charging",,"50 MP, f/1.9, 24mm (wide), 1/1.56"", 1.0µm, multi-directional PDAF, OIS 50 MP, f/2.4, 70mm (periscope telephoto), 1/2.76"", 0.64µm, multi-directional PDAF, OIS, 3x optical zoom 8 MP, f/2.2, 15mm, 112˚ (ultrawide), 1/4.0"", 1.12µm",,
infinix,https://www.gsmarena.com/infinix_note_50_pro_4g-13701.php,Infinix Note 50 Pro 4G,163.3 x 74.4 x 7.3 mm (6.43 x 2.93 x 0.29 in),198 g (6.98 oz),"Glass front, aluminum frame",Nano-SIM + Nano-SIM,IP64 dust tight and water resistant (water splashes) Aerospace-Grade Aluminum RGB notification light (on the back),"AMOLED, 1B colors, 144Hz, 2160Hz PWM, 1300 nits (peak)","6.78 inches, 109.9 cm 2 (~90.4% screen-to-body ratio)",1080 x 2436 pixels (~393 ppi density),,"Android 15, up to 2 major Android upgrades, XOS 15",Mediatek Helio G100 Ultimate (6 nm),Octa-core (2x2.2 GHz Cortex-A76 & 6x2.0 GHz Cortex-A55),Mali-G57 MC2,No,"256GB 8GB RAM, 256GB 12GB RAM",UFS 2.2,"50 MP, f/1.9, (wide), 1/1.57"", 1.0µm, PDAF, OIS 8 MP, f/2.2, 15mm, 112˚ (ultrawide)","Dual-LED flash, HDR, panorama","1440p@30fps, 1080p@30/60/240fps","32 MP, f/2.2, (wide), 1/3.1""",1080p@30fps,5200 mAh,"90W wired, 100% in 38 min 30W wireless MagCharge 10W Reverse wired Reverse wireless Bypass Charging",,,,
infinix,https://www.gsmarena.com/infinix_note_50_4g-13705.php,Infinix Note 50 4G,163.3 x 74.4 x 7.6 mm (6.43 x 2.93 x 0.30 in),199 g (7.02 oz),"Glass front, aluminum frame",Nano-SIM + Nano-SIM,IP64 dust tight and water resistant (water splashes) Aerospace-Grade Aluminum RGB notification light (on the back),"AMOLED, 1B colors, 144Hz, 2160Hz PWM, 1300 nits (peak)","6.78 inches, 109.9 cm 2 (~90.4% screen-to-body ratio)",1080 x 2436 pixels (~393 ppi density),,"Android 15, up to 2 major Android upgrades, XOS 15",Mediatek Helio G100 Ultimate (6 nm),Octa-core (2x2.2 GHz Cortex-A76 & 6x2.0 GHz Cortex-A55),Mali-G57 MC2,Unspecified,256GB 8GB RAM,UFS 2.2,"50 MP, f/1.9, (wide), 1/1.57"", 1.0µm, PDAF, OIS 2 MP (macro)","Dual-LED flash, HDR, panorama","1440p@30fps, 1080p@30/60/240fps","13 MP, f/2.2, (wide)",1080p@30fps,5200 mAh,"45W wired, 100% in 60 min 30W wireless MagCharge 10W Reverse wired Reverse wireless Bypass Charging",,,,
infinix,https://www.gsmarena.com/infinix_smart_9_hd-13590.php,Infinix Smart 9 HD,165.7 x 77.1 x 8.4 mm (6.52 x 3.04 x 0.33 in),188 g (6.63 oz),"Glass front, plastic back, plastic frame",Nano-SIM + Nano-SIM,IP54 dust protected and water resistant (water splashes),"IPS LCD, 90Hz, 500 nits (peak)","6.7 inches, 108.4 cm 2 (~84.8% screen-to-body ratio)","720 x 1600 pixels, 20:9 ratio (~262 ppi density)",,"Android 14 (Go edition), XOS 14",Mediatek Helio,Octa-core 8x2.2 GHz Cortex-A53,Mali-G57 MC1,microSDXC (dedicated slot),"64GB 3GB RAM, 64GB 4GB RAM",,,"Dual-LED flash, HDR, panorama",1080p@30fps,"8 MP, f/2.0, (wide)",Yes,5000 mAh,10W wired Reverse wired,,,"13 MP, f/1.9, 27mm (wide), AF Auxiliary lens",LED flash
infinix,https://www.gsmarena.com/infinix_hot_50_pro_4g-13461.php,Infinix Hot 50 Pro 4G,167 x 76.4 x 7.4 mm (6.57 x 3.01 x 0.29 in),190 g (6.70 oz),"Glass front, plastic back, plastic frame",Nano-SIM + Nano-SIM,IP54 dust protected and water resistant (water splashes),"AMOLED, 1B colors, 120Hz, 2160Hz PWM, 550 nits (typ), 1800 nits (peak)","6.78 inches, 109.9 cm 2 (~86.1% screen-to-body ratio)",1080 x 2436 pixels (~393 ppi density),,"Android 14, up to 1 major Android upgrades, XOS 14.5",Mediatek Helio G100 (6 nm),Octa-core (2x2.2 GHz Cortex-A76 & 6x2.0 GHz Cortex-A55),Mali-G57 MC2,microSDXC (dedicated slot),"128GB 8GB RAM, 256GB 8GB RAM",UFS,,"Quad-LED flash, HDR, panorama","1440p@30fps, 1080p@30/60fps","8 MP, f/2.0, (wide), 1/4.0""",Yes,5000 mAh,"33W wired, 50% in 27 min Reverse wired Bypass charging",,"50 MP, f/1.6, 27mm (wide), 1/2.8"", AF Auxiliary lenses",,LED flash
infinix,https://www.gsmarena.com/infinix_hot_50_pro+_4g-13408.php,Infinix Hot 50 Pro+ 4G,164.1 x 74.4 x 6.8 mm (6.46 x 2.93 x 0.27 in),162 g (5.71 oz),"Glass front, plastic back, plastic frame",Nano-SIM + Nano-SIM,IP54 dust protected and water resistant (water splashes),"AMOLED, 1B colors, 120Hz, 2160Hz PWM, 550 nits (typ), 1300 nits (peak)","6.78 inches, 109.9 cm 2 (~90.0% screen-to-body ratio)",1080 x 2436 pixels (~393 ppi density),Corning Gorilla Glass,"Android 14, up to 1 major Android upgrades, XOS 14.5",Mediatek Helio G100 (6 nm),Octa-core (2x2.2 GHz Cortex-A76 & 6x2.0 GHz Cortex-A55),Mali-G57 MC2,microSDXC (dedicated slot),"128GB 8GB RAM, 256GB 8GB RAM",UFS 2.2,"50 MP, f/1.6, 27mm (wide), 1/2.8"", AF Auxiliary lenses","Dual-LED flash, panorama","1440p@30fps, 1080p@30/60fps","13 MP, f/2.2, (wide), 1/3.06""",Yes,5000 mAh,"33W wired, 50% in 26 min 10W reverse wired Bypass charging",,,,LED flash
infinix,https://www.gsmarena.com/infinix_note_40s-13460.php,Infinix Note 40S,164.1 x 74.6 x 7.8 mm (6.46 x 2.94 x 0.31 in),176 g (6.21 oz),,Nano-SIM + Nano-SIM,IP54 dust protected and water resistant (water splashes),"AMOLED, 1B colors, 120Hz, 550 nits (typ), 1300 nits (peak)","6.78 inches, 109.9 cm 2 (~89.8% screen-to-body ratio)",1080 x 2436 pixels (~393 ppi density),Corning Gorilla Glass,"Android 14, up to 2 major Android upgrades, XOS 14",Mediatek Helio G99 Ultimate,Octa-core (2x2.2 GHz Cortex-A76 & 6x2.0 GHz Cortex-A55),Mali-G57 MC2,Unspecified,256GB 8GB RAM,UFS 2.2,,"Quad-LED flash, HDR, panorama","1440p@30fps, 1080p@30/60fps","32 MP, f/2.2, (wide), 1/3.1""",1080p@30fps,5000 mAh,"33W wired, 50% in 31 min 20W wireless MagCharge Reverse wired Reverse wireless Bypass charging",,"108 MP, f/1.9, 24mm (wide), 1/1.52"", PDAF 2 MP (macro) 3rd unspecified camera",,Dual-LED flash
infinix,https://www.gsmarena.com/infinix_hot_50i-13375.php,Infinix Hot 50i,165.7 x 77.1 x 8.1 mm (6.52 x 3.04 x 0.32 in),184 g (6.49 oz),"Glass front, plastic back, plastic frame",Nano-SIM + Nano-SIM,IP54 dust protected and water resistant (water splashes),"IPS LCD, 120Hz, 500 nits (peak)","6.7 inches, 108.4 cm 2 (~84.8% screen-to-body ratio)","720 x 1600 pixels, 20:9 ratio (~262 ppi density)",,"Android 14, XOS 14.5",Mediatek Helio G81,Octa-core (2x2.0 GHz Cortex-A75 & 6x1.7 GHz Cortex-A55),Mali-G52 MC2,microSDXC (dedicated slot),"128GB 4GB RAM, 128GB 6GB RAM, 256GB 4GB RAM, 256GB 6GB RAM, 256GB 8GB RAM",,,"Dual-LED flash, HDR, panorama",1080p@30fps,"8 MP, f/2.0, (wide), 1/4.0"", 1.12µm",Yes,5000 mAh,18W wired Reverse wired Bypass charging,,,"48 MP, f/1.8, (wide), 1/2.0"", 0.8µm, AF Auxiliary lens",
infinix,https://www.gsmarena.com/infinix_smart_9-13374.php,Infinix Smart 9,165.7 x 77.1 x 8.4 mm (6.52 x 3.04 x 0.33 in),188 g (6.63 oz),"Glass front, plastic back, plastic frame",Nano-SIM + Nano-SIM,IP54 dust protected and water resistant (water splashes),"IPS LCD, 120Hz, 500 nits (peak)","6.7 inches, 108.4 cm 2 (~84.8% screen-to-body ratio)","720 x 1600 pixels, 20:9 ratio (~262 ppi density)",,"Android 14 (Go edition), XOS 14",Mediatek Helio G81,Octa-core (2x2.0 GHz Cortex-A75 & 6x1.7 GHz Cortex-A55),Mali-G52 MC2,microSDXC (dedicated slot),"64GB 3GB RAM, 64GB 4GB RAM, 128GB 3GB RAM, 128GB 4GB RAM, 128GB 6GB RAM",,,"LED flash, HDR, panorama",1080p@30fps,"8 MP, f/2.0, 26mm (wide), 1/3.96"", 1.12µm",Yes,5000 mAh,10W wired Reverse wired,,,"13 MP, f/1.9, 27mm (wide), 1/3.07"", 1.12µm, AF Auxiliary lens",
infinix,https://www.gsmarena.com/infinix_hot_50_4g-13367.php,Infinix Hot 50 4G,167.9 x 75.6 x 7.7 mm (6.61 x 2.98 x 0.30 in),187 g (6.60 oz),"Glass front, plastic back, plastic frame",Nano-SIM + Nano-SIM,Splash proof,"IPS LCD, 120Hz, 800 nits (typ)","6.78 inches, 109.2 cm 2 (~86.0% screen-to-body ratio)",1080 x 2460 pixels (~396 ppi density),,"Android 14, XOS 14.5",Mediatek Helio G100 (6 nm),Octa-core (2x2.2 GHz Cortex-A76 & 6x2.0 GHz Cortex-A55),Mali-G57 MC2,microSDXC (dedicated slot),"128GB 6GB RAM, 128GB 8GB RAM, 256GB 6GB RAM, 256GB 8GB RAM",UFS,,"Dual-LED flash, panorama","1440p@30fps, 1080p@30/60fps","8 MP, f/2.0, (wide), 1/4.0""",Yes,5000 mAh,18W wired Reverse wired Bypass charging,,"50 MP, f/1.6, 27mm (wide), 1/2.76"", AF other unspecified cameras",,LED flash
infinix,https://www.gsmarena.com/infinix_zero_flip-13347.php,Infinix Zero Flip,Unfolded: 170.4 x 73.4 x 7.6 mm Folded: 87.5 x 73.4 x 16 mm,195 g (6.88 oz),,· Nano-SIM · Nano-SIM + Nano-SIM,,"Foldable LTPO AMOLED, 120Hz, 1400 nits (peak)","6.9 inches, 107.6 cm 2 (~86.1% screen-to-body ratio)",1080 x 2640 pixels (~413 ppi density),,"Android 14, up to 2 major Android upgrades, XOS 14.5",Mediatek Dimensity 8020 (6 nm),Octa-core (4x2.6 GHz Cortex-A78 & 4x2.0 GHz Cortex-A55),Mali-G77 MC9,No,"256GB 8GB RAM, 512GB 8GB RAM",UFS 3.1,"50 MP, f/1.9, 24mm (wide), 1/1.57"", 1.0µm, PDAF, OIS 50 MP, f/2.2, 115˚ (ultrawide), 1/2.8"", 0.64µm, PDAF","Dual-LED flash, HDR, panorama","4K@30fps, 1080p@30/60/120fps","50 MP, f/2.5, 25mm (wide), 1/2.76"", 0.64µm, PDAF","4K@30/60fps, 1080p@30/60/120fps",4720 mAh,70W wired 10W reverse wired,"Cover display: AMOLED, 120Hz, 1100 nits (peak) 3.64 inches, 1056 x 1066 pixels, 413 ppi, Gorilla Glass Victus 2",,,Dual-LED flash
infinix,https://www.gsmarena.com/infinix_hot_50-13305.php,Infinix Hot 50,165.7 x 77.1 x 7.8 mm (6.52 x 3.04 x 0.31 in),188 g (6.63 oz),"Glass front, plastic back, plastic frame",Nano-SIM + Nano-SIM,IP54 dust protected and water resistant (water splashes),"IPS LCD, 120Hz, 480 nits (typ)","6.7 inches, 108.4 cm 2 (~84.8% screen-to-body ratio)","720 x 1600 pixels, 20:9 ratio (~262 ppi density)",,"Android 14, XOS 14.5",Mediatek Dimensity 6300 (6 nm),Octa-core (2x2.4 GHz Cortex-A76 & 6x2.0 GHz Cortex-A55),Mali-G57 MC2,microSDXC (uses shared SIM slot),"128GB 4GB RAM, 128GB 8GB RAM, 256GB 6GB RAM, 256GB 8GB RAM",UFS 2.2,"48 MP, f/1.8, (wide), 1/2.0"", 0.8µm, AF Auxiliary lenses",Dual-LED flash,"1440p@30fps, 1080p@30/60fps","8 MP, f/2.0, (wide), 1/4.0""",Yes,Li-Po 5000 mAh,18W wired Reverse wired,,,,LED flash
infinix,https://www.gsmarena.com/infinix_zero_40-13290.php,Infinix Zero 40,164.3 x 74.8 x 7.9 mm (6.47 x 2.94 x 0.31 in),195 g (6.88 oz),,Nano-SIM + Nano-SIM,IP54 dust protected and water resistant (water splashes),"AMOLED, 1B colors, HDR, 144Hz, 1300 nits (HBM)","6.78 inches, 109.9 cm 2 (~89.4% screen-to-body ratio)",1080 x 2436 pixels (~393 ppi density),Corning Gorilla Glass 5,"Android 14, up to 2 major Android upgrades, XOS 14.5",Mediatek Dimensity 8200 Ultimate (4 nm),Octa-core (1x3.1 GHz Cortex-A78 & 3x3.0 GHz Cortex-A78 & 4x2.0 GHz Cortex-A55),Mali-G610 MC6,No,"256GB 12GB RAM, 512GB 12GB RAM",UFS 3.1,,"Triple-LED flash, HDR, panorama","4K@30/60fps, 1080p@30/60/120/240fps, gyro-EIS, OIS","50 MP, f/2.5, 21mm (wide), 1/2.76"", PDAF","4K@30/60fps, 1080p@30/60fps",5000 mAh,"45W wired, 60% in 25 min 20W wireless 10W reverse wired Bypass Charging 2.0",,"108 MP, f/1.8, (wide), 1/1.67"", PDAF, OIS 50 MP, f/2.0, 120˚, (ultrawide), 1/2.76"", PDAF Auxiliary lens",,Dual-LED flash
infinix,https://www.gsmarena.com/infinix_zero_40_4g-13276.php,Infinix Zero 40 4G,164.3 x 74.6 x 7.7 mm (6.47 x 2.94 x 0.30 in),180 g (6.35 oz),,Nano-SIM + Nano-SIM,IP54 dust protected and water resistant (water splashes),"AMOLED, 1B colors, 120Hz, 1300 nits (HBM)","6.78 inches, 109.9 cm 2 (~89.7% screen-to-body ratio)",1080 x 2436 pixels (~393 ppi density),Corning Gorilla Glass 5,"Android 14, up to 2 major Android upgrades, XOS 14.5",Mediatek Helio G100 (6 nm),Octa-core (2x2.2 GHz Cortex-A76 & 6x2.0 GHz Cortex-A55),Mali-G57 MC2,No,"256GB 8GB RAM, 512GB 8GB RAM",UFS 2.2,,"Dual-LED flash, HDR, panorama","1440p@30fps, 1080p@30/60fps, gyro-EIS, OIS","50 MP, f/2.5, 21mm (wide), 1/2.76"", PDAF","1440p@30fps, 1080p@30/60fps",5000 mAh,"45W wired, 50% in 25 min 10W reverse wired Bypass Charging 2.0",,"108 MP, f/1.8, (wide), 1/1.67"", PDAF, OIS 50 MP, f/2.0, 120˚, (ultrawide), 1/2.76"", PDAF Auxiliary lens",,Dual-LED flash
infinix,https://www.gsmarena.com/infinix_xpad-13263.php,Infinix Xpad,257 x 168.6 x 7.6 mm (10.12 x 6.64 x 0.30 in),496 g (1.09 lb),"Glass front, aluminum frame, aluminum back",Nano-SIM (cellular model only),,"IPS LCD, 90Hz, 440 nits","11.0 inches, 350.9 cm 2 (~81.0% screen-to-body ratio)","1200 x 1920 pixels, 16:10 ratio (~206 ppi density)",,"Android 14, XOS 14",Mediatek Helio G99 (6 nm),Octa-core (2x2.2 GHz Cortex-A76 & 6x2.0 GHz Cortex-A55),Mali-G57 MC2,microSDXC,"128GB 4GB RAM, 256GB 4GB RAM, 256GB 8GB RAM",eMMC,,Quad-LED flash,"1440p@30fps, 1080p@30fps",8 MP,1080p@30fps,Li-Po 7000 mAh,"18W wired, 50% in 40 min",,,8 MP,Dual-LED flash
infinix,https://www.gsmarena.com/infinix_note_40x_5g-13246.php,Infinix Note 40X 5G,168.9 x 76.5 x 8.3 mm (6.65 x 3.01 x 0.33 in),201 g (7.09 oz),,Nano-SIM + Nano-SIM,Dust and splash resistant,"IPS LCD, 120Hz, 500","6.78 inches, 109.2 cm 2 (~84.5% screen-to-body ratio)",1080 x 2460 pixels (~396 ppi density),,"Android 14, XOS 14",Mediatek Dimensity 6300 (6 nm),Octa-core (2x2.4 GHz Cortex-A76 & 6x2.0 GHz Cortex-A55),Mali-G57 MC2,microSDXC (dedicated slot),"256GB 8GB RAM, 256GB 12GB RAM",UFS 2.2,,"Quad-LED flash, HDR, panorama","1440p@30fps, 1080p@30/60fps","8 MP, (wide)",1080p@30fps,5000 mAh,"18W wired, 50% in 31 min Reverse wired",,"108 MP, f/1.8, (wide), PDAF 2 MP (macro) Auxiliary lens",,Dual-LED flash
infinix,https://www.gsmarena.com/infinix_note_40_5g-13035.php,Infinix Note 40 5G,165.5 x 75.9 x 7.9 mm (6.52 x 2.99 x 0.31 in),185 g (6.53 oz),,Nano-SIM + Nano-SIM,IP53 dust protected and water resistant (vertical water sprays),"AMOLED, 1B colors, 120Hz, 1300 nits (peak)","6.78 inches, 109.9 cm 2 (~87.5% screen-to-body ratio)",1080 x 2436 pixels (~393 ppi density),,"Android 14, XOS 14",Mediatek Dimensity 7020 (6 nm),Octa-core (2x2.2 GHz Cortex-A78 & 6x2.0 GHz Cortex-A55),IMG BXM-8-256,microSDXC (dedicated slot),"256GB 8GB RAM, 512GB 12GB RAM",UFS 2.2,,"Quad-LED flash, HDR, panorama","1440p@30fps, 1080p@30/60fps","32 MP, f/2.2, (wide)",1080p@30fps,5000 mAh,"33W wired, 50% in 31 min 15W wireless MagCharge Reverse wired Reverse wireless",,"108 MP, f/1.8, 24mm (wide), PDAF 2 MP, f/2.4 2 MP, f/2.4",,Dual-LED flash
infinix,https://www.gsmarena.com/infinix_gt_20_pro-12962.php,Infinix GT 20 Pro,164.3 x 75.4 x 8.2 mm (6.47 x 2.97 x 0.32 in),194 g (6.84 oz),,Nano-SIM + Nano-SIM,IP54 dust protected and water resistant (water splashes) Customizable RGB LEDs on the back,"AMOLED, 1B colors, 144Hz, 2304Hz PWM, 1300 nits (peak)","6.78 inches, 112.7 cm 2 (~91.0% screen-to-body ratio)",1080 x 2436 pixels (~388 ppi density),,"Android 14, XOS 14",Mediatek Dimensity 8200 Ultimate (4 nm),Octa-core (1x3.1 GHz Cortex-A78 & 3x3.0 GHz Cortex-A78 & 4x2.0 GHz Cortex-A55),Mali-G610 MC6,Unspecified,"256GB 8GB RAM, 256GB 12GB RAM",UFS 3.1,,"Quad-LED flash, HDR, panorama","4K@30/60fps, 1080p@30/60/120/240fps","32 MP, f/2.2, 22mm (wide)","1440p@30fps, 1080p@30/60fps",5000 mAh,"45W wired, PD3",,"108 MP, f/1.8, 24mm (wide), 1/1.67"", 0.64µm, AF, OIS 2 MP (macro) Auxiliary lens",,Dual-LED flash
infinix,https://www.gsmarena.com/infinix_note_40_pro+-12874.php,Infinix Note 40 Pro+,164.3 x 74.5 x 8.1 mm (6.47 x 2.93 x 0.32 in),190 g or 196 g (6.70 oz),"Glass front, plastic frame, silicone polymer (eco leather) back",Nano-SIM + Nano-SIM,IP53 dust protected and water resistant (vertical water sprays),"AMOLED, 1B colors, 120Hz, 1300 nits (peak)","6.78 inches, 109.9 cm 2 (~89.8% screen-to-body ratio)",1080 x 2436 pixels (~393 ppi density),Corning Gorilla Glass,"Android 14, up to 2 major Android upgrades, XOS 14",Mediatek Dimensity 7020 (6 nm),Octa-core (2x2.2 GHz Cortex-A78 & 6x2.0 GHz Cortex-A55),IMG BXM-8-256,No,"256GB 12GB RAM, 512GB 12GB RAM",UFS 2.2,,"Dual-LED flash, HDR, panorama","1440p@30fps, 1080p@30/60fps","32 MP, f/2.2, (wide), 1/3.1"", 0.7µm","1440p@30fps, 1080p@30/60fps",4600 mAh,"100W wired, 50% in 12 min 20W wireless MagCharge Reverse wired Reverse wireless",,"108 MP, f/1.8, 24mm (wide), 1/1.67"", 0.64µm, PDAF, OIS 2 MP, f/2.4 2 MP, f/2.4",,Dual-LED flash
infinix,https://www.gsmarena.com/infinix_note_40_pro-12875.php,Infinix Note 40 Pro,164.3 x 74.5 x 8.1 mm (6.47 x 2.93 x 0.32 in),190 g or 196 g (6.70 oz),,Nano-SIM + Nano-SIM,IP53 dust protected and water resistant (vertical water sprays),"AMOLED, 1B colors, 120Hz, 2160Hz PWM, 1300 nits (peak)","6.78 inches, 109.9 cm 2 (~89.8% screen-to-body ratio)",1080 x 2436 pixels (~393 ppi density),Corning Gorilla Glass,"Android 14, XOS 14",Mediatek Dimensity 7020 (6 nm),Octa-core (2x2.2 GHz Cortex-A78 & 6x2.0 GHz Cortex-A55),IMG BXM-8-256,Unspecified,256GB 8GB RAM,UFS 2.2,,"Dual-LED flash, HDR, panorama","1440p@30fps, 1080p@30/60fps","32 MP, f/2.2, (wide), 1/3.1""",1080p@30fps,5000 mAh,"45W wired, 50% in 26 min 20W wireless MagCharge Reverse wired Reverse wireless",,"108 MP, f/1.8, (wide), PDAF, OIS 2 MP, f/2.4 2 MP, f/2.4",,Dual-LED flash
infinix,https://www.gsmarena.com/infinix_note_40_pro_4g-12876.php,Infinix Note 40 Pro 4G,164.4 x 74.6 x 7.8 mm (6.47 x 2.94 x 0.31 in),190 g (6.70 oz),,Nano-SIM + Nano-SIM,IP54 dust protected and water resistant (water splashes),"AMOLED, 120Hz, 1300 nits (peak)","6.78 inches, 109.9 cm 2 (~89.6% screen-to-body ratio)",1080 x 2436 pixels (~393 ppi density),Corning Gorilla Glass,"Android 14, XOS 14",Mediatek Helio G99 Ultimate,Octa-core (2x2.2 GHz Cortex-A76 & 6x2.0 GHz Cortex-A55),Mali-G57 MC2,Unspecified,"256GB 8GB RAM, 256GB 12GB RAM",UFS 2.2,,"Quad-LED flash, HDR, panorama","1440p@30fps, 1080p@30/60fps","32 MP, f/2.2, (wide), 1/3.1""",1080p@30fps,5000 mAh,"70W wired, 50% in 20 min 20W wireless MagCharge Reverse wired Reverse wireless",,"108 MP, f/1.8, (wide), 1/1.67"", PDAF, OIS 2 MP, f/2.4 2 MP, f/2.4",,Dual-LED flash
infinix,https://www.gsmarena.com/infinix_note_40-12877.php,Infinix Note 40,164.1 x 74.5 x 7.8 mm (6.46 x 2.93 x 0.31 in),190 g (6.70 oz),,Nano-SIM + Nano-SIM,IP54 dust protected and water resistant (water splashes),"AMOLED, 120Hz, 1300 nits (peak)","6.78 inches, 109.9 cm 2 (~89.9% screen-to-body ratio)",1080 x 2436 pixels (~393 ppi density),Corning Gorilla Glass,"Android 14, XOS 14",Mediatek Helio G99 Ultimate,Octa-core (2x2.2 GHz Cortex-A76 & 6x2.0 GHz Cortex-A55),Mali-G57 MC2,Unspecified,256GB 8GB RAM,UFS 2.2,,"Quad-LED flash, HDR, panorama","1440p@30fps, 1080p@30/60fps","32 MP, f/2.2, (wide), 1/3.1""",1080p@30fps,5000 mAh,"45W wired, 50% in 26 min 20W wireless MagCharge Reverse wired Reverse wireless",,"108 MP, f/1.9, (wide), 1/1.52"", PDAF 2 MP, f/2.4 3rd unspecified camera",,
infinix,https://www.gsmarena.com/infinix_smart_8_plus-12817.php,Infinix Smart 8 Plus,163.7 x 75.7 x 9 mm (6.44 x 2.98 x 0.35 in),204 g (7.20 oz),"Glass front, plastic back, plastic frame",Nano-SIM + Nano-SIM,,"IPS LCD, 90Hz, 500 nits (peak)","6.6 inches, 104.6 cm 2 (~84.4% screen-to-body ratio)","720 x 1612 pixels, 20:9 ratio (~267 ppi density)",,"Android 13 (Go edition), XOS 13",Mediatek Helio G36 (12 nm),Octa-core (4x2.2 GHz Cortex-A53 & 4x1.6 GHz Cortex-A53),PowerVR GE8320,microSDXC (dedicated slot),"64GB 4GB RAM, 128GB 4GB RAM",,,"Ring-LED flash, HDR, panorama",1080p@30fps,"8 MP, f/2.0, (wide)",Yes,6000 mAh,18W wired Reverse wired,,,"50 MP, f/1.9, (wide), AF Auxiliary lens",
infinix,https://www.gsmarena.com/infinix_smart_8_pro-12812.php,Infinix Smart 8 Pro,163.6 x 75.6 x 8.5 mm (6.44 x 2.98 x 0.33 in),189 g (6.67 oz),"Glass front, plastic back, plastic frame",Nano-SIM + Nano-SIM,,"IPS LCD, 90Hz, 500 nits (peak)","6.6 inches, 104.6 cm 2 (~84.6% screen-to-body ratio)","720 x 1612 pixels, 20:9 ratio (~267 ppi density)",,"Android 13 (Go edition), XOS 13",Mediatek Helio G36 (12 nm),Octa-core (4x2.2 GHz Cortex-A53 & 4x1.6 GHz Cortex-A53),PowerVR GE8320,microSDXC (dedicated slot),"64GB 4GB RAM, 128GB 8GB RAM, 256GB 4GB RAM",,,"Ring-LED flash, HDR, panorama",1080p@30fps,"8 MP, f/2.0, (wide)",Yes,5000 mAh,10W wired Reverse wired,,,"50 MP, f/1.9, (wide), AF Auxiliary lens",
infinix,https://www.gsmarena.com/infinix_smart_8_(india)-12792.php,infinix_smart_8_(india)-12792.php,,,,,,,,,,,,,,,,,,,,,,,,,,,
infinix,https://www.gsmarena.com/infinix_smart_8_hd-12736.php,Infinix Smart 8 HD,163.6 x 75.6 x 8.5 mm (6.44 x 2.98 x 0.33 in),184 g (6.49 oz),"Glass front, plastic back, plastic frame",Nano-SIM + Nano-SIM,,"IPS LCD, 90Hz, 500 nits (peak)","6.6 inches, 104.6 cm 2 (~84.6% screen-to-body ratio)","720 x 1612 pixels, 20:9 ratio (~267 ppi density)",,"Android 13, XOS 13",Unisoc T606 (12 nm),Octa-core (2x1.6 GHz Cortex-A75 & 6x1.6 GHz Cortex-A55),Mali-G57 MP1,microSDXC (dedicated slot),"64GB 3GB RAM, 64GB 4GB RAM",UFS 2.2,,"Ring-LED flash, HDR, panorama",1080p@30fps,"8 MP, f/2.0, (wide)",Yes,5000 mAh,10W wired Reverse wired,,,"13 MP, f/1.8, 27mm (wide), AF Auxiliary lens",
infinix,https://www.gsmarena.com/infinix_hot_40_pro-12733.php,Infinix Hot 40 Pro,168.6 x 76.6 x 8.3 mm (6.64 x 3.02 x 0.33 in),199 g (7.02 oz),"Glass front, plastic back, plastic frame",Nano-SIM + Nano-SIM,,"IPS LCD, 120Hz, 500 nits (peak)","6.78 inches, 109.2 cm 2 (~84.5% screen-to-body ratio)",1080 x 2460 pixels (~396 ppi density),,"Android 13, XOS 13.5",Mediatek Helio G99 (6 nm),Octa-core (2x2.2 GHz Cortex-A76 & 6x2.0 GHz Cortex-A55),Mali-G57 MC2,microSDXC (dedicated slot),"128GB 8GB RAM, 256GB 8GB RAM, 256GB 12GB RAM",UFS 2.2,"108 MP, f/1.8, (wide), 1/1.67"", 0.64µm, AF 2 MP (macro) Auxiliary lens","Quad-LED flash, HDR, panorama","1440p@30fps, 1080p@30fps","32 MP, f/2.2, (wide), 1/3.15"", 0.7µm",1080p@30fps,5000 mAh,"33W wired, 20-75% in 35 min Reverse wired",,,,Dual-LED flash
infinix,https://www.gsmarena.com/infinix_hot_40-12732.php,Infinix Hot 40,168.6 x 76.6 x 8.3 mm (6.64 x 3.02 x 0.33 in),196 g (6.91 oz),"Glass front, plastic back, plastic frame",Nano-SIM + Nano-SIM,,"IPS LCD, 90Hz, 500 nits (peak)","6.78 inches, 109.2 cm 2 (~84.5% screen-to-body ratio)",1080 x 2460 pixels (~396 ppi density),,"Android 13, XOS 13.5",Mediatek MT6769H Helio G88 (12 nm),Octa-core (2x2.0 GHz Cortex-A75 & 6x1.8 GHz Cortex-A55),Mali-G52 MC2,microSDXC (dedicated slot),"128GB 8GB RAM, 256GB 8GB RAM",,"50 MP, f/1.6, (wide), AF 2 MP (macro) Auxiliary lens","Quad-LED flash, HDR, panorama","1440p@30fps, 1080p@30fps","32 MP, f/2.2, (wide)",1080p@30fps,5000 mAh,"33W wired, 20-75% in 35 min Reverse wired",,,,Dual-LED flash
infinix,https://www.gsmarena.com/infinix_hot_40i-12731.php,Infinix Hot 40i,163.6 x 75.6 x 8.3 mm (6.44 x 2.98 x 0.33 in),190 g (6.70 oz),"Glass front, plastic back, plastic frame",Nano-SIM + Nano-SIM,,"IPS LCD, 90Hz, 480 nits (peak)","6.56 inches, 103.4 cm 2 (~83.6% screen-to-body ratio)","720 x 1612 pixels, 20:9 ratio (~269 ppi density)",,"Android 13, XOS 13",Unisoc T606 (12 nm),Octa-core (2x1.6 GHz Cortex-A75 & 6x1.6 GHz Cortex-A55),Mali-G57 MP1,microSDXC (dedicated slot),"128GB 4GB RAM, 128GB 8GB RAM, 256GB 8GB RAM",,,"Quad-LED flash, HDR, panorama",1080p@30fps,"32 MP, f/2.2, 22mm (wide), 1/3.15"", 0.7µm",1080p@30fps,5000 mAh,18W wired Reverse wired,,,"50 MP, f/1.6, 27mm (wide), 1/2.75"", 0.64µm, AF Auxiliary lens",Dual-LED flash
infinix,https://www.gsmarena.com/infinix_smart_8-12642.php,Infinix Smart 8,163.6 x 75.6 x 8.5 mm (6.44 x 2.98 x 0.33 in),184 g (6.49 oz),"Glass front, plastic back, plastic frame",Nano-SIM + Nano-SIM,,"IPS LCD, 90Hz, 500 nits (peak)","6.6 inches, 104.6 cm 2 (~84.6% screen-to-body ratio)","720 x 1612 pixels, 20:9 ratio (~267 ppi density)",,Android 13,Unisoc T606 (12 nm),Octa-core (2x1.6 GHz Cortex-A75 & 6x1.6 GHz Cortex-A55),Mali-G57 MP1,microSDXC (dedicated slot),"64GB 2GB RAM, 64GB 3GB RAM, 64GB 4GB RAM, 128GB 4GB RAM",,,"Ring-LED flash, HDR, panorama",1080p@30fps,"8 MP, f/2.0, 26mm (wide), 1/3.94"", 1.12µm",Yes,5000 mAh,10W wired Reverse wired,,,"13 MP, f/1.9, 27mm (wide), 1/3.05"", 1.12µm, AF Auxiliary lens",
infinix,https://www.gsmarena.com/infinix_zero_30_4g-12641.php,Infinix Zero 30 4G,164.5 x 75 x 7.9 mm (6.48 x 2.95 x 0.31 in),182 g (6.42 oz),,Nano-SIM + Nano-SIM,IP54 dust protected and water resistant (water splashes),"AMOLED, 1B colors, 120Hz, 950 nits (peak)","6.78 inches, 111.0 cm 2 (~90.0% screen-to-body ratio)","1080 x 2400 pixels, 20:9 ratio (~388 ppi density)",Corning Gorilla Glass 5,"Android 13, XOS 13",Mediatek Helio G99 (6 nm),Octa-core (2x2.2 GHz Cortex-A76 & 6x2.0 GHz Cortex-A55),Mali-G57 MC2,No,256GB 8GB RAM,UFS 2.2,,"Quad-LED flash, HDR, panorama","1440p@30fps, 1080p@30/60fps","50 MP, f/2.5, (wide), 1/2.76"", PDAF","1440p@30fps, 1080p@30/60fps",5000 mAh,"45W wired, PD3.0, 75% in 30 min",,"108 MP, f/1.7, (wide), 1/1.67"", PDAF 2 MP, f/2.4 2 MP, f/2.4",,Dual-LED flash
infinix,https://www.gsmarena.com/infinix_zero_30-12518.php,Infinix Zero 30,164.5 x 75 x 7.9 mm (6.48 x 2.95 x 0.31 in),185 g (6.53 oz),"Glass front (Gorilla Glass 5), glass back (Gorilla Glass 5) or eco leather back, plastic frame",Nano-SIM + Nano-SIM,IP53 dust protected and water resistant (vertical water sprays),"AMOLED, 1B colors, 144Hz, 950 nits (peak)","6.78 inches, 111.0 cm 2 (~90.0% screen-to-body ratio)","1080 x 2400 pixels, 20:9 ratio (~388 ppi density)",Corning Gorilla Glass 5,"Android 13, XOS 13",Mediatek Dimensity 8020 (6 nm),Octa-core (4x2.6 GHz Cortex-A78 & 4x2.0 GHz Cortex-A55),Mali-G77 MC9,No,"256GB 8GB RAM, 256GB 12GB RAM",UFS 3.1,,"LED flash, HDR, panorama","4K@30/60fps, 1080p@30/60fps","50 MP, f/2.5, (wide), 1/2.76"", PDAF","4K@30/60fps, 1080p@30fps",5000 mAh,"68W wired, 80% in 30 min",,"108 MP, f/1.7, (wide), 1/1.67"", PDAF, OIS 13 MP, f/2.2, 120˚ (ultrawide) 2 MP, f/2.4",,LED flash
infinix,https://www.gsmarena.com/infinix_gt_10_pro-12451.php,Infinix GT 10 Pro,162.7 x 75.9 x 8.1 mm (6.41 x 2.99 x 0.32 in),187 g (6.60 oz),,Nano-SIM + Nano-SIM,LED strip on the back,"AMOLED, 1B colors, 120Hz, 900 nits (peak)","6.67 inches, 107.4 cm 2 (~87.0% screen-to-body ratio)","1080 x 2400 pixels, 20:9 ratio (~395 ppi density)",,"Android 13, up to 1 major Android upgrades, XOS 13",Mediatek Dimensity 8050 (6 nm),Octa-core (1x3.0 GHz Cortex-A78 & 3x2.6 GHz Cortex-A78 & 4x2.0 GHz Cortex-A55),Mali-G77 MC9,microSDXC (dedicated slot),256GB 8GB RAM,UFS 3.1,,"Quad-LED flash, HDR, panorama","4K@30fps, 1080p@30/60fps","32 MP, f/2.5, (wide)","1440p@30fps, 1080p@30/60fps",5000 mAh,"45W wired, PD3",,"108 MP, f/1.8, (wide), 1/1.67"", 0.64µm, AF 2 MP (macro) Auxiliary lens",,Dual-LED flash
infinix,https://www.gsmarena.com/infinix_hot_30_5g-12424.php,Infinix Hot 30 5G,168.5 x 76.5 x 9.2 mm (6.63 x 3.01 x 0.36 in),215 g (7.58 oz),"Glass front, plastic frame, plastic back",Nano-SIM + Nano-SIM,IP53 dust protected and water resistant (vertical water sprays),"IPS LCD, 120Hz, 580 nits (peak)","6.78 inches, 109.2 cm 2 (~84.7% screen-to-body ratio)",1080 x 2460 pixels (~396 ppi density),,"Android 13, XOS 13",Mediatek Dimensity 6020 (7 nm),Octa-core (2x2.2 GHz Cortex-A76 & 6x2.0 GHz Cortex-A55),Mali-G57 MC2,microSDXC (dedicated slot),"128GB 4GB RAM, 128GB 8GB RAM",,,"Quad-LED flash, HDR, panorama","1440p@30fps, 1080p@30fps","8 MP, f/2.0, (wide)",1080p@30fps,5000 mAh,18W wired,,,"50 MP, f/1.6, (wide), 1/2.55"", AF Auxiliary lens",Dual-LED flash
infinix,https://www.gsmarena.com/infinix_note_30_vip-12365.php,Infinix Note 30 VIP,162.7 x 75.9 x 8.2 mm (6.41 x 2.99 x 0.32 in),190 g (6.70 oz),"Glass front, plastic frame, glass back",Nano-SIM + Nano-SIM,IP53 dust protected and water resistant (vertical water sprays)* * market/region dependent availability,"AMOLED, 1B colors, 120Hz, 900 nits (peak)","6.67 inches, 107.4 cm 2 (~87.0% screen-to-body ratio)","1080 x 2400 pixels, 20:9 ratio (~395 ppi density)",,"Android 13, XOS 13",Mediatek Dimensity 8050 (6 nm),Octa-core (1x3.0 GHz Cortex-A78 & 3x2.6 GHz Cortex-A78 & 4x2.0 GHz Cortex-A55),Mali-G77 MC9,microSDXC (dedicated slot),"256GB 8GB RAM, 256GB 12GB RAM",UFS 3.1,,"Quad-LED flash, HDR, panorama","4K@30fps, 1080p@30/60fps","32 MP, f/2.5, (wide)",1080p@30fps,5000 mAh,"68W wired, PD3.0, PPS, 80% in 30 min, bypass charging 50W wireless, 50% in 30 min Reverse wired Reverse wireless",,"108 MP, f/1.8, (wide), 1/1.67"", PDAF 2 MP, f/2.4 2 MP, f/2.4",,Dual-LED flash
infinix,https://www.gsmarena.com/infinix_hot_30_play_nfc-12289.php,Infinix Hot 30 Play NFC,170.6 x 77.5 x 8.6 mm (6.72 x 3.05 x 0.34 in),205 g (7.23 oz),"Glass front, plastic frame, plastic back",Nano-SIM + Nano-SIM,,"IPS LCD, 90Hz, 500 nits (peak)","6.82 inches, 110.5 cm 2 (~83.5% screen-to-body ratio)",720 x 1640 pixels (~263 ppi density),,"Android 13, XOS 12.6",Mediatek MT6765 Helio G37 (12 nm),Octa-core (4x2.3 GHz Cortex-A53 & 4x1.7 GHz Cortex-A53),PowerVR GE8320,microSDXC (dedicated slot),"128GB 4GB RAM, 128GB 8GB RAM",eMMC 5.1,"16 MP, f/1.8, (wide), PDAF Auxiliary lens","Dual-LED flash, HDR, panorama",1080p@30fps,"8 MP, f/2.0, (wide)",1080p@30fps,6000 mAh,18W wired,,,,"Dual-LED flash, HDR"
infinix,https://www.gsmarena.com/infinix_note_30_pro-12273.php,Infinix Note 30 Pro,162.7 x 76 x 8.2 mm (6.41 x 2.99 x 0.32 in),203 g (7.16 oz),"Glass front, plastic frame, glass back",Nano-SIM + Nano-SIM,IP53 dust protected and water resistant (vertical water sprays),"AMOLED, 1B colors, 120Hz, 900 nits (peak)","6.67 inches, 107.4 cm 2 (~86.9% screen-to-body ratio)","1080 x 2400 pixels, 20:9 ratio (~395 ppi density)",,"Android 13, XOS 13",Mediatek Helio G99 (6 nm),Octa-core (2x2.2 GHz Cortex-A76 & 6x2.0 GHz Cortex-A55),Mali-G57 MC2,microSDXC (dedicated slot),256GB 8GB RAM,UFS 2.2,,"Quad-LED flash, HDR, panorama","1440p@30fps, 1080p@30fps","32 MP, f/2.0, (wide), 1/2.8""",1080p@30fps,5000 mAh,"68W wired, PD3.0, 80% in 30 min 15W wireless Reverse wireless",,"108 MP, (wide), 1/1.67"", PDAF 2 MP (macro) Auxiliary lens",,"LED flash, HDR"
infinix,https://www.gsmarena.com/infinix_note_30-12288.php,Infinix Note 30,168.6 x 76.6 x 8.6 mm (6.64 x 3.02 x 0.34 in),219 g (7.72 oz),"Glass front, plastic frame, glass or leather back",Nano-SIM + Nano-SIM,,"IPS LCD, 120Hz, 580 nits (peak)","6.78 inches, 109.2 cm 2 (~84.5% screen-to-body ratio)",1080 x 2460 pixels (~396 ppi density),,Android 13,Mediatek Helio G99 (6 nm),Octa-core (2x2.2 GHz Cortex-A76 & 6x2.0 GHz Cortex-A55),Mali-G57 MC2,microSDXC (dedicated slot),"128GB 8GB RAM, 256GB 8GB RAM",UFS,,"Quad-LED flash, HDR, panorama","1440p@30fps, 1080p@30/60fps","16 MP, f/2.0, (wide)","1440p@30fps, 1080p@30/60fps",5000 mAh,45W wired,,"64 MP, f/1.7, (wide), 1/2.0"", 0.7µm, PDAF Auxiliary lenses",,"LED flash, HDR"
infinix,https://www.gsmarena.com/infinix_note_30_5g-12272.php,infinix_note_30_5g-12272.php,,,,,,,,,,,,,,,,,,,,,,,,,,,
infinix,https://www.gsmarena.com/infinix_note_30i-12274.php,Infinix Note 30i,164.5 x 76.7 x 8.2 mm (6.48 x 3.02 x 0.32 in),198 g (6.98 oz),"Glass front, plastic frame, glass back or eco leather back",Nano-SIM + Nano-SIM,IP53 dust protected and water resistant (vertical water sprays),AMOLED,"6.66 inches, 107.1 cm 2 (~84.9% screen-to-body ratio)","1080 x 2400 pixels, 20:9 ratio (~395 ppi density)",,"Android 13, XOS 13",Mediatek MT6769 Helio G85 (12 nm),Octa-core (2x2.0 GHz Cortex-A75 & 6x1.8 GHz Cortex-A55),Mali-G52 MC2,Unspecified,256GB 8GB RAM,,"64 MP, f/1.7, (wide), 1/2.0"", PDAF Auxiliary lens","Quad-LED flash, HDR, panorama","1440p@30fps, 1080p@30fps","16 MP, f/2.0",1080p@30fps,5000 mAh,"33W wired, PD3.0, 95% in 60 min Reverse wired",,,,Dual-LED flash
infinix,https://www.gsmarena.com/infinix_smart_7_hd-12243.php,Infinix Smart 7 HD,163.9 x 75.5 x 8.7 mm (6.45 x 2.97 x 0.34 in),196.5 g (6.95 oz),"Glass front, plastic back, plastic frame",Nano-SIM + Nano-SIM,,"IPS LCD, 500 nits","6.6 inches, 104.6 cm 2 (~84.6% screen-to-body ratio)","720 x 1612 pixels, 20:9 ratio (~267 ppi density)",,Android 12 (Go edition),,Octa-core 1.6 GHz,,microSDXC (dedicated slot),64GB 2GB RAM,UFS 2.1,,"Dual-LED flash, HDR, panorama",1080p@30fps,"5 MP, f/2.0",720p@30fps,5000 mAh,10W wired,,,"8 MP, f/2.0 Auxiliary lens",LED flash
infinix,https://www.gsmarena.com/infinix_hot_30i_(50_mp)-14011.php,Infinix Hot 30i (50 MP),164 x 75.8 x 8.4 mm (6.46 x 2.98 x 0.33 in),191 g (6.74 oz),"Glass front, plastic frame, plastic back",Nano-SIM + Nano-SIM,,"IPS LCD, 90Hz, 500 nits (peak)","6.56 inches, 103.4 cm 2 (~83.2% screen-to-body ratio)","720 x 1612 pixels, 20:9 ratio (~269 ppi density)",Panda Glass,"Android 12, XOS 12",Mediatek Helio G37 (12 nm),Octa-core (4x2.3 GHz Cortex-A53 & 4x1.8 GHz Cortex-A53),PowerVR GE8320,microSDXC (dedicated slot),128GB 8GB RAM,eMMC 5.1,,"Dual-LED flash, HDR, panorama",1080p@30fps,"5 MP, f/2.0, (wide)",1080p@30fps,Li-Po 5000 mAh,10W wired,,,"50 MP, f/1.6, (wide), AF Auxiliary lens",Dual-LED flash
infinix,https://www.gsmarena.com/infinix_hot_30i-12216.php,Infinix Hot 30i,164 x 75.8 x 8.4 mm (6.46 x 2.98 x 0.33 in),191 g (6.74 oz),"Glass front, plastic frame, plastic back",Nano-SIM + Nano-SIM,,"IPS LCD, 90Hz, 500 nits (peak)","6.56 inches, 103.4 cm 2 (~83.2% screen-to-body ratio)","720 x 1612 pixels, 20:9 ratio (~269 ppi density)",,"Android 12, XOS 10.6",Unisoc T606 (12 nm),Octa-core (2x1.6 GHz Cortex-A75 & 6x1.6 GHz Cortex-A55),Mali-G57 MP1,microSDXC (dedicated slot),"64GB 4GB RAM, 128GB 4GB RAM, 128GB 8GB RAM",UFS 2.2,,"Dual-LED flash, HDR, panorama",1080p@30fps,"8 MP, f/2.0, (wide), 1/3.94""",1080p@30fps,5000 mAh,18W wired,,,"13 MP, f/1.9, (wide), 1/3.07"", AF Auxiliary lens",Dual-LED flash
infinix,https://www.gsmarena.com/infinix_hot_30-12214.php,Infinix Hot 30,168.7 x 76.6 x 8.4 mm (6.64 x 3.02 x 0.33 in),196 g (6.91 oz),"Glass front, plastic frame, plastic back",Nano-SIM + Nano-SIM,,"IPS LCD, 90Hz, 500 nits (typ), 600 nits (peak)","6.78 inches, 109.2 cm 2 (~84.5% screen-to-body ratio)",1080 x 2460 pixels (~396 ppi density),,"Android 13, XOS 12.6",Mediatek MT6769H Helio G88 (12 nm),Octa-core (2x2.0 GHz Cortex-A75 & 6x1.8 GHz Cortex-A55),Mali-G52 MC2,microSDXC (dedicated slot),"128GB 4GB RAM, 128GB 8GB RAM, 256GB 8GB RAM",,,"Quad-LED flash, HDR, panorama","1440p@30fps, 1080p@30fps","8 MP, f/2.5, (wide)",1080p@30fps,5000 mAh,"33W wired, 55% in 30 min",,,"50 MP, f/1.6, (wide), 1/2.55"", AF Auxiliary lens",Dual-LED flash
infinix,https://www.gsmarena.com/infinix_smart_7_(india)-12131.php,Infinix Smart 7 (India),164.2 x 75.6 x 9.4 mm (6.46 x 2.98 x 0.37 in),207 g (7.30 oz),"Glass front, plastic back, plastic frame",Nano-SIM + Nano-SIM,,"IPS LCD, 500 nits","6.6 inches, 104.6 cm 2 (~84.3% screen-to-body ratio)","720 x 1612 pixels, 20:9 ratio (~267 ppi density)",,"Android 12, XOS 12",Unisoc SC9863A1 (22 nm),Octa-core (4x1.6 GHz Cortex-A55 & 4x1.2 GHz Cortex-A55),IMG8322,microSDXC (dedicated slot),"64GB 3GB RAM, 64GB 4GB RAM, 128GB 4GB RAM",eMMC 5.1,"13 MP, AF Auxiliary lens","Dual-LED flash, HDR, panorama",1080p@30fps,5 MP,720p@30fps,6000 mAh,10W wired,,,,LED flash
infinix,https://www.gsmarena.com/infinix_smart_7-12116.php,Infinix Smart 7,163.8 x 75.6 x 8.7 mm (6.45 x 2.98 x 0.34 in),188 g (6.63 oz),"Glass front, plastic back, plastic frame",Nano-SIM + Nano-SIM,,"IPS LCD, 500 nits","6.6 inches, 104.6 cm 2 (~84.5% screen-to-body ratio)","720 x 1612 pixels, 20:9 ratio (~267 ppi density)",,Android 12,Mediatek MT6761 Helio A22 (12 nm),Quad-core 2.0 GHz Cortex-A53,PowerVR GE8320,microSDXC (dedicated slot),"64GB 3GB RAM, 64GB 4GB RAM",eMMC 5.1,"13 MP, AF Auxiliary lens","Dual-LED flash, HDR, panorama",1080p@30fps,5 MP,720p@30fps,5000 mAh,10W wired,,,,LED flash
infinix,https://www.gsmarena.com/infinix_zero_5g_2023-11976.php,Infinix Zero 5G 2023,168.7 x 76.5 x 8.9 mm (6.64 x 3.01 x 0.35 in),201 g (7.09 oz),"Glass front, plastic frame, plastic back",Nano-SIM + Nano-SIM,,"IPS LCD, 120Hz, 500 nits (peak)","6.78 inches, 109.2 cm 2 (~84.6% screen-to-body ratio)",1080 x 2460 pixels (~396 ppi density),,"Android 12, upgradable to Android 13, XOS 13",Mediatek Dimensity 1080 Mediatek Dimensity 920 (6 nm) - X6815D,Octa-core (2x2.6 GHz Cortex-A78 & 6x2.0 GHz Cortex-A55) Octa-core (2x2.5 GHz Cortex-A78 & 6x2.0 GHz Cortex-A55) - X6815D,Mali-G68 MC4,microSDXC (dedicated slot),256GB 8GB RAM,,,"Quad-LED flash, HDR, panorama","4K@30fps, 1080p@30/60fps","16 MP, f/2.0, (wide), 1/3"", 1.0µm",1080p@30fps,5000 mAh,33W wired,,"50 MP, f/1.6, (wide), PDAF 2 MP (macro) Auxiliary lens",,Dual-LED flash
infinix,https://www.gsmarena.com/infinix_hot_20_play-11931.php,Infinix Hot 20 Play,171 x 78 x 8.9 mm (6.73 x 3.07 x 0.35 in),209.6 g (7.41 oz),"Glass front, plastic frame, plastic back",Nano-SIM + Nano-SIM,,"IPS LCD, 90Hz, 500 nits (peak)","6.82 inches, 110.5 cm 2 (~82.8% screen-to-body ratio)",720 x 1640 pixels (~263 ppi density),,"Android 12, XOS 10.6",Mediatek MT6765 Helio G37 (12 nm),Octa-core (4x2.3 GHz Cortex-A53 & 4x1.8 GHz Cortex-A53),PowerVR GE8320,microSDXC (dedicated slot),"64GB 4GB RAM, 128GB 4GB RAM",,"13 MP, f/1.8, (wide), 1/3.1"", 1.12µm, AF Auxiliary lens",Quad-LED flash,1080p@30fps,8 MP,1080p@30fps,6000 mAh,18W wired 5W reverse wired,,,,Dual-LED flash
infinix,https://www.gsmarena.com/infinix_hot_20s-11930.php,Infinix Hot 20S,168.7 x 76.8 x 8.5 mm (6.64 x 3.02 x 0.33 in),202 g (7.13 oz),"Glass front, plastic frame, plastic back",Nano-SIM + Nano-SIM,,"IPS LCD, 120Hz, 500 nits","6.78 inches, 109.2 cm 2 (~84.3% screen-to-body ratio)",1080 x 2460 pixels (~396 ppi density),,"Android 12, XOS 12",Mediatek MT6781 Helio G96 (12 nm),Octa-core (2x2.05 GHz Cortex-A76 & 6x2.0 GHz Cortex-A55),Mali-G57 MC2,microSDXC (dedicated slot),128GB 8GB RAM,,,"Quad-LED flash, HDR, panorama","1440p@30fps, 1080p@30fps",8 MP,1080p@30fps,5000 mAh,18W wired 5W reverse wired,,"50 MP, f/1.6, (wide), PDAF 2 MP (macro) Auxiliary lens",,Dual-LED flash
infinix,https://www.gsmarena.com/infinix_hot_20-11929.php,Infinix Hot 20,170.7 x 77.4 x 8.3 mm (6.72 x 3.05 x 0.33 in),198 g (6.98 oz),"Glass front, plastic frame, plastic back",Nano-SIM + Nano-SIM,,"IPS LCD, 90Hz","6.82 inches, 110.5 cm 2 (~83.6% screen-to-body ratio)",720 x 1640 pixels (~263 ppi density),,"Android 12, XOS 12",Mediatek MT6769Z Helio G85 (12 nm),Octa-core (2x2.0 GHz Cortex-A75 & 6x1.8 GHz Cortex-A55),Mali-G52 MC2,microSDXC (dedicated slot),"128GB 4GB RAM, 128GB 6GB RAM, 128GB 8GB RAM",,"50 MP, f/1.6, (wide), PDAF Auxiliary lens","Quad-LED flash, HDR, panorama",1080p@30fps,"8 MP, f/2.0, (wide)",1080p@30fps,5000 mAh,18W wired 5W reverse wired,,,,Dual-LED flash
infinix,https://www.gsmarena.com/infinix_note_12_(2023)-11912.php,Infinix Note 12 (2023),164.4 x 76.5 x 7.8 mm (6.47 x 3.01 x 0.31 in),195 g (6.88 oz),"Glass front, plastic frame, plastic back",Nano-SIM + Nano-SIM,,AMOLED,"6.7 inches, 108.4 cm 2 (~86.2% screen-to-body ratio)","1080 x 2400 pixels, 20:9 ratio (~393 ppi density)",,"Android 12, XOS 10.6",Mediatek Helio G99 (6 nm),Octa-core (2x2.2 GHz Cortex-A76 & 6x2.0 GHz Cortex-A55),Mali-G57 MC2,microSDXC (dedicated slot),"128GB 8GB RAM, 256GB 8GB RAM",,,"Quad-LED flash, HDR, panorama",1440p@30fps,"16 MP, (wide)",1440p@30fps,5000 mAh,33W wired,,"50 MP, f/1.6, (wide), PDAF Auxiliary lenses",,
infinix,https://www.gsmarena.com/infinix_zero_ultra-11922.php,Infinix Zero Ultra,165.5 x 74.5 x 8.8 mm - Coslight Silver 165.5 x 75.1 x 9.2 mm - Genesis Noir,213 g (7.51 oz),,Nano-SIM + Nano-SIM,,"AMOLED, 120Hz, 900 nits (HBM)","6.8 inches, 111.6 cm 2 (~90.5% screen-to-body ratio)","1080 x 2400 pixels, 20:9 ratio (~387 ppi density)",Corning Gorilla Glass 3,"Android 12, XOS 12",Mediatek Dimensity 920 (6 nm),Octa-core (2x2.5 GHz Cortex-A78 & 6x2.0 GHz Cortex-A55),Mali-G68 MC4,No,256GB 8GB RAM,,,"Dual-LED flash, HDR, panorama","4K@30fps, 1080p@30/60fps","32 MP, f/2.0, (wide)",1080p@30fps,4500 mAh,"180W wired, 100% in 12 min",,"200 MP, f/2.0, (wide), 1/1.22"", 0.64µm, dual pixel PDAF, OIS 13 MP, f/2.4, (ultrawide), AF 2 MP",,Dual-LED flash
infinix,https://www.gsmarena.com/infinix_hot_20_5g-11923.php,Infinix Hot 20 5G,166.3 x 76.5 x 8.9 mm (6.55 x 3.01 x 0.35 in),204 g (7.20 oz),"Glass front, plastic frame, plastic back",Nano-SIM + Nano-SIM,,"IPS LCD, 120Hz, 500 nits","6.58 inches, 104.3 cm 2 (~82.0% screen-to-body ratio)","1080 x 2408 pixels, 20:9 ratio (~401 ppi density)",,"Android 12, XOS 10.6",Mediatek Dimensity 810 (6 nm),Octa-core (2x2.4 GHz Cortex-A76 & 6x2.0 GHz Cortex-A55),Mali-G57 MC2,microSDXC (dedicated slot),"64GB 4GB RAM, 128GB 4GB RAM",,"50 MP, f/1.6, (wide), 1/2.8"", 0.64µm, PDAF Auxiliary lens","Dual-LED flash, HDR, panorama",1080p@30fps,"8 MP, f/2.0, (wide)",1080p@30fps,5000 mAh,18W wired 5W reverse wired,,,,LED flash
infinix,https://www.gsmarena.com/infinix_hot_20i-11924.php,Infinix Hot 20i,164.8 x 76.4 x 8.8 mm (6.49 x 3.01 x 0.35 in),195 g (6.88 oz),"Glass front, plastic back, plastic frame",Nano-SIM + Nano-SIM,,"IPS LCD, 500 nits (peak)","6.6 inches, 104.6 cm 2 (~83.1% screen-to-body ratio)","720 x 1612 pixels, 20:9 ratio (~267 ppi density)",,"Android 12 or Android 12 (Go edition), XOS 10.6",Mediatek MT6762G Helio G25 (12 nm) / Mediatek MT6761 Helio A22 (12 nm),Octa-core (4x2.0 GHz Cortex-A53 & 4x1.5 GHz Cortex-A53) / Quad-core 2.0 GHz Cortex-A53,PowerVR GE8320,microSDXC (dedicated slot),"64GB 2GB RAM, 64GB 3GB RAM, 64GB 4GB RAM, 128GB 4GB RAM, 128GB 6GB RAM",,,Dual-LED flash,1080p@30fps,8 MP,1080p@30fps,Li-Ion 5000 mAh,10W wired 5W reverse wired,,"13 MP, f/1.8, (wide), AF Auxiliary lenses",,LED flash
infinix,https://www.gsmarena.com/infinix_zero_20-11913.php,Infinix Zero 20,164.4 x 76.7 x 8 mm (6.47 x 3.02 x 0.31 in),196 g (6.91 oz),"Glass front, aluminum frame",Nano-SIM + Nano-SIM,,"AMOLED, 90Hz","6.7 inches, 108.4 cm 2 (~86.0% screen-to-body ratio)","1080 x 2400 pixels, 20:9 ratio (~393 ppi density)",,"Android 12, XOS 12",Mediatek Helio G99 (6 nm),Octa-core (2x2.2 GHz Cortex-A76 & 6x2.0 GHz Cortex-A55),Mali-G57 MC2,microSDXC (dedicated slot),"128GB 8GB RAM, 256GB 8GB RAM",,,"Quad-LED flash, HDR, panorama",1440p@30fps,"60 MP, (wide), AF, OIS",1440p@30fps,4500 mAh,"45W wired, 75% in 30 min",,"108 MP, (wide), PDAF 13 MP, AF 2 MP",,"Dual-LED flash, HDR"
infinix,https://www.gsmarena.com/infinix_note_12i_2022-11919.php,Infinix Note 12i 2022,164.5 x 76.7 x 7.8 mm (6.48 x 3.02 x 0.31 in),188 g (6.63 oz),"Glass front, plastic frame, plastic back",Nano-SIM + Nano-SIM,,"AMOLED, 90Hz","6.7 inches, 108.4 cm 2 (~85.9% screen-to-body ratio)","1080 x 2400 pixels, 20:9 ratio (~393 ppi density)",,"Android 12, XOS 10.6",Mediatek MT6769Z Helio G85 (12 nm),Octa-core (2x2.0 GHz Cortex-A75 & 6x1.8 GHz Cortex-A55),Mali-G52 MC2,microSDXC (dedicated slot),"64GB 4GB RAM, 128GB 6GB RAM",,,"Quad-LED flash, HDR, panorama",1440p@30fps,8 MP,1080p@30fps,5000 mAh,33W wired,,"50 MP, f/1.8, (wide), 1/2.8"", 0.64µm, PDAF Auxiliary lenses",,
infinix,https://www.gsmarena.com/infinix_hot_12_pro-11822.php,Infinix Hot 12 Pro,164.2 x 75.8 x 8.4 mm (6.46 x 2.98 x 0.33 in),191 g (6.74 oz),"Glass front, plastic back, plastic frame",Nano-SIM + Nano-SIM,,"IPS LCD, 90Hz","6.6 inches, 104.6 cm 2 (~84.1% screen-to-body ratio)","720 x 1612 pixels, 20:9 ratio (~267 ppi density)",,"Android 12, XOS 10.6",Unisoc Tiger T616 (12 nm),Octa-core (2x2.0 GHz Cortex-A75 & 6x1.8 GHz Cortex-A55),Mali-G57 MP1,microSDXC (dedicated slot),128GB 8GB RAM,,"50 MP, f/1.6, (wide), AF Auxiliary lens",Dual-LED flash,1080p@30fps,8 MP,1080p@30fps,Li-Ion 5000 mAh,18W wired,,,,LED flash
infinix,https://www.gsmarena.com/infinix_smart_6_plus_(india)-11742.php,Infinix Smart 6 Plus (India),172.6 x 77.7 x 8.7 mm (6.80 x 3.06 x 0.34 in),202 g (7.13 oz),"Glass front, plastic back, plastic frame",Nano-SIM + Nano-SIM,,"IPS LCD, 440 nits (typ)","6.82 inches, 112.3 cm 2 (~83.7% screen-to-body ratio)","720 x 1600 pixels, 20:9 ratio (~257 ppi density)",Panda Glass,Android 12 (Go edition),Mediatek MT6762G Helio G25 (12 nm),Octa-core (4x2.0 GHz Cortex-A53 & 4x1.5 GHz Cortex-A53),PowerVR GE8320,microSDXC (dedicated slot),"64GB 2GB RAM, 64GB 3GB RAM",eMMC 5.1,"8 MP, f/2.0, AF Auxiliary lens","Dual-LED flash, HDR, panorama",1080p@30fps,"5 MP, f/2.0",720p@30fps,5000 mAh,,,,,LED flash
infinix,https://www.gsmarena.com/infinix_note_12_pro-11695.php,Infinix Note 12 Pro,164.4 x 76.5 x 7.8 mm (6.47 x 3.01 x 0.31 in),192 g (6.77 oz),"Glass front, plastic frame, plastic back",Nano-SIM + Nano-SIM,,AMOLED,"6.7 inches, 108.4 cm 2 (~86.2% screen-to-body ratio)","1080 x 2400 pixels, 20:9 ratio (~393 ppi density)",,"Android 12, XOS 10.6",Mediatek Helio G99 (6 nm),Octa-core (2x2.2 GHz Cortex-A76 & 6x2.0 GHz Cortex-A55),Mali-G57 MC2,microSDXC (dedicated slot),256GB 8GB RAM,,,"Quad-LED flash, HDR, panorama",1440p@30fps,"16 MP, f/2.0, (wide)",1440p@30fps,5000 mAh,33W wired,,"108 MP, f/1.8, (wide), 1/1.67"", PDAF Auxiliary lenses",,Dual-LED flash
infinix,https://www.gsmarena.com/infinix_note_12_pro_5g-11663.php,Infinix Note 12 Pro 5G,164.7 x 76.9 x 8 mm (6.48 x 3.03 x 0.31 in),188 g (6.63 oz),"Glass front, plastic frame, plastic back",Nano-SIM + Nano-SIM,,AMOLED,"6.7 inches, 108.4 cm 2 (~85.6% screen-to-body ratio)","1080 x 2400 pixels, 20:9 ratio (~393 ppi density)",Corning Gorilla Glass 3,"Android 12, XOS 10.6",Mediatek Dimensity 810 (6 nm),Octa-core (2x2.4 GHz Cortex-A76 & 6x2.0 GHz Cortex-A55),Mali-G57 MC2,microSDXC (dedicated slot),"128GB 8GB RAM, 256GB 8GB RAM",,,"Quad-LED flash, HDR, panorama",1440p@30fps,"16 MP, f/2.0, (wide)",1440p@30fps,5000 mAh,33W wired,,"108 MP, f/1.8, 24mm (wide), PDAF 2 MP (macro) Auxiliary lens",,Dual-LED flash
infinix,https://www.gsmarena.com/infinix_note_12_5g-11662.php,Infinix Note 12 5G,164.7 x 76.9 x 8 mm (6.48 x 3.03 x 0.31 in),186 g (6.56 oz),"Glass front, plastic frame, plastic back",Nano-SIM + Nano-SIM,,AMOLED,"6.7 inches, 108.4 cm 2 (~85.6% screen-to-body ratio)","1080 x 2400 pixels, 20:9 ratio (~393 ppi density)",Corning Gorilla Glass 3,"Android 12, XOS 10.6",Mediatek Dimensity 810 (6 nm),Octa-core (2x2.4 GHz Cortex-A76 & 6x2.0 GHz Cortex-A55),Mali-G57 MC2,microSDXC (dedicated slot),64GB 6GB RAM,,,"Quad-LED flash, HDR, panorama",1440p@30fps,"16 MP, f/2.0, (wide)",1440p@30fps,5000 mAh,33W wired,,"50 MP, f/1.6, 27mm (wide), 1/2.8"", 0.64µm, PDAF Auxiliary lenses",,Dual-LED flash
infinix,https://www.gsmarena.com/infinix_hot_11s_nfc-11605.php,Infinix Hot 11s NFC,168.9 x 77 x 8.8 mm (6.65 x 3.03 x 0.35 in),-,"Glass front, plastic back, plastic frame",Nano-SIM + Nano-SIM,,"IPS LCD, 90Hz, 500 nits (peak)","6.78 inches, 109.2 cm 2 (~83.9% screen-to-body ratio)",1080 x 2460 pixels (~396 ppi density),,"Android 11, XOS 7.6",Mediatek MT6769H Helio G88 (12 nm),Octa-core (2x2.0 GHz Cortex-A75 & 6x1.8 GHz Cortex-A55),Mali-G52 MC2,microSDXC (dedicated slot),"64GB 4GB RAM, 128GB 4GB RAM, 128GB 6GB RAM",eMMC 5.1,,"Quad-LED flash, HDR, panorama",1440p@30fps,"8 MP, f/2.0, (wide)",1440p@30fps,5000 mAh,18W wired,,"50 MP, f/1.6, (wide), PDAF Auxiliary lenses",,Dual-LED flash
infinix,https://www.gsmarena.com/infinix_hot_12_play-11547.php,Infinix Hot 12 Play,171 x 78 x 8.9 mm (6.73 x 3.07 x 0.35 in),209 g (7.37 oz),"Glass front, plastic back, plastic frame",Nano-SIM + Nano-SIM,,"IPS LCD, 90Hz","6.82 inches, 111.7 cm 2 (~83.8% screen-to-body ratio)","720 x 1612 pixels, 20:9 ratio (~259 ppi density)",,"Android 11, XOS 10",Mediatek MT6765V/CB Helio G37 (12 nm) - X6816 Unisoc T610 (12 nm) - X6816C,Octa-core (4x2.3 GHz Cortex-A53 & 4x1.8 GHz Cortex-A53) - X6816 Octa-core (2x1.8 GHz Cortex-A75 & 6x1.8 GHz Cortex-A55) - X6816C,PowerVR GE8320 - X6816 Mali-G52 MP2 - X6816C,microSDXC (dedicated slot),"64GB 4GB RAM, 128GB 4GB RAM, 128GB 6GB RAM",eMMC 5.1,"13 MP, f/1.8, (wide), 1/3.1"", 1.12µm, AF Auxiliary lens","Dual-LED flash, panorama, HDR",1080p@30fps,8 MP,1080p@30fps,6000 mAh,10W wired,,,,Dual-LED flash
infinix,https://www.gsmarena.com/infinix_hot_12_play_nfc-11876.php,Infinix Hot 12 Play NFC,171 x 78 x 8.9 mm (6.73 x 3.07 x 0.35 in),209 g (7.37 oz),"Glass front, plastic back, plastic frame",Nano-SIM + Nano-SIM,,"IPS LCD, 90Hz","6.82 inches, 110.5 cm 2 (~82.8% screen-to-body ratio)",720 x 1640 pixels (~263 ppi density),,"Android 11, XOS 10",Unisoc T610 (12 nm),Octa-core (2x1.8 GHz Cortex-A75 & 6x1.8 GHz Cortex-A55),Mali-G52 MP2,microSDXC (dedicated slot),"64GB 4GB RAM, 128GB 4GB RAM, 128GB 6GB RAM",eMMC 5.1,"13 MP, f/1.8, (wide), 1/3.1"", 1.12µm, AF Auxiliary lens","Dual-LED flash, panorama, HDR",1080p@30fps,8 MP,1080p@30fps,6000 mAh,10W wired,,,,Dual-LED flash
infinix,https://www.gsmarena.com/infinix_note_12_vip-11527.php,Infinix Note 12 VIP,163.5 x 76.7 x 7.9 mm (6.44 x 3.02 x 0.31 in),199 g (7.02 oz),"Glass front, glass back, plastic frame",Nano-SIM + Nano-SIM,,"AMOLED, 1B colors, 120Hz, 700 nits (peak)","6.7 inches, 108.4 cm 2 (~86.4% screen-to-body ratio)","1080 x 2400 pixels, 20:9 ratio (~393 ppi density)",,"Android 12, XOS 10.5",Mediatek MT6781 Helio G96 (12 nm),Octa-core (2x2.05 GHz Cortex-A76 & 6x2.0 GHz Cortex-A55),Mali-G57 MC2,microSDXC (dedicated slot),"128GB 4GB RAM, 256GB 8GB RAM",UFS 2.2,,"Laser AF, Quad-LED flash, HDR, panorama","1440p@30fps, 1080p@60fps","16 MP, (wide), 1/2.76"", 1.12µm","1440p@30fps, 1080p@30fps",4500 mAh,"120W wired, 100% in 17 min",,"108 MP, f/1.8, (wide), 1/1.67"", 0.64µm, PDAF 13mm f/2.2, (ultrawide) Auxiliary lens",,Dual-LED flash
infinix,https://www.gsmarena.com/infinix_note_12_g96-11526.php,Infinix Note 12 G96,164.6 x 76.8 x 8 mm (6.48 x 3.02 x 0.31 in),185 g (6.53 oz),"Glass front, plastic frame, plastic back",Nano-SIM + Nano-SIM,,AMOLED,"6.7 inches, 108.4 cm 2 (~85.7% screen-to-body ratio)","1080 x 2400 pixels, 20:9 ratio (~393 ppi density)",Corning Gorilla Glass 3,"Android 12, XOS 10.6",Mediatek MT6781 Helio G96 (12 nm),Octa-core (2x2.05 GHz Cortex-A76 & 6x2.0 GHz Cortex-A55),Mali-G57 MC2,microSDXC (dedicated slot),"128GB 8GB RAM, 256GB 8GB RAM",,,"Quad-LED flash, HDR, panorama",1440p@30fps,"16 MP, f/2.0, (wide)",1440p@30fps,5000 mAh,33W wired,,"50 MP, f/1.6, (wide), 1/2.8"", 0.64µm, PDAF Auxiliary lenses",,Dual-LED flash
infinix,https://www.gsmarena.com/infinix_note_12i-11523.php,Infinix Note 12i,170.7 x 77.4 x 8.3 mm (6.72 x 3.05 x 0.33 in),198 g (6.98 oz),"Glass front, plastic frame, plastic back",Nano-SIM + Nano-SIM,,"IPS LCD, 90Hz","6.82 inches, 110.5 cm 2 (~83.6% screen-to-body ratio)",720 x 1640 pixels (~263 ppi density),,"Android 12, XOS 10.6",Mediatek MT6769Z Helio G85 (12 nm),Octa-core (2x2.0 GHz Cortex-A75 & 6x1.8 GHz Cortex-A55),Mali-G52 MC2,microSDXC (dedicated slot),128GB 4GB RAM,,,"Quad-LED flash, HDR, panorama",1440p@30fps,8 MP,1080p@30fps,5000 mAh,33W wired,,"50 MP, f/1.6, (wide), 1/2.8"", 0.64µm, PDAF Auxiliary lenses",,Dual-LED flash
infinix,https://www.gsmarena.com/infinix_note_12-11497.php,Infinix Note 12,164.4 x 76.7 x 7.9 mm (6.47 x 3.02 x 0.31 in),184.5 g (6.49 oz),"Glass front, plastic frame, plastic back",Nano-SIM + Nano-SIM,,"AMOLED, 1000 nits (peak)","6.7 inches, 108.4 cm 2 (~86.0% screen-to-body ratio)","1080 x 2400 pixels, 20:9 ratio (~393 ppi density)",,"Android 11, XOS 10.6",Mediatek MT6769H Helio G88 (12 nm),Octa-core (2x2.0 GHz Cortex-A75 & 6x1.8 GHz Cortex-A55),Mali-G52 MC2,microSDXC (dedicated slot),"64GB 4GB RAM, 128GB 4GB RAM, 128GB 6GB RAM",,,"Quad-LED flash, HDR, panorama",1440p@30fps,16 MP,1080p@30fps,5000 mAh,33W wired,,"50 MP, f/1.6, (wide), 1/2.8"", 0.64µm, PDAF Auxiliary lenses",,
infinix,https://www.gsmarena.com/infinix_hot_12-11498.php,Infinix Hot 12,170.5 x 77.6 x 8.3 mm (6.71 x 3.06 x 0.33 in),195 g (6.88 oz),"Glass front, plastic back, plastic frame",Nano-SIM + Nano-SIM,,"IPS LCD, 90Hz","6.82 inches, 111.7 cm 2 (~84.5% screen-to-body ratio)","720 x 1612 pixels, 20:9 ratio (~259 ppi density)",,"Android 12, XOS 10.6",Mediatek MT6769Z Helio G85 (12 nm),Octa-core (2x2.0 GHz Cortex-A75 & 6x1.8 GHz Cortex-A55),Mali-G52 MC2,microSDXC (dedicated slot),"128GB 4GB RAM, 128GB 6GB RAM",,,Dual-LED flash,1080p@30fps,8 MP,1080p@30fps,Li-Ion 5000 mAh,18W wired,,"13 MP, f/1.8, (wide), AF 2 MP Auxiliary lens",,Dual-LED flash
infinix,https://www.gsmarena.com/infinix_smart_6_hd-11499.php,Infinix Smart 6 HD,165.6 x 76.4 x 9.1 mm (6.52 x 3.01 x 0.36 in),-,"Glass front, plastic back, plastic frame",Nano-SIM + Nano-SIM,,"IPS LCD, 500 nits (peak)","6.6 inches, 105.2 cm 2 (~83.1% screen-to-body ratio)","720 x 1600 pixels, 20:9 ratio (~266 ppi density)",,"Android 11 (Go edition), XOS 7.6",Unisoc SC9863A (28 nm),Octa-core (4x1.6 GHz Cortex-A55 & 4x1.2 GHz Cortex-A55),IMG8322,microSDXC (dedicated slot),"32GB 2GB RAM, 64GB 3GB RAM",eMMC 5.1,"8 MP, AF Auxiliary lens",Dual-LED flash,1080p@30fps,5 MP,720p@30fps,5000 mAh,10W wired,,,,LED flash
infinix,https://www.gsmarena.com/infinix_hot_11_2022-11478.php,Infinix Hot 11 2022,166.8 x 76.6 x 9.1 mm (6.57 x 3.02 x 0.36 in),199.6 g (7.05 oz),"Glass front, plastic back, plastic frame",Nano-SIM + Nano-SIM,,"IPS LCD, 550 nits (peak)","6.7 inches, 108.4 cm 2 (~84.8% screen-to-body ratio)","1080 x 2400 pixels, 20:9 ratio (~393 ppi density)",,"Android 11, XOS 7.6",Unisoc T610 (12 nm),Octa-core (2x1.8 GHz Cortex-A75 & 6x1.8 GHz Cortex-A55),Mali-G52 MP2,microSDXC (dedicated slot),64GB 4GB RAM,eMMC 5.1,"13 MP, f/2.0, (wide), PDAF Auxiliary lens","LED flash, HDR",1080p@30fps,"8 MP, f/2.0, (wide)",1080p@30fps,5000 mAh,10W wired,,,,
infinix,https://www.gsmarena.com/infinix_hot_12i-11473.php,Infinix Hot 12i,164.8 x 76.4 x 8.8 mm (6.49 x 3.01 x 0.35 in),190 g (6.70 oz),"Glass front, plastic back, plastic frame",Nano-SIM + Nano-SIM,,"IPS LCD, 480 nits","6.6 inches, 104.6 cm 2 (~83.1% screen-to-body ratio)","720 x 1612 pixels, 20:9 ratio (~267 ppi density)",,"Android 11, XOS 7.6",Mediatek MT6761 Helio A22 (12 nm),Quad-core 2.0 GHz Cortex-A53,PowerVR GE8320,microSDXC (dedicated slot),"64GB 2GB RAM, 64GB 3GB RAM, 64GB 4GB RAM",eMMC 5.1,,Dual-LED flash,1080p@30fps,8 MP,1080p@30fps,Li-Ion 5000 mAh,10W wired,,"13 MP, f/1.8, (wide), AF Auxiliary lenses",,LED flash
infinix,https://www.gsmarena.com/infinix_zero_5g-11355.php,Infinix Zero 5G,168.7 x 76.5 x 8.8 mm (6.64 x 3.01 x 0.35 in),199 g (7.05 oz),"Glass front, plastic frame, plastic back",Nano-SIM + Nano-SIM,,"IPS LCD, 120Hz, 500 nits (peak)","6.78 inches, 113.7 cm 2 (~88.1% screen-to-body ratio)",1080 x 2460 pixels (~388 ppi density),,"Android 11, upgradable to Android 12, XOS 10.6",Mediatek Dimensity 900 (6 nm),Octa-core (2x2.4 GHz Cortex-A78 & 6x2.0 GHz Cortex-A55),Mali-G68 MC4,microSDXC (dedicated slot),128GB 8GB RAM,UFS 3.1,,"Quad-LED flash, HDR, panorama","4K@30fps, 1080p@30/60fps","16 MP, f/2.0, (wide), 1/2.76"", 1.12µm",1080p@30fps,5000 mAh,33W wired,,"48 MP, f/1.8, 26mm (wide), 1/2.0"", 0.8µm, PDAF 13 MP, f/2.5, 50mm (telephoto), 1/3.1"", 1.12µm, PDAF, 2x optical zoom 2 MP",,Dual-LED flash
infinix,https://www.gsmarena.com/infinix_smart_5_pro-11221.php,Infinix Smart 5 Pro,164.4 x 75.6 x 9.5 mm (6.47 x 2.98 x 0.37 in),-,"Glass front, plastic back, plastic frame",Nano-SIM + Nano-SIM,,"IPS LCD, 500 nits (peak)","6.52 inches, 102.6 cm 2 (~82.6% screen-to-body ratio)","720 x 1600 pixels, 20:9 ratio (~269 ppi density)",,"Android 11 (Go edition), XOS 7.6",Unisoc SC9863A (28 nm),Octa-core (4x1.6 GHz Cortex-A55 & 4x1.2 GHz Cortex-A55),IMG8322,microSDXC (dedicated slot),32GB 2GB RAM,eMMC 5.1,"13 MP, f/1.8, AF Auxiliary lens",Quad-LED flash,1440p@30fps,8 MP,1080p@30fps,6000 mAh,10W wired,,,,Dual-LED flash
infinix,https://www.gsmarena.com/infinix_hot_11_play-11216.php,Infinix Hot 11 Play,171.8 x 78 x 8.9 mm (6.76 x 3.07 x 0.35 in),-,"Glass front, plastic back, plastic frame",Nano-SIM + Nano-SIM,,"IPS LCD, 440 nits (typ)","6.82 inches, 110.5 cm 2 (~82.4% screen-to-body ratio)",720 x 1640 pixels (~263 ppi density),,"Android 11, XOS 7.6",Mediatek MT6765G Helio G35 (12 nm),Octa-core (4x2.3 GHz Cortex-A53 & 4x1.8 GHz Cortex-A53),PowerVR GE8320,microSDXC (dedicated slot),"64GB 4GB RAM, 128GB 4GB RAM",eMMC 5.1,"13 MP, f/1.8, (wide), 1/3.1"", 1.12µm, AF Auxiliary lens","Quad-LED flash, panorama, HDR",1080p@30fps,"8 MP, f/2.0, (wide)",1080p@30fps,6000 mAh,10W wired,,,,LED flash
infinix,https://www.gsmarena.com/infinix_note_11i-11214.php,Infinix Note 11i,173.2 x 78.7 x 8.8 mm (6.82 x 3.10 x 0.35 in),-,"Glass front, plastic frame, plastic back",Nano-SIM + Nano-SIM,,IPS LCD,"6.95 inches, 114.7 cm 2 (~84.2% screen-to-body ratio)",1080 x 2460 pixels (~387 ppi density),,"Android 11, XOS 7.6",Mediatek MT6769Z Helio G85 (12 nm),Octa-core (2x2.0 GHz Cortex-A75 & 6x1.8 GHz Cortex-A55),Mali-G52 MC2,microSDXC (dedicated slot),64GB 4GB RAM,eMMC 5.1,,"Quad-LED flash, HDR, panorama","1440p@30fps, 1080p@30fps",16 MP,1080p@30fps,5000 mAh,18W wired,,"48 MP, f/1.8, PDAF 2 MP (macro) Auxiliary lens",,
infinix,https://www.gsmarena.com/infinix_note_11s-11202.php,Infinix Note 11s,173.1 x 78.4 x 8.7 mm (6.81 x 3.09 x 0.34 in),-,"Glass front, plastic frame, plastic back",Nano-SIM + Nano-SIM,,"IPS LCD, 120Hz","6.95 inches, 114.7 cm 2 (~84.5% screen-to-body ratio)",1080 x 2460 pixels (~387 ppi density),,"Android 11, XOS 10",Mediatek MT6781 Helio G96 (12 nm),Octa-core (2x2.05 GHz Cortex-A76 & 6x2.0 GHz Cortex-A55),Mali-G57 MC2,microSDXC (dedicated slot),"64GB 4GB RAM, 64GB 6GB RAM, 128GB 4GB RAM, 128GB 6GB RAM, 128GB 8GB RAM",UFS 2.2,,"Quad-LED flash, HDR, panorama",1440p@30fps,16 MP,1080p@30fps,5000 mAh,33W wired,,"50 MP, f/1.6, (wide), PDAF 2 MP (macro) Auxiliary lens",,
infinix,https://www.gsmarena.com/infinix_note_11-11201.php,Infinix Note 11,164.4 x 76.7 x 7.9 mm (6.47 x 3.02 x 0.31 in),184 g (6.49 oz),"Glass front, plastic frame, plastic back",Nano-SIM + Nano-SIM,,"AMOLED, 650 nits (peak)","6.7 inches, 108.4 cm 2 (~86.0% screen-to-body ratio)","1080 x 2400 pixels, 20:9 ratio (~393 ppi density)",,"Android 11, XOS 10",Mediatek MT6769H Helio G88 (12 nm),Octa-core (2x2.0 GHz Cortex-A75 & 6x1.8 GHz Cortex-A55),Mali-G52 MC2,microSDXC (dedicated slot),"64GB 4GB RAM, 128GB 4GB RAM, 128GB 6GB RAM",,,"Quad-LED flash, HDR, panorama",1440p@30fps,16 MP,1080p@30fps,5000 mAh,33W wired,,"50 MP, f/1.6, (wide), PDAF Auxiliary lenses",,
infinix,https://www.gsmarena.com/infinix_smart_6-11189.php,Infinix Smart 6,165.6 x 76.4 x 9.1 mm (6.52 x 3.01 x 0.36 in),-,"Glass front, plastic back, plastic frame",Nano-SIM + Nano-SIM,,"IPS LCD, 500 nits (typ)","6.6 inches, 105.2 cm 2 (~83.1% screen-to-body ratio)","720 x 1600 pixels, 20:9 ratio (~266 ppi density)",,"Android 11 (Go edition), XOS 7.6",Unisoc SC9863A (28 nm) - version 1 Mediatek MT6761 Helio A22 (12 nm) - version 2,Octa-core (4x1.6 GHz Cortex-A55 & 4x1.2 GHz Cortex-A55) - version 1 Quad-core 2.0 GHz Cortex-A53 - version 2,IMG8322 - version 1 PowerVR GE8320 - version 2,microSDXC (dedicated slot),"32GB 2GB RAM, 64GB 2GB RAM, 64GB 3GB RAM",eMMC 5.1,"8 MP, AF Auxiliary lens",Dual-LED flash,1080p@30fps,5 MP,720p@30fps,5000 mAh,10W wired,,,,LED flash
