brand,gsmarena_url,name,Body | Dimensions,Body | Weight,Body | SIM,Body | ,Display | Type,Display | Size,Display | Resolution,Platform | OS,Platform | Chipset,Platform | CPU,Platform | GPU,Memory | Card slot,Memory | Internal,Memory | ,Main Camera | Dual,Main Camera | Features,Main Camera | Video,Selfie camera | Single,Selfie camera | Features,Selfie camera | Video,Battery | Type,Battery | Charging,Body | Build,Display | Protection,Main Camera | Single,Display | ,Main Camera | Triple,Main Camera | Quad,Selfie camera | Dual
oneplus,https://www.gsmarena.com/oneplus_nord_ce6_5g-14611.php,OnePlus Nord CE6,162.5 x 77.5 x 8.5 mm (6.40 x 3.05 x 0.33 in),215 g (7.58 oz),Nano-SIM + Nano-SIM,IP68/IP69K dust tight and water resistant (high pressure water jets; immersible up to 1.5m for 30 min) MIL-STD-810H compliant* * does not guarantee ruggedness or use in extreme conditions,"AMOLED, 144Hz, 3840Hz PWM, HDR, 800 nits (typ), 1800 nits (HBM), 3600 nits (peak)","6.78 inches, 112.4 cm 2 (~89.3% screen-to-body ratio)","1272 x 2772 pixels, 19.5:9 ratio (~450 ppi density)",Android 16,Qualcomm SM7635-AC Snapdragon 7s Gen 4 (4 nm),Octa-core (1x2.7 GHz Cortex-A720 & 3x2.4 GHz Cortex-A720 & 4x1.8 GHz Cortex-A520),Adreno 810,Unspecified,"128GB 8GB RAM, 256GB 8GB RAM",UFS 3.1,"50 MP, f/1.8, 27mm (wide), 1/2.88"", 0.61µm, PDAF, OIS Auxiliary lens","Color spectrum sensor, LED flash, HDR, panorama","4K@30fps, 1080p@30/60/120fps, gyro-EIS, OIS","32 MP, f/2.0, 21mm (wide), 1/3.1"", 0.7µm",Panorama,"4K@30fps, 1080p@30fps, gyro-EIS",8000 mAh,"80W wired, 55W PPS, 13.5W PD 27W reverse wired Bypass charging",,,,,,,
oneplus,https://www.gsmarena.com/oneplus_nord_ce6_lite_5g-14567.php,OnePlus Nord CE6 Lite,165.9 x 76 x 8.5 mm (6.53 x 2.99 x 0.33 in),208 g (7.34 oz),Nano-SIM + Nano-SIM,IP64 dust tight and water resistant (water splashes) MIL-STD-810H compliant* * does not guarantee ruggedness or use in extreme conditions,"IPS LCD, 144Hz, 800 nits (typ), 1000 nits (HBM)","6.72 inches, 109.0 cm 2 (~86.5% screen-to-body ratio)","1080 x 2400 pixels, 20:9 ratio (~392 ppi density)",Android 16,Mediatek Dimensity 7400 Apex (4 nm),Octa-core (4x2.6 GHz Cortex-A78 & 4x2.0 GHz Cortex-A55),Mali G615,microSDXC (uses shared SIM slot),"128GB 6GB RAM, 128GB 8GB RAM, 256GB 8GB RAM",UFS 3.1,"50 MP, f/1.8, 27mm (wide), 1/2.88"", 0.61µm, PDAF Auxiliary lens","LED flash, HDR, panorama","4K@30fps, 1080p@30/60/120fps, gyro-EIS","8 MP, f/2.0, 25mm (wide), 1/4.0"", 1.12µm",Panorama,"1080p@30fps, gyro-EIS",7000 mAh,"45W wired, 45W PPS 10W reverse wired Bypass charging",,,,,,,
oneplus,https://www.gsmarena.com/oneplus_ace_6_ultra_5g-14637.php,OnePlus Ace 6 Ultra,162.5 x 77.5 x 8.5 mm (6.40 x 3.05 x 0.33 in),217 g or 219 g (7.65 oz),Nano-SIM + Nano-SIM,IP68/IP69K dust tight and water resistant (high pressure water jets; immersible up to 1.5m for 30 min),"AMOLED, 1B colors, 165Hz, PWM, Dolby Vision, HDR10+, HDR Vivid, 800 nits (typ), 1800 nits (HBM)","6.78 inches, 112.4 cm 2 (~89.3% screen-to-body ratio)","1272 x 2772 pixels, 19.5:9 ratio (~450 ppi density)","Android 16, ColorOS 16",Mediatek Dimensity 9500 (3 nm),Octa-core (1x4.21 GHz C1-Ultra & 3x3.5 GHz C1-Premium & 4x2.7 GHz C1-Pro),Mali-G1 Ultra MC12,No,"256GB 12GB RAM, 256GB 16GB RAM, 512GB 12GB RAM, 512GB 16GB RAM, 1TB 16GB RAM",UFS 4.1,"50 MP, f/1.8, 23mm (wide), 1/1.55"", PDAF, OIS 8 MP, f/2.2, 16mm, 112˚ (ultrawide)","Color spectrum sensor, LED flash, HDR, panorama","4K@30/60fps, 1080p@30/60/240fps, gyro-EIS","16 MP, f/2.4, 23mm (wide), 1/3""",Panorama,"1080p@30fps, gyro-EIS",Si/C Li-Ion 8600 mAh,"120W wired, 44W/120W UFCS, 55W PPS, 13.5W PD, 53% in 22 min","Glass front (Crystal Shield Glass), glass back or silicone polymer back (eco leather), aluminum frame",Crystal Shield Glass,,,,,
oneplus,https://www.gsmarena.com/oneplus_pad_4-14630.php,OnePlus Pad 4,289.7 x 209.8 x 5.9 mm (11.41 x 8.26 x 0.23 in),672 g (1.48 lb),No,Stylus support,"IPS LCD, 68B colors, Dolby Vision, 144Hz, 700 nits (typ), 1000 nits (HBM)","13.2 inches, 530.0 cm 2 (~87.2% screen-to-body ratio)",2400 x 3392 pixels (~315 ppi density),"Android 16, OxygenOS 16",Qualcomm SM8850-AC Snapdragon 8 Elite Gen 5 (3 nm),Octa-core (2x4.6 GHz Oryon V3 Phoenix L + 6x3.62 GHz Oryon V3 Phoenix M),Adreno 840,No,"256GB 8GB RAM, 512GB 12GB RAM",UFS 4.1,,LED flash,"4K@30fps, 1080p@30ps, gyro-EIS",8 MP,,1080p@30fps,13380 mAh,80W wired,"Glass front, aluminum frame, aluminum back",,13 MP,,,,
oneplus,https://www.gsmarena.com/oneplus_watch_4-14622.php,OnePlus Watch 4,47.4 x 47.4 x 11 mm (1.87 x 1.87 x 0.43 in),43 g (1.52 oz),No,5ATM water resistant IP68/IP69 dust tight and water resistant (high pressure water jets; immersible up to 1.5m for 30 min) MIL-STD-810H compliant ECG certified,"LTPO AMOLED, 600 nits (typ), 1600 nits (HBM), 3000 nits (peak)",1.5 inches,466 x 466 pixels (~310 ppi density),OxygenOS Watch 8 + Wear OS 6.0,Qualcomm Snapdragon W5 Gen 1 (4 nm),,,No,32GB 2GB RAM,,,,,,,,Li-Ion 646 mAh,"7.5W wired, 100% in 75 min","Glass front (Sapphire crystal), titanium alloy, glass-fiber reinforced plastic back",Sapphire crystal glass,,,,,
oneplus,https://www.gsmarena.com/oneplus_nord_6_5g-14558.php,OnePlus Nord 6,162.5 x 77.5 x 8.5 mm (6.40 x 3.05 x 0.33 in),210 g (217 g - India) (7.41 oz),Nano-SIM + Nano-SIM,IP68/IP69K dust tight and water resistant (high pressure water jets; immersible up to 1.5m for 30 min) MIL-STD-810H* * does not guarantee ruggedness or use in extreme conditions,"AMOLED, 1B colors, 165Hz, 3840Hz PWM, HDR10+, 800 nits (typ), 1800 nits (HBM), 3600 nits (peak)","6.78 inches, 112.4 cm 2 (~89.3% screen-to-body ratio)","1272 x 2772 pixels, 19.5:9 ratio (~450 ppi density)","Android 16, OxygenOS 16",Qualcomm SM8735 Snapdragon 8s Gen 4 (4 nm),Octa-core (1x3.21 GHz Cortex-X4 & 3x3.0 GHz Cortex-A720 & 2x2.8 GHz Cortex-A720 & 2x2.0 GHz Cortex-A720),Adreno 825,No,"256GB 8GB RAM, 256GB 12GB RAM, 512GB 12GB RAM",UFS 4.1,"50 MP, f/1.8, 26mm (wide), 1/1.95"", 0.8µm, PDAF, OIS 8 MP, f/2.2, 16mm, 112˚ (ultrawide), 1/4.0"", 1.12µm","Color spectrum sensor, LED flash, Ultra HDR, panorama","4K@30/60fps (main), 1080p@30 (ultrawide), gyro-EIS","32 MP, f/2.0, 21mm (wide), 1/3.1"", 1.6µm, PDAF",Panorama,"4K@30fps, 1080p@30fps; gyro-EIS",Market-dependent versions: · Si/C Li-Ion 7500 mAh - Global · Si/C Li-Ion 9000 mAh - India,"80W wired, UFCS, 55W PPS, 13.5W PD/QC 6.5W reverse wired (27W for India model) Bypass charging","Glass Front (OnePlus Crystal Guard), plastic frame, plastic back",OnePlus Crystal Guard,,Ultra HDR image support,,,
oneplus,https://www.gsmarena.com/oneplus_15t_5g-14385.php,OnePlus 15T,150.6 x 71.8 x 8.4 mm (5.93 x 2.83 x 0.33 in),194 g (6.84 oz),· Nano-SIM + Nano-SIM + eSIM (max 2 at a time) · Nano-SIM + Nano-SIM,IP68/IP69K dust tight and water resistant (high pressure water jets; immersible up to 1.5m for 30 min),"AMOLED, 1B colors, 165Hz, 3840Hz PWM, Dolby Vision, HDR10+, HDR Vivid, 800 nits (typ), 1800 nits (HBM), 3600 nits (peak)","6.32 inches, 97.9 cm 2 (~90.6% screen-to-body ratio)","1216 x 2640 pixels, 19.5:9 ratio (~460 ppi density)","Android 16, OxygenOS 16 (Global), ColorOS 16 (China)",Qualcomm SM8850-AC Snapdragon 8 Elite Gen 5 (3 nm),Octa-core (2x4.6 GHz Oryon V3 Phoenix L + 6x3.62 GHz Oryon V3 Phoenix M),Adreno 840,No,"256GB 12GB RAM, 256GB 16GB RAM, 512GB 12GB RAM, 512GB 16GB RAM, 1TB 16GB RAM",UFS 4.1,"50 MP, f/1.8, 24mm (wide), 1/1.56"", 1.0µm, multi-directional PDAF, OIS 50 MP, f/2.8, 85mm (telephoto), 3.5x optical zoom, PDAF, OIS","Color spectrum sensor, LED flash, HDR, panorama","8K@30fps, 4K@30/60/120fps, 1080p@30/60/120/240fps, gyro-EIS, OIS, Dolby Vision HDR","16 MP, f/2.4, 23mm (wide)","HDR, panorama","1080p@30fps, gyro-EIS",Si/C Li-Ion 7500 mAh,"100W wired, 44W/100W UFCS, 55W PPS, 18W PD/QC, 61% in 30 min 50W wireless 10W reverse wired","Glass front, aluminum frame, glass-fiber reinforced plastic back",Crystal Shield Glass,,,,,
oneplus,https://www.gsmarena.com/oneplus_turbo_6_5g-14260.php,OnePlus Turbo 6,162.5 x 77.5 x 8.5 mm (6.40 x 3.05 x 0.33 in),217 g (7.65 oz),Nano-SIM + Nano-SIM,IP68/IP69K dust tight and water resistant (high pressure water jets; immersible up to 1.5m for 30 min),"AMOLED, 1B colors, 165Hz, 3840Hz PWM, HDR Vivid, 800 nits (typ), 1800 nits (peak)","6.78 inches, 112.4 cm 2 (~89.3% screen-to-body ratio)","1272 x 2772 pixels, 19.5:9 ratio (~450 ppi density)","Android 16, ColorOS 16",Qualcomm SM8735 Snapdragon 8s Gen 4 (4 nm),Octa-core (1x3.21 GHz Cortex-X4 & 3x3.0 GHz Cortex-A720 & 2x2.8 GHz Cortex-A720 & 2x2.0 GHz Cortex-A720),Adreno 825,No,"256GB 12GB RAM, 256GB 16GB RAM, 512GB 12GB RAM, 512GB 16GB RAM",UFS 4.1,"50 MP, f/1.9, 26mm (wide), PDAF, OIS Auxiliary lens","Color spectrum sensor, LED flash, HDR, panorama","4K@30/60fps, 1080p@30/60/240fps, gyro-EIS, OIS","16 MP, f/2.4, 23mm (wide), 1/3"", 1.0µm","HDR, panorama","1080p@30fps, gyro-EIS",Si/C Li-Ion 9000 mAh,"80W wired, UFCS, 55W PPS, 13.5W PD/QC 27W reverse wired",,,,HDR image support,,,
oneplus,https://www.gsmarena.com/oneplus_turbo_6v_5g-14404.php,OnePlus Turbo 6V,162.5 x 77.5 x 8.5 mm (6.40 x 3.05 x 0.33 in),215 g (7.58 oz),Nano-SIM + Nano-SIM,IP68/IP69K dust tight and water resistant (high pressure water jets; immersible up to 1.5m for 30 min),"AMOLED, 1B colors, 144Hz, 3840Hz PWM, 800 nits (typ), 1800 nits (peak)","6.78 inches, 112.4 cm 2 (~89.3% screen-to-body ratio)","1272 x 2772 pixels, 19.5:9 ratio (~450 ppi density)","Android 16, ColorOS 16",Qualcomm SM7635-AC Snapdragon 7s Gen 4 (4 nm),Octa-core (1x2.7 GHz Cortex-A720 & 3x2.4 GHz Cortex-A720 & 4x1.8 GHz Cortex-A520),Adreno 810,No,"256GB 8GB RAM, 256GB 12GB RAM, 512GB 12GB RAM",UFS 3.1,"50 MP, f/1.9, 27mm (wide), PDAF, OIS Auxiliary lens","Color spectrum sensor, LED flash, HDR, panorama","4K@30/60fps, 1080p@30/60/120fps, gyro-EIS, OIS","16 MP, f/2.4, 23mm (wide), 1/3"", 1.0µm","HDR, panorama","1080p@30fps, gyro-EIS",Si/C Li-Ion 9000 mAh,"80W wired, UFCS, 55W PPS, 13.5W PD/QC 27W reverse wired",,,,,,,
oneplus,https://www.gsmarena.com/oneplus_15r_5g-14358.php,OnePlus 15R,163.4 x 77 x 8.1 mm or 8.3 mm,213 g or 219 g (7.51 oz),· Nano-SIM + Nano-SIM + eSIM (max 2 at a time) · Nano-SIM + Nano-SIM,IP68/IP69K dust tight and water resistant (high pressure water jets; immersible up to 1.5m for 30 min),"AMOLED, 1B colors, 165Hz, PWM, Dolby Vision, HDR10+, HDR Vivid, 1800 nits (HBM), 3600 nits (peak)","6.83 inches, 113.3 cm 2 (~90.1% screen-to-body ratio)",1272 x 2800 pixels (~450 ppi density),"Android 16, OxygenOS 16",Qualcomm SM8845 Snapdragon 8 Gen 5 (3 nm),Octa-core (2x3.8 GHz Oryon V3 Phoenix L + 6x3.32 GHz Oryon V3 Phoenix M),Adreno 829,No,"256GB 12GB RAM, 512GB 12GB RAM",UFS 4.1,"50 MP, f/1.8, 24mm (wide), 1/1.56"", 1.0µm, PDAF, OIS 8 MP, f/2.2, 16mm, 112˚ (ultrawide), 1/4.0"", 1.12µm","Color spectrum sensor, LED flash, HDR, panorama","4K@30/60/120fps, 1080p@30/60/120/240fps, gyro-EIS, OIS","32 MP, f/2.0, 25mm (wide), AF","HDR, panorama","4K@30fps, 1080p@30fps, gyro-EIS, OIS",Si/C Li-Ion 7400 mAh,80W wired,"Glass front (Gorilla Glass 7i), aluminum frame, glass back or glass-fiber reinforced plastic back","Corning Gorilla Glass 7i, Mohs level 5",,Ultra HDR image support,,,
oneplus,https://www.gsmarena.com/oneplus_pad_go_2_5g-14343.php,OnePlus Pad Go 2,266 x 192.8 x 6.8 mm (10.47 x 7.59 x 0.27 in),597 g or 599 g (1.32 lb),Yes - cellular model only,Stylus support,"IPS LCD, 68B colors, 120Hz, Dolby Vision, HDR10+, 900 nits (HBM)","12.1 inches, 445.3 cm 2 (~86.8% screen-to-body ratio)",1980 x 2800 pixels (~283 ppi density),"Android 16, OxygenOS 16",Mediatek Dimensity 7300 Ultra (4 nm),Octa-core (4x2.5 GHz Cortex-A78 & 4x2.0 GHz Cortex-A55),Mali-G615 MC2,microSDXC (dedicated slot),"128GB 8GB RAM, 256GB 8GB RAM",UFS 3.1,,,1080p@30fps,8 MP,,1080p@30fps,10050 mAh,33W wired Reverse wired,"Glass front, aluminum frame, aluminum back",Mohs level 6,8 MP,,,,
oneplus,https://www.gsmarena.com/oneplus_watch_lite-14365.php,OnePlus Watch Lite,45 x 45 x 8.9 mm (1.77 x 1.77 x 0.35 in),35 g (1.23 oz),No,IP68 dust tight and water resistant (immersible up to 1.5m for 30 min) 5ATM waterproof,"AMOLED, 1500 nits (HBM), 3000 nits (peak)",1.46 inches,464 x 464 pixels (~317 ppi density),OxygenOS Watch 7.1,,,,No,4GB,,,,,,,,Li-Ion 339 mAh,,"Glass front, stainless steel frame, plastic back",,,,,,
oneplus,https://www.gsmarena.com/oneplus_ace_6t_5g-14315.php,OnePlus Ace 6T,163.4 x 77 x 8.1 mm or 8.3 mm,211 g or 216 g (7.44 oz),Nano-SIM + Nano-SIM,IP68/IP69K dust tight and water resistant (high pressure water jets; immersible up to 1.5m for 30 min) Micro-Arc Oxidation ceramic-like coating on the back,"AMOLED, 1B colors, 165Hz, PWM, HDR10+, HDR Vivid, 1800 nits (HBM), 3600 nits (peak)","6.83 inches, 113.3 cm 2 (~90.1% screen-to-body ratio)",1272 x 2800 pixels (~450 ppi density),"Android 16, ColorOS 16",Qualcomm SM8845 Snapdragon 8 Gen 5 (3 nm),Octa-core (2x3.8 GHz Oryon V3 Phoenix L + 6x3.32 GHz Oryon V3 Phoenix M),Adreno 829,No,"256GB 12GB RAM, 256GB 16GB RAM, 512GB 12GB RAM, 512GB 16GB RAM, 1TB 16GB RAM",UFS 4.1,"50 MP, f/1.8, 24mm (wide), 1/1.56"", 1.0µm, PDAF, OIS 8 MP, f/2.2, 16mm, 112˚ (ultrawide), 1/4.0"", 1.12µm","Color spectrum sensor, LED flash, HDR, panorama","4K@30/60/120fps, 1080p@30/60/120fps, gyro-EIS, OIS","16 MP, f/2.4, 23mm (wide)","HDR, panorama","1080p@30fps, gyro-EIS",Si/C Li-Ion 8300 mAh,"100W wired, 100W UFCS, 55W PPS, 18W PD, 18W QC, 50% in 23 min Reverse wired Bypass charging","Glass front (Crystal Shield Glass), aluminum frame, glass back or glass-fiber reinforced plastic back",Crystal Shield Glass,,,,,
oneplus,https://www.gsmarena.com/oneplus_15_5g-14206.php,OnePlus 15,161.4 x 76.7 x 8.1 mm (6.35 x 3.02 x 0.32 in),211 g or 215 g (7.44 oz),· Nano-SIM + Nano-SIM + eSIM (max 2 at a time) · Nano-SIM + Nano-SIM,IP68/IP69K dust tight and water resistant (high pressure water jets; immersible up to 2m for 30 min) Micro-Arc Oxidation frame treatment (Sand Storm color only),"LTPO AMOLED, 1B colors, 165Hz, PWM, Dolby Vision, HDR10+, HDR Vivid, 800 nits (typ), 1800 nits (HBM)","6.78 inches, 112.4 cm 2 (~90.8% screen-to-body ratio)","1272 x 2772 pixels, 19.5:9 ratio (~450 ppi density)","Android 16, OxygenOS 16 (Global), ColorOS 16 (China)",Qualcomm SM8850-AC Snapdragon 8 Elite Gen 5 (3 nm),Octa-core (2x4.6 GHz Oryon V3 Phoenix L + 6x3.62 GHz Oryon V3 Phoenix M),Adreno 840,No,"256GB 12GB RAM, 256GB 16GB RAM, 512GB 12GB RAM, 512GB 16GB RAM, 1TB 16GB RAM",UFS 4.1,,"Laser focus, color spectrum sensor, LED flash, HDR, panorama, LUT preview","8K@30fps, 4K@30/60/120fps, 1080p@30/60/240fps, Auto HDR, gyro-EIS, Dolby Vision, LUT","32 MP, f/2.4, 21mm (wide), 1/2.74"", 0.64µm, AF","HDR, panorama","4K@30/60fps, 1080p@30/60fps, gyro-EIS, HDR",Si/C Li-Ion 7300 mAh,"120W wired, 120W UFCS, 55W PPS, 36W PD, 36W QC, 50% in 15 min, 100% in 40 min 50W wireless 10W reverse wireless 5W reverse wired Bypass charging","Glass front (Gorilla Glass Victus 2), aluminum frame, glass back (Gorilla Glass 7i or Crystal Shield Glass) or glass-fiber reinforced plastic back","Corning Gorilla Glass Victus 2, Mohs level 5",,Ultra HDR image support,"50 MP, f/1.8, 24mm (wide), 1/1.56"", 1.0µm, multi-directional PDAF, OIS 50 MP, f/2.8, 80mm (periscope telephoto), 1/2.76"", 0.64µm, 3.5x optical zoom, PDAF, OIS 50 MP, f/2.0, 16mm, 116˚ (ultrawide), 1/2.88"", 0.61µm, PDAF",,
oneplus,https://www.gsmarena.com/oneplus_ace_6_5g-14259.php,OnePlus Ace 6,163.4 x 77 x 8.3 mm (6.43 x 3.03 x 0.33 in),213 g (7.51 oz),Nano-SIM + Nano-SIM,IP68/IP69K dust tight and water resistant (high pressure water jets; immersible up to 1.5m for 30 min),"AMOLED, 1B colors, 165Hz, PWM, HDR10+, Dolby Vision, HDR Vivid, 800 nits (typ), 1800 nits (HBM)","6.83 inches, 113.3 cm 2 (~90.1% screen-to-body ratio)",1272 x 2800 pixels (~450 ppi density),"Android 16, ColorOS 16",Qualcomm SM8750-AB Snapdragon 8 Elite (3 nm),Octa-core (2x4.32 GHz Oryon V2 Phoenix L + 6x3.53 GHz Oryon V2 Phoenix M),Adreno 830,No,"256GB 12GB RAM, 256GB 16GB RAM, 512GB 12GB RAM, 512GB 16GB RAM, 1TB 16GB RAM",UFS 4.1,"50 MP, f/1.8, 24mm (wide), PDAF, OIS 8 MP, f/2.2, 16mm, 112˚ (ultrawide), 1/4.0"", 1.12µm","Color spectrum sensor, LED flash, HDR, panorama","4K@30/60/120fps, 1080p@30/60/120fps, gyro-EIS, OIS","16 MP, f/2.4, 23mm (wide), 1/3"", 1.0µm","HDR, panorama","1080p@30fps, gyro-EIS",Si/C Li-Ion 7800 mAh,"120W wired, 120W UFCS, 55W PPS, 18W PD, 18W QC, 58% in 20 min, 100% in 43 min Bypass charging","Glass front (Crystal Shield Glass), glass back, aluminum frame",Crystal Shield Glass,,,,,
oneplus,https://www.gsmarena.com/oneplus_nord_5_5g-13992.php,OnePlus Nord 5,163.4 x 77 x 8.1 mm (6.43 x 3.03 x 0.32 in),211 g (7.44 oz),Nano-SIM + Nano-SIM,IP65 dust tight and water resistant (low pressure water jets),"Swift AMOLED, 1B colors, 144Hz, 3840Hz PWM, HDR10+, 800 nits (typ), 1400 nits (HBM), 1800 nits (peak)","6.83 inches, 113.3 cm 2 (~90.1% screen-to-body ratio)",1272 x 2800 pixels (~450 ppi density),"Android 15, up to 4 major Android upgrades, OxygenOS 15",Qualcomm SM8635 Snapdragon 8s Gen 3 (4 nm),Octa-core (1x3.0 GHz Cortex-X4 & 4x2.8 GHz Cortex-A720 & 3x2.0 GHz Cortex-A520),Adreno 735,No,"256GB 8GB RAM, 256GB 12GB RAM, 512GB 12GB RAM",UFS 3.1,"50 MP, f/1.8, 24mm (wide), 1/1.56"", 1.0µm, PDAF, OIS 8 MP, f/2.2, 15mm, 116˚ (ultrawide), 1/4.0"", 1.12µm, AF","LED flash, Ultra HDR, panorama","4K@30/60fps, 1080p@30/60/120fps, gyro-EIS","50 MP, f/2.0, 21mm (wide), 1/2.76"", 0.64µm, AF",Panorama,"4K@30/60fps, 1080p@30/60fps; gyro-EIS",Market-dependent versions: · 5200 mAh (Europe) · 6800 mAh (Global),"80W wired, 33W PPS, 18W PD, 100% in just 54 min 5W reverse wired Bypass charging","Glass front (Gorilla Glass 7i), plastic back, plastic frame","Corning Gorilla Glass 7i, Mohs level 6",,Ultra HDR image support,,,
oneplus,https://www.gsmarena.com/oneplus_nord_ce5_5g-13792.php,OnePlus Nord CE5,163.6 x 76 x 8.2 mm (6.44 x 2.99 x 0.32 in),199 g (7.02 oz),Nano-SIM + Nano-SIM,IP65 dust tight and water resistant (low pressure water jets),"Fluid AMOLED, 1B colors, 120Hz, HDR10+, 800 nits (typ), 1300 nits (HBM), 1430 nits (peak)","6.77 inches, 111.5 cm 2 (~89.7% screen-to-body ratio)",1080 x 2392 pixels (~387 ppi density),"Android 15, ColorOS 15",Mediatek Dimensity 8350 Apex (4 nm),Octa-core (1x3.35 GHz Cortex-A715 & 3x3.20 GHz Cortex-A715 & 4x2.20 GHz Cortex-A510),Mali G615-MC6,microSDXC (uses shared SIM slot),"128GB 8GB RAM, 256GB 8GB RAM, 256GB 12GB RAM",UFS 3.1,"50 MP, f/1.8, 26mm (wide), 1/1.95"", 0.8µm, PDAF, OIS 8 MP, f/2.2, 16mm, 112˚ (ultrawide), 1/4.0"", 1.12µm","LED flash, Ultra HDR, panorama","4K@30/60fps (HDR), 1080p@30/60/120/480fps, 720p@960fps, gyro-EIS, OIS","16 MP, f/2.4, 23mm (wide), 1/3.0"", 1.0µm",Panorama,"1080p@30/60fps, gyro-EIS",Market-dependent versions: · 5200 mAh (Global) · Si/C Li-Ion 7100 mAh (India),80W wired Bypass charging,,Mohs level 5,,Ultra HDR image support,,,
oneplus,https://www.gsmarena.com/oneplus_watch_3_43mm-13957.php,OnePlus Watch 3 43mm,43.2 x 43.2 x 11 mm (1.70 x 1.70 x 0.43 in),37.8 g (1.34 oz),No,IP68 dust tight and water resistant (immersible up to 1.5m for 30 min) Waterproof (5ATM/50m),"AMOLED, 1000 nits (peak)",1.32 inches,466 x 466 pixels (~352 ppi density),Wear OS,Qualcomm Snapdragon W5 Gen 1 (4 nm),,,No,32GB 2GB RAM,,,,,,,,Li-Ion 354 mAh,,"Glass front, stainless steel frame, plastic back",,,,,,
oneplus,https://www.gsmarena.com/oneplus_pad_lite-13956.php,OnePlus Pad Lite,254.9 x 166.5 x 7.4 mm (10.04 x 6.56 x 0.29 in),530 g (1.17 lb),Yes - cellular model only,Stylus support,"IPS LCD, 1B colors, 90Hz, 500 nits","11.0 inches, 347.5 cm 2 (~81.9% screen-to-body ratio)","1200 x 1920 pixels, 16:10 ratio (~207 ppi density)","Android 15, OxygenOS 15",Mediatek Helio G100 (6 nm),Octa-core (2x2.2 GHz Cortex-A76 & 6x2.0 GHz Cortex-A55),Mali-G57 MC2,Unspecified,"128GB 6GB RAM, 128GB 8GB RAM",,,,1080p@30fps,5 MP,,1080p@30fps,Li-Po 9340 mAh,33W wired,,,5 MP,,,,
oneplus,https://www.gsmarena.com/oneplus_pad_3_(global)-13881.php,OnePlus Pad 3,289.6 x 209.7 x 6 mm (11.40 x 8.26 x 0.24 in),675 g (1.49 lb),No,Stylus support,"IPS LCD, 68B colors, Dolby Vision, 144Hz, 900 nits (HBM)","13.2 inches, 530.0 cm 2 (~87.3% screen-to-body ratio)",2400 x 3392 pixels (~315 ppi density),"Android 15, ColorOS 15",Qualcomm SM8750-AB Snapdragon 8 Elite (3 nm),Octa-core (2x4.32 GHz Oryon V2 Phoenix L + 6x3.53 GHz Oryon V2 Phoenix M),Adreno 830,No,"256GB 12GB RAM, 512GB 16GB RAM",UFS 4.0,,"Color spectrum sensor, LED flash","4K@30fps, 1080p@30ps, gyro-EIS",8 MP,,1080p@30fps,12140 mAh,80W wired,"Glass front, aluminum frame, aluminum back",,13 MP,,,,
oneplus,https://www.gsmarena.com/oneplus_13s_5g-13818.php,oneplus_13s_5g-13818.php,,,,,,,,,,,,,,,,,,,,,,,,,,,,,
oneplus,https://www.gsmarena.com/oneplus_ace_5_ultra_5g-13891.php,OnePlus Ace 5 Ultra,163.4 x 77 x 8.1 mm (6.43 x 3.03 x 0.32 in),206 g (7.27 oz),Nano-SIM + Nano-SIM,IP65 dust tight and water resistant (low pressure water jets),"AMOLED, 1B colors, 144Hz, 3840Hz PWM, HDR10+, Dolby Vision, HDR Vivid, 800 nits (typ), 1400 nits (peak)","6.83 inches, 113.3 cm 2 (~90.1% screen-to-body ratio)",1272 x 2800 pixels (~450 ppi density),"Android 15, ColorOS 15",Mediatek Dimensity 9400+ (3 nm),Octa-core (1x3.73 GHz Cortex-X925 & 3x3.3 GHz Cortex-X4 & 4x2.4 GHz Cortex-A720),Immortalis-G925 MC12,No,"256GB 12GB RAM, 256GB 16GB RAM, 512GB 12GB RAM, 512GB 16GB RAM, 1TB 16GB RAM",UFS 4.0,"50 MP, f/1.8, 24mm (wide), 1/1.56"", 1.0µm, PDAF, OIS 8 MP, f/2.2, 16mm, 112˚ (ultrawide), 1/4.0"", 1.12µm","LED flash, HDR, panorama","4K@30/60fps, 1080p@30/60/120/240fps, gyro-EIS, OIS","16 MP, f/2.4, 23mm (wide), 1/3"", 1.0µm","HDR, panorama","1080p@30fps, gyro-EIS",Si/C Li-Ion 6700 mAh,"100W wired, PD, 100% in 39 min 7.5W reverse wired Bypass charging",,Crystal Shield Glass,,,,,
oneplus,https://www.gsmarena.com/oneplus_ace_5_racing_5g-13892.php,OnePlus Ace 5 Racing,163.6 x 76 x 8.2 mm (6.44 x 2.99 x 0.32 in),200 g (7.05 oz),Nano-SIM + Nano-SIM,IP64 dust tight and water resistant (water splashes),"AMOLED, 1B colors, 120Hz, HDR Vivid, 800 nits (typ), 1300 nits (HBM)","6.77 inches, 111.5 cm 2 (~89.7% screen-to-body ratio)",1080 x 2392 pixels (~387 ppi density),"Android 15, ColorOS 15",Mediatek Dimensity 9400e (4 nm),Octa-core (1x3.4 GHz Cortex-X4 & 3x2.85 GHz Cortex-X4 & 4x2.0 GHz Cortex-A720),Immortalis-G720 MC12,No,"256GB 12GB RAM, 256GB 16GB RAM, 512GB 12GB RAM, 512GB 16GB RAM",UFS 4.0,"50 MP, f/1.8, 26mm (wide), 1/1.95"", 0.8µm, PDAF, OIS Auxiliary lens","LED flash, HDR, panorama","4K@30/60fps, 1080p@30/60/120/240fps, gyro-EIS, OIS","16 MP, f/2.4, 23mm (wide), 1/3"", 1.0µm","HDR, panorama","1080p@30/60fps, gyro-EIS",Si/C Li-Ion 7100 mAh,"80W wired, 33W PPS, 18W PD/QC Bypass charging",,Crystal Shield Glass,,,,,
oneplus,https://www.gsmarena.com/oneplus_pad_2_pro-13860.php,OnePlus Pad 2 Pro,289.6 x 209.7 x 6 mm (11.40 x 8.26 x 0.24 in),675 g (1.49 lb),No,Stylus support,"IPS LCD, 68B colors, Dolby Vision, 144Hz, 900 nits (HBM)","13.2 inches, 530.0 cm 2 (~87.3% screen-to-body ratio)",2400 x 3392 pixels (~315 ppi density),"Android 15, ColorOS 15",Qualcomm SM8750-AB Snapdragon 8 Elite (3 nm),Octa-core (2x4.32 GHz Oryon V2 Phoenix L + 6x3.53 GHz Oryon V2 Phoenix M),Adreno 830,No,"256GB 8GB RAM, 256GB 12GB RAM, 512GB 12GB RAM, 512GB 16GB RAM",UFS 4.0,,"Color spectrum sensor, LED flash","4K@30fps, 1080p@30ps, gyro-EIS",8 MP,,1080p@30fps,12140 mAh,67W wired,"Glass front, aluminum frame, aluminum back",,13 MP,,,,
oneplus,https://www.gsmarena.com/oneplus_13t_5g-13791.php,OnePlus 13T,150.8 x 71.7 x 8.2 mm (5.94 x 2.82 x 0.32 in),185 g (6.53 oz),· Nano-SIM + Nano-SIM + eSIM (max 2 at a time) · Nano-SIM + Nano-SIM,IP65 dust tight and water resistant (low pressure water jets),"LTPO AMOLED, 1B colors, 120Hz, 2160Hz PWM, Dolby Vision, HDR10+, HDR Vivid, 1600 nits (HBM)","6.32 inches, 97.9 cm 2 (~90.6% screen-to-body ratio)","1216 x 2640 pixels, 19.5:9 ratio (~460 ppi density)","Android 15, OxygenOS 15 (International), ColorOS 15 (China)",Qualcomm SM8750-AB Snapdragon 8 Elite (3 nm),Octa-core (2x4.32 GHz Oryon V2 Phoenix L + 6x3.53 GHz Oryon V2 Phoenix M),Adreno 830,No,"256GB 12GB RAM, 256GB 16GB RAM, 512GB 12GB RAM, 512GB 16GB RAM, 1TB 16GB RAM",UFS 4.0,"50 MP, f/1.8, 24mm (wide), 1/1.56"", 1.0µm, multi-directional PDAF, OIS 50 MP, f/2.0, (telephoto), 1/2.76"", 0.64µm, 2x optical zoom, PDAF","Color spectrum sensor, LED flash, HDR, panorama","4K@30/60fps, 1080p@30/60/240fps, gyro-EIS, OIS, Dolby Vision HDR","16 MP, f/2.4, 24mm (wide)","HDR, panorama",1080p@30fps,Si/C Li-Ion 6260 mAh,"80W wired, 33W PPS, 18W PD, 18W QC 5W reverse wired","Glass front, aluminum frame",Crystal Shield Glass,,,,,
oneplus,https://www.gsmarena.com/oneplus_watch_3-13668.php,OnePlus Watch 3,47.6 x 46.6 x 11.8 mm (1.87 x 1.83 x 0.46 in),49.7 g (1.76 oz),No,IP68 dust tight and water resistant (immersible up to 1.5m for 30 min) MIL-STD-810H compliant Waterproof (5ATM/50m) Compatible with standard 22mm straps ECG certified,"LTPO AMOLED, 2200 nits (peak)",1.5 inches,466 x 466 pixels (~310 ppi density),ColorOS Watch 7.0 + Wear OS 5.0,Qualcomm Snapdragon W5 Gen 1 (4 nm),,,No,32GB 2GB RAM,,,,,,,,Li-Ion 648 mAh,7.5W wired,"Sapphire crystal front, stainless steel frame, plastic back",Sapphire crystal glass,,,,,
oneplus,https://www.gsmarena.com/oneplus_13r-13548.php,OnePlus 13R,161.7 x 75.8 x 8 mm (6.37 x 2.98 x 0.31 in),206 g (7.27 oz),· Nano-SIM + Nano-SIM + eSIM (max 2 at a time) · Nano-SIM + Nano-SIM,IP65 dust tight and water resistant (low pressure water jets),"LTPO 4.1 AMOLED, 1B colors, 120Hz, 2160Hz PWM, HDR10+, Dolby Vision, HDR Vivid, 1600 nits (HBM), 4500 nits (peak)","6.78 inches, 111.7 cm 2 (~91.2% screen-to-body ratio)",1264 x 2780 pixels (~450 ppi density),"Android 15, up to 4 major Android upgrades, OxygenOS 15",Qualcomm SM8650-AB Snapdragon 8 Gen 3 (4 nm),Octa-core (1x3.3 GHz Cortex-X4 & 3x3.2 GHz Cortex-A720 & 2x3.0 GHz Cortex-A720 & 2x2.3 GHz Cortex-A520),Adreno 750,No,"256GB 12GB RAM, 512GB 16GB RAM",UFS 4.0,,"Color spectrum sensor, LED flash, HDR, panorama","4K@30/60fps, 1080p@30/60/120/240fps, gyro-EIS, OIS","16 MP, f/2.4, 26mm (wide), 1/3.1"", 1.0µm","HDR, panorama","1080p@30fps, gyro-EIS",Li-Ion 6000 mAh,"80W wired, 50% in 20 min, 100% in 52/54 min","Glass front (Gorilla Glass 7i), aluminum frame, glass back",Corning Gorilla Glass 7i,,Ultra HDR image support,"50 MP, f/1.8, 24mm (wide), 1/1.56"", 1.0µm, multi-directional PDAF, OIS 50 MP, f/2.0, 47mm (telephoto), 1/2.75"", 0.64µm, PDAF, 2x optical zoom 8 MP, f/2.2, 16mm, 112˚ (ultrawide), 1/4.0"", 1.12µm",,
oneplus,https://www.gsmarena.com/oneplus_ace_5_pro-13591.php,OnePlus Ace 5 Pro,161.7 x 75.8 x 8.1 mm (6.37 x 2.98 x 0.32 in),203 g or 217 g (7.16 oz),Nano-SIM + Nano-SIM,IP65 dust tight and water resistant (low pressure water jets),"LTPO AMOLED, 1B colors, 120Hz, HDR10+, Dolby Vision, 800 nits (typ), 1600 nits (HBM), 4500 nits (peak)","6.78 inches, 111.7 cm 2 (~91.2% screen-to-body ratio)",1264 x 2780 pixels (~450 ppi density),"Android 15, ColorOS 15",Qualcomm SM8750-AB Snapdragon 8 Elite (3 nm),Octa-core (2x4.32 GHz Oryon V2 Phoenix L + 6x3.53 GHz Oryon V2 Phoenix M),Adreno 830,No,"256GB 12GB RAM, 256GB 16GB RAM, 512GB 12GB RAM, 512GB 16GB RAM, 1TB 16GB RAM",UFS 4.0,,"Color spectrum sensor, Dual-LED flash, HDR, panorama","4K@30/60fps, 1080p@30/60/120/240fps, gyro-EIS, OIS","16 MP, f/2.4, 24mm (wide), 1/3"", 1.0µm","HDR, panorama","1080p@30fps, gyro-EIS",Si/C Li-Ion 6100 mAh,"100W wired, 33W PPS, 18W PD/QC, 55% in 15 min, 100% in 35 min","Glass front (Crystal Shield Glass), glass back (Crystal Shield Glass), aluminum frame",Crystal Shield Glass,,,"50 MP, f/1.8, 24mm (wide), 1/1.56"", 1.0µm, PDAF, OIS 8 MP, f/2.2, 16mm, 112˚ (ultrawide), 1/4.0"", 1.12µm 2 MP (macro)",,
oneplus,https://www.gsmarena.com/oneplus_ace_5-13592.php,OnePlus Ace 5,161.7 x 75.8 x 8.1 mm (6.37 x 2.98 x 0.32 in),206 g or 223 g (7.27 oz),Nano-SIM + Nano-SIM,IP65 dust tight and water resistant (low pressure water jets),"LTPO AMOLED, 1B colors, 120Hz, HDR10+, Dolby Vision, 800 nits (typ), 1600 nits (HBM), 4500 nits (peak)","6.78 inches, 111.7 cm 2 (~91.2% screen-to-body ratio)",1264 x 2780 pixels (~450 ppi density),"Android 15, ColorOS 15",Qualcomm SM8650-AB Snapdragon 8 Gen 3 (4 nm),Octa-core (1x3.3 GHz Cortex-X4 & 3x3.2 GHz Cortex-A720 & 2x3.0 GHz Cortex-A720 & 2x2.3 GHz Cortex-A520),Adreno 750,No,"256GB 12GB RAM, 256GB 16GB RAM, 512GB 12GB RAM, 512GB 16GB RAM, 1TB 16GB RAM",UFS 4.0,,"Color spectrum sensor, Dual-LED flash, HDR, panorama","4K@30/60fps, 1080p@30/60/120/240fps, gyro-EIS, OIS","16 MP, f/2.4, 24mm (wide), 1/3"", 1.0µm","HDR, panorama","1080p@30fps, gyro-EIS",Si/C Li-Ion 6415 mAh,"80W wired, 18W PD, 55% in 15 min, 100% in 35 min","Glass front (Crystal Shield Glass), glass back (Crystal Shield Glass), aluminum frame",Crystal Shield Glass,,,"50 MP, f/1.8, 24mm (wide), 1/1.56"", 1.0µm, PDAF, OIS 8 MP, f/2.2, 16mm, 112˚ (ultrawide), 1/4.0"", 1.12µm 2 MP (macro)",,
oneplus,https://www.gsmarena.com/oneplus_pad_3-13593.php,OnePlus Pad 3 (China),257.8 x 189.1 x 6.3 mm (10.15 x 7.44 x 0.25 in),533 g (1.18 lb),No,Stylus support,"IPS LCD, 1B colors, 144Hz, 500 nits (typ), 700 nits (HBM)","11.61 inches, 411.3 cm 2 (~84.4% screen-to-body ratio)",2000 x 2800 pixels (~296 ppi density),"Android 15, ColorOS 15",Mediatek Dimensity 8350 (4 nm),Octa-core (1x3.35 GHz Cortex-A715 & 3x3.20 GHz Cortex-A715 & 4x2.20 GHz Cortex-A510),Mali G615-MC6,No,"128GB 8GB RAM, 256GB 8GB RAM, 256GB 12GB RAM, 512GB 12GB RAM",128GB UFS 3.1 256/512GB UFS 4.0,,LED flash,"4K@30fps, 1080p@30ps, gyro-EIS",8 MP,,1080p@30fps,9520 mAh,"67W wired, PD, QC, UFCS",,,8 MP,,,,
oneplus,https://www.gsmarena.com/oneplus_13-13477.php,OnePlus 13,162.9 x 76.5 x 8.5 mm or 8.9 mm,210 g or 213 g (7.41 oz),· Nano-SIM + Nano-SIM + eSIM (max 2 at a time) · Nano-SIM + Nano-SIM,IP68/IP69 dust tight and water resistant (high pressure water jets; immersible up to 1.5m for 30 min),"LTPO 4.1 AMOLED, 1B colors, 120Hz, 2160Hz PWM, Dolby Vision, HDR10+, HDR Vivid, 800 nits (typ), 1600 nits (HBM), 4500 nits (peak)","6.82 inches, 113.0 cm 2 (~90.7% screen-to-body ratio)",1440 x 3168 pixels (~510 ppi density),"Android 15, up to 4 major Android upgrades, OxygenOS 16 (International), ColorOS 16 (China)",Qualcomm SM8750-AB Snapdragon 8 Elite (3 nm),Octa-core (2x4.32 GHz Oryon V2 Phoenix L + 6x3.53 GHz Oryon V2 Phoenix M),Adreno 830,No,"256GB 12GB RAM, 512GB 12GB RAM, 512GB 16GB RAM, 1TB 24GB RAM",UFS 4.0,,"Laser focus, Hasselblad Color Calibration, color spectrum sensor, Dual-LED flash, HDR, panorama","8K@30fps, 4K@30/60fps, 1080p@30/60/240/480fps, Auto HDR, gyro-EIS, Dolby Vision","32 MP, f/2.4, 21mm (wide), 1/2.74"", 0.8µm","HDR, panorama","4K@30/60fps, 1080p@30/60fps, gyro-EIS",Si/C Li-Ion 6000 mAh,"100W wired, PD, QC, 50% in 13 min, 100% in 36 min 50W wireless 10W reverse wireless 5W reverse wired","Glass front (Ceramic Guard), glass back or silicone polymer back (eco leather), aluminum frame","Ceramic Guard glass, Mohs level 4",,Ultra HDR image support,"50 MP, f/1.6, 23mm (wide), 1/1.43"", 1.12µm, multi-directional PDAF, OIS 50 MP, f/2.6, 73mm (periscope telephoto), 1/1.95"", 0.8µm, 3x optical zoom, PDAF, OIS 50 MP, f/2.0, 15mm, 120˚ (ultrawide), 1/2.75"", 0.64µm, PDAF",,
oneplus,https://www.gsmarena.com/oneplus_nord_4-13200.php,OnePlus Nord 4,162.6 x 75 x 8 mm (6.40 x 2.95 x 0.31 in),199.5 g (7.05 oz),Nano-SIM + Nano-SIM,IP65 dust tight and water resistant (low pressure water jets),"Fluid AMOLED, 1B colors, 120Hz, HDR10+, 2150 nits (peak)","6.74 inches, 109.7 cm 2 (~90.0% screen-to-body ratio)","1240 x 2772 pixels, 20:9 ratio (~450 ppi density)","Android 14, up to 4 major Android upgrades, OxygenOS 15",Qualcomm SM7675 Snapdragon 7+ Gen 3 (4 nm),Octa-core (1x2.8 GHz Cortex-X4 & 4x2.6 GHz Cortex-A720 & 3x1.9 GHz Cortex-A520),Adreno 732,No,"128GB 8GB RAM, 256GB 8GB RAM, 256GB 12GB RAM, 512GB 16GB RAM",UFS 3.1 - 128GB only UFS 4.0,"50 MP, f/1.8, 25mm (wide), 1/1.95"", 0.8µm, PDAF, OIS 8 MP, f/2.2, 112˚ (ultrawide), 1/4.0"", 1.12µm","Dual-LED flash, HDR, panorama","4K@30/60fps, 1080p@30/60/120fps, gyro-EIS","16 MP, f/2.4, 24mm (wide), 1.0µm",Panorama,1080p@30fps,5500 mAh,"100W wired, PPS, 100% in 28 min","Glass front, aluminum back, aluminum frame",,,Ultra HDR image support,,,
oneplus,https://www.gsmarena.com/oneplus_pad_2-13210.php,OnePlus Pad 2,268.7 x 195.1 x 6.5 mm (10.58 x 7.68 x 0.26 in),584 g (1.29 lb),No,Stylus support,"IPS LCD, 1B colors, Dolby Vision, HDR10+, 144Hz, 600 nits (typ), 900 nits (peak)","12.1 inches, 445.2 cm 2 (~84.9% screen-to-body ratio)",2120 x 3000 pixels (~304 ppi density),"Android 14, upgradable to Android 16, OxygenOS 16",Qualcomm SM8650-AB Snapdragon 8 Gen 3 (4 nm),Octa-core (1x3.3 GHz Cortex-X4 & 3x3.2 GHz Cortex-A720 & 2x3.0 GHz Cortex-A720 & 2x2.3 GHz Cortex-A520),Adreno 750,No,"128GB 8GB RAM, 256GB 12GB RAM",UFS 3.1,,LED flash,"4K@30fps, 1080p@30ps, gyro-EIS","8 MP, f/2.3, (wide), 1/4.0"", 1.12µm",,"1080p@30fps, gyro-EIS",Li-Po 9510 mAh,"67W wired, 64% in 30 min, 100% in 81 min","Glass front, aluminum back, aluminum frame",,"13 MP, f/2.2, 23mm (wide)",,,,
oneplus,https://www.gsmarena.com/oneplus_watch_2r-13209.php,OnePlus Watch 2R,47 x 46.6 x 12.1 mm (1.85 x 1.83 x 0.48 in),37 g (1.31 oz),No,IP68 dust tight and water resistant (immersible up to 1.5m for 30 min) Waterproof (5ATM) Compatible with standard 22mm straps,"AMOLED, 1000 nits (HBM)",1.43 inches,466 x 466 pixels (~326 ppi density),"Android Wear OS, ColorOS Watch 6.0",Qualcomm Snapdragon W5 Gen 1 (4 nm),Quad-core 1.7 GHz Cortex-A53,Adreno 702,No,32GB 2GB RAM,eMMC,,,,,,,500 mAh,7.5W wired,"Glass front (Panda Glass), aluminum frame",Panda Glass,,,,,
oneplus,https://www.gsmarena.com/oneplus_ace_3_pro-13179.php,OnePlus Ace 3 Pro,163.3 x 75.3 x 8.7 / 8.9 / 9.0 mm,"207 g, 212 g, 225 g (7.30 oz)",Nano-SIM + Nano-SIM,IP65 dust tight and water resistant (low pressure water jets),"LTPO AMOLED, 1B colors, 120Hz, HDR10+, Dolby Vision, 800 nits (typ), 1600 nits (HBM), 4500 nits (peak)","6.78 inches, 111.7 cm 2 (~90.9% screen-to-body ratio)",1264 x 2780 pixels (~450 ppi density),"Android 14, ColorOS 14",Qualcomm SM8650-AB Snapdragon 8 Gen 3 (4 nm),Octa-core (1x3.3 GHz Cortex-X4 & 3x3.2 GHz Cortex-A720 & 2x3.0 GHz Cortex-A720 & 2x2.3 GHz Cortex-A520),Adreno 750,No,"256GB 12GB RAM, 256GB 16GB RAM, 512GB 16GB RAM, 1TB 24GB RAM",UFS 4.0,,"Dual-LED flash, HDR, panorama","4K@30/60fps, 1080p@30/60/120/240fps, gyro-EIS, OIS","16 MP, f/2.4, 26mm (wide), 1/3"", 1.0µm","HDR, panorama",1080p@30fps,6100 mAh,"100W wired, PD2.0, QC2, 52% in 15 min, 100% in 36 min",,Corning Gorilla Glass Victus 2,,,"50 MP, f/1.8, 24mm (wide), 1/1.56"", 1.0µm, PDAF, OIS 8 MP, f/2.2, 16mm, 112˚ (ultrawide), 1/4.0"", 1.12µm 2 MP (macro)",,
oneplus,https://www.gsmarena.com/oneplus_pad_pro-13180.php,OnePlus Pad Pro,268.7 x 195.1 x 6.5 mm (10.58 x 7.68 x 0.26 in),584 g (1.29 lb),No,Stylus support,"IPS LCD, 68B colors, Dolby Vision, HDR10+, 144Hz, 600 nits (typ), 900 nits (peak)","12.1 inches, 445.2 cm 2 (~84.9% screen-to-body ratio)",2120 x 3000 pixels (~304 ppi density),"Android 14, OxygenOS 14.1",Qualcomm SM8650-AB Snapdragon 8 Gen 3 (4 nm),Octa-core (1x3.3 GHz Cortex-X4 & 3x3.2 GHz Cortex-A720 & 2x3.0 GHz Cortex-A720 & 2x2.3 GHz Cortex-A520),Adreno 750,No,"128GB 8GB RAM, 256GB 8GB RAM, 256GB 12GB RAM, 512GB 16GB RAM",,,LED flash,"4K@30fps, 1080p@30ps, gyro-EIS","8 MP, f/2.3, (wide), 1/4.0"", 1.12µm",,1080p@30fps,Li-Po 9510 mAh,"67W wired, PD, QC","Glass front, aluminum back, aluminum frame",,"13 MP, f/2.2, 23mm (wide)",,,,
oneplus,https://www.gsmarena.com/oneplus_watch_2_(esim)-13181.php,OnePlus Watch 2 (eSIM),47.6 x 46.6 x 12.1 mm (1.87 x 1.83 x 0.48 in),37 g (1.31 oz),eSIM,IP68 dust tight and water resistant (immersible up to 1.5m for 30 min) Waterproof (5ATM) Compatible with standard 22mm straps,"AMOLED, 1000 nits (HBM)",1.43 inches,466 x 466 pixels (~326 ppi density),ColorOS Watch 6.0,Qualcomm Snapdragon W5 Gen 1 (4 nm),,,No,32GB 2GB RAM,eMMC,,,,,,,500 mAh,7.5W wired,,,,,,,
oneplus,https://www.gsmarena.com/oneplus_nord_ce4_lite-13166.php,OnePlus Nord CE4 Lite,162.9 x 75.6 x 8.1 mm (6.41 x 2.98 x 0.32 in),191 g (6.74 oz),Nano-SIM + Nano-SIM,IP54 dust protected and water resistant (water splashes),"AMOLED, 120Hz, 600 nits (typ), 1200 nits (HBM), 2100 nits (peak)","6.67 inches, 107.4 cm 2 (~87.2% screen-to-body ratio)","1080 x 2400 pixels, 20:9 ratio (~395 ppi density)","Android 14, upgradable to Android 16, OxygenOS 16",Qualcomm SM6375 Snapdragon 695 5G (6 nm),Octa-core (2x2.2 GHz Kryo 660 Gold & 6x1.7 GHz Kryo 660 Silver),Adreno 619,microSDXC (uses shared SIM slot),256GB 8GB RAM,UFS 2.2,"50 MP, f/1.8, 25mm (wide), 1/1.95"", 0.8µm, PDAF, OIS Auxiliary lens","Dual-LED flash, HDR, panorama","1080p@30fps, gyro-EIS","16 MP, f/2.4, 24mm (wide)",Panorama,"1080p@30fps, gyro-EIS",5110 mAh,"80W wired, 100% in 50 min 5W reverse wired","Glass front, plastic frame, plastic back",,,,,,
oneplus,https://www.gsmarena.com/oneplus_nord_ce4_lite_(india)-13155.php,OnePlus Nord CE4 Lite (India),162.9 x 75.6 x 8.1 mm (6.41 x 2.98 x 0.32 in),191 g (6.74 oz),Nano-SIM + Nano-SIM,IP54 dust protected and water resistant (water splashes),"AMOLED, 120Hz, 600 nits (typ), 1200 nits (HBM), 2100 nits (peak)","6.67 inches, 107.4 cm 2 (~87.2% screen-to-body ratio)","1080 x 2400 pixels, 20:9 ratio (~395 ppi density)","Android 14, OxygenOS 14",Qualcomm SM6375 Snapdragon 695 5G (6 nm),Octa-core (2x2.2 GHz Kryo 660 Gold & 6x1.7 GHz Kryo 660 Silver),Adreno 619,microSDXC (uses shared SIM slot),"128GB 8GB RAM, 256GB 8GB RAM",UFS 2.2,"50 MP, f/1.8, 25mm (wide), 1/1.95"", 0.8µm, PDAF, OIS Auxiliary lens","Dual-LED flash, HDR, panorama","1080p@30fps, gyro-EIS","16 MP, f/2.4, 24mm (wide)",Panorama,"1080p@30fps, gyro-EIS",5500 mAh,"80W wired, 100% in 52 min 5W reverse wired","Glass front, plastic frame, plastic back",,,,,,
oneplus,https://www.gsmarena.com/oneplus_ace_3v-12889.php,OnePlus Ace 3V,162.7 x 75.2 x 8.5 mm (6.41 x 2.96 x 0.33 in),200 g (7.05 oz),Nano-SIM + Nano-SIM,IP65 dust tight and water resistant (low pressure water jets),"AMOLED, 1B colors, 120Hz, 1100 nits (HBM), 2150 nits (peak)","6.74 inches, 109.2 cm 2 (~89.3% screen-to-body ratio)","1240 x 2772 pixels, 20:9 ratio (~451 ppi density)","Android 14, ColorOS 14",Qualcomm SM7675 Snapdragon 7+ Gen 3 (4 nm),Octa-core (1x2.8 GHz Cortex-X4 & 4x2.6 GHz Cortex-A720 & 3x1.9 GHz Cortex-A520),Adreno 732,No,"256GB 12GB RAM, 512GB 12GB RAM, 512GB 16GB RAM",UFS 4.0,"50 MP, f/1.8, 26mm (wide), 1/1.95"", 0.8µm, PDAF, OIS 8 MP, f/2.2, 16mm, 112˚ (ultrawide), 1/4.0"", 1.12µm","LED flash, HDR, panorama","4K@30/60fps, 1080p@30/60/120fps, gyro-EIS, OIS","16 MP, f/2.4, 26mm (wide), 1/3"", 1.0µm",,1080p@30fps,5500 mAh,"100W wired, 100% in 26 min","Glass front, glass back, plastic frame",,,,,,
oneplus,https://www.gsmarena.com/oneplus_nord_ce4-12892.php,OnePlus Nord CE4,162.5 x 75.3 x 8.4 mm (6.40 x 2.96 x 0.33 in),186 g (6.56 oz),Nano-SIM + Nano-SIM,IP54 dust protected and water resistant (water splashes),"Fluid AMOLED, 1B colors, 120Hz, HDR10+, 900 nits (HBM), 1100 nits (peak)","6.7 inches, 108.0 cm 2 (~88.3% screen-to-body ratio)","1080 x 2412 pixels, 20:9 ratio (~394 ppi density)","Android 14, upgradable to Android 16, OxygenOS 16",Qualcomm SM7550-AB Snapdragon 7 Gen 3 (4 nm),Octa-core (1x2.63 GHz Cortex-A715 & 4x2.4 GHz Cortex-A715 & 3x1.8 GHz Cortex-A510),Adreno 720,microSDXC (uses shared SIM slot),"128GB 8GB RAM, 256GB 8GB RAM",UFS 3.1,"50 MP, f/1.8, 26mm (wide), 1/1.95"", 0.8µm, PDAF, OIS 8 MP, f/2.2, 16mm, 112˚ (ultrawide), 1/4.0"", 1.12µm","Dual-LED flash, HDR, panorama","4K@30fps, 1080p@30/60/120fps, gyro-EIS, OIS","16 MP, f/2.4, 26mm (wide), 1/3.0"", 1.0µm",Panorama,1080p@30fps,5500 mAh,"100W wired, 100% in 29 min",,,,,,,
oneplus,https://www.gsmarena.com/oneplus_watch_2-12843.php,OnePlus Watch 2,47 x 46.6 x 12.1 mm (1.85 x 1.83 x 0.48 in),49 g (1.73 oz),No,IP68 dust tight and water resistant (immersible up to 1.5m for 30 min) MIL-STD-810H compliant Waterproof (5ATM) Compatible with standard 22mm straps,"AMOLED, 1000 nits (HBM)",1.43 inches,466 x 466 pixels (~326 ppi density),Android Wear OS 4 + RTOS,Qualcomm Snapdragon W5 Gen 1 (4 nm),,,No,32GB 2GB RAM,eMMC,,,,,,,500 mAh,7.5W wired,"Sapphire crystal front, stainless steel frame, plastic back",Sapphire crystal glass,,,,,
oneplus,https://www.gsmarena.com/oneplus_nord_n30_se-12811.php,OnePlus Nord N30 SE,165.6 x 76 x 8 mm (6.52 x 2.99 x 0.31 in),193 g (6.81 oz),Nano-SIM + Nano-SIM,,IPS LCD,"6.72 inches, 109.0 cm 2 (~86.6% screen-to-body ratio)","1080 x 2400 pixels, 20:9 ratio (~392 ppi density)","Android 13, OxygenOS 13.1",Mediatek Dimensity 6020 (7 nm),Octa-core (2x2.2 GHz Cortex-A76 & 6x2.0 GHz Cortex-A55),Mali-G57 MC2,No,128GB 4GB RAM,,"50 MP, f/1.8, (wide), 1/2.76"", 0.64µm, PDAF Auxiliary lens","LED flash, HDR, panorama",1080p@30fps,"8 MP, f/2.0, (wide), 1/4.0"", 1.12µm",,1080p@30fps,5000 mAh,"33W wired, 51% in 30 min","Glass front, plastic frame, plastic back",,,,,,
oneplus,https://www.gsmarena.com/oneplus_12r-12727.php,OnePlus 12R,163.3 x 75.3 x 8.8 mm (6.43 x 2.96 x 0.35 in),207 g (7.30 oz),· Nano-SIM + Nano-SIM + eSIM (max 2 at a time) · Nano-SIM + Nano-SIM,IP64 dust tight and water resistant (water splashes),"LTPO4 AMOLED, 1B colors, 120Hz, HDR10+, Dolby Vision, 1600 nits (HBM), 4500 nits (peak)","6.78 inches, 111.7 cm 2 (~90.9% screen-to-body ratio)",1264 x 2780 pixels (~450 ppi density),"Android 14, up to 3 major Android upgrades, OxygenOS 15",Qualcomm SM8550-AB Snapdragon 8 Gen 2 (4 nm),Octa-core (1x3.2 GHz Cortex-X3 & 2x2.8 GHz Cortex-A715 & 2x2.8 GHz Cortex-A710 & 3x2.0 GHz Cortex-A510),Adreno 740,No,"128GB 8GB RAM, 256GB 8GB RAM, 256GB 12GB RAM, 256GB 16GB RAM",UFS 3.1,,"Laser AF, color spectrum sensor, LED flash, HDR, panorama","4K@30/60fps, 1080p@30/60/120/240fps, gyro-EIS, OIS","16 MP, f/2.4, 26mm (wide), 1/3"", 1.0µm","HDR, panorama","1080p@30fps, gyro-EIS",Li-Ion 5500 mAh,"100W wired, 100% in 26 min","Glass front (Gorilla Glass Victus 2), aluminum frame, glass back",Corning Gorilla Glass Victus 2,,,"50 MP, f/1.8, 24mm (wide), 1/1.56"", 1.0µm, multi-directional PDAF, OIS 8 MP, f/2.2, 16mm, 112˚ (ultrawide), 1/4.0"", 1.12µm 2 MP (macro)",,
oneplus,https://www.gsmarena.com/oneplus_12-12725.php,OnePlus 12,164.3 x 75.8 x 9.2 mm (6.47 x 2.98 x 0.36 in),220 g (7.76 oz),· Nano-SIM · Nano-SIM + Nano-SIM + eSIM (max 2 at a time) · Nano-SIM + Nano-SIM,IP65 dust tight and water resistant (low pressure water jets),"LTPO AMOLED, 1B colors, 120Hz, 2160Hz PWM, Dolby Vision, HDR10+, 600 nits (typ), 1600 nits (HBM), 4500 nits (peak)","6.82 inches, 113.0 cm 2 (~90.8% screen-to-body ratio)",1440 x 3168 pixels (~510 ppi density),"Android 14, up to 4 major Android upgrades, OxygenOS 16 (International), ColorOS 16 (China)",Qualcomm SM8650-AB Snapdragon 8 Gen 3 (4 nm),Octa-core (1x3.3 GHz Cortex-X4 & 3x3.2 GHz Cortex-A720 & 2x3.0 GHz Cortex-A720 & 2x2.3 GHz Cortex-A520),Adreno 750,No,"256GB 12GB RAM, 256GB 16GB RAM, 512GB 16GB RAM, 1TB 16GB RAM, 1TB 24GB RAM",UFS 4.0,,"Hasselblad Color Calibration, color spectrum sensor, Dual-LED flash, HDR, panorama","8K@24fps, 4K@30/60fps, 1080p@30/60/240/480fps, Auto HDR, gyro-EIS, Dolby Vision","32 MP, f/2.4, 21mm (wide), 1/2.74"", 0.8µm","HDR, panorama","4K@30fps, 1080p@30fps, gyro-EIS",Li-Po 5400 mAh,"100W wired, PD, QC, 100% in 26 min (International) 80W wired, PD, QC, 100% in 30 min (USA) 50W wireless, 100% in 55 min 10W reverse wireless","Glass front (Gorilla Glass Victus 2), glass back (Gorilla Glass), aluminum frame",Corning Gorilla Glass Victus 2,,,"50 MP, f/1.6, 23mm (wide), 1/1.43"", 1.12µm, multi-directional PDAF, OIS 64 MP, f/2.6, 70mm (periscope telephoto), 1/2.0"", 0.7µm, PDAF, OIS, 3x optical zoom 48 MP, f/2.2, 14mm, 114˚ (ultrawide), 1/2.0"", 0.8µm, PDAF",,
oneplus,https://www.gsmarena.com/oneplus_ace_3-12775.php,OnePlus Ace 3,163.3 x 75.3 x 8.8 mm (6.43 x 2.96 x 0.35 in),207 g (7.30 oz),Nano-SIM + Nano-SIM,Aircraft-grade aluminum alloy,"LTPO AMOLED, 1B colors, 120Hz, HDR10+, Dolby Vision, 1600 nits (HBM), 4500 nits (peak)","6.78 inches, 111.7 cm 2 (~90.9% screen-to-body ratio)",1264 x 2780 pixels (~450 ppi density),"Android 14, ColorOS 14",Qualcomm SM8550-AB Snapdragon 8 Gen 2 (4 nm),Octa-core (1x3.2 GHz Cortex-X3 & 2x2.8 GHz Cortex-A715 & 2x2.8 GHz Cortex-A710 & 3x2.0 GHz Cortex-A510),Adreno 740,No,"256GB 12GB RAM, 512GB 16GB RAM, 1TB 16GB RAM",UFS 4.0,,"Color spectrum sensor, LED flash, HDR, panorama","4K@30/60fps, 1080p@30/60/120/240fps, gyro-EIS, OIS","16 MP, f/2.4, 26mm (wide), 1/3"", 1.0µm",HDR,1080p@30fps,5500 mAh,"100W wired, 100% in 27 min","Glass front (Gorilla Glass Victus 2), glass back, aluminum frame",Corning Gorilla Glass Victus 2,,,"50 MP, f/1.8, 24mm (wide), 1/1.56"", 1.0µm, PDAF, OIS 8 MP, f/2.2, 16mm, 112˚ (ultrawide), 1/4.0"", 1.12µm 2 MP (macro)",,
oneplus,https://www.gsmarena.com/oneplus_open-12619.php,OnePlus Open,Unfolded: 153.4 x 143.1 x 5.8 mm Folded: 153.4 x 73.3 x 11.7 mm,239 g or 245 g (8.43 oz),Nano-SIM + Nano-SIM + eSIM (max 2 at a time),IPX4 splash resistant,"Foldable LTPO3 Flexi-fluid AMOLED, 1B colors, Dolby Vision, 120Hz, 2800 nits (peak)","7.82 inches, 196.7 cm 2 (~89.6% screen-to-body ratio)",2268 x 2440 pixels (~426 ppi density),"Android 13, upgradable to Android 16, OxygenOS 16",Qualcomm SM8550-AB Snapdragon 8 Gen 2 (4 nm),Octa-core (1x3.2 GHz Cortex-X3 & 2x2.8 GHz Cortex-A715 & 2x2.8 GHz Cortex-A710 & 3x2.0 GHz Cortex-A510),Adreno 740,No,"512GB 16GB RAM, 1TB 16GB RAM",UFS 4.0,,"Hasselblad Color Calibration, LED flash, HDR, panorama","4K@30/60fps, 1080p@30/60/120/240/480fps gyro-EIS, HDR10+, Dolby Vision","20 MP, f/2.2, 20mm (ultrawide), 1/4.0"", 0.7µm Cover camera: 32 MP, f/2.4, 22mm (ultrawide), 1/3.14"", 0.7µm",HDR,"4K@30fps, 1080p@30fps, gyro-EIS",Li-Po 4805 mAh,"67W wired, PD, 100% in 42 min Reverse wired","Glass front (Ceramic Guard) (folded), plastic front (unfolded), glass back or eco leather back, aluminum frame",,,"Cover display: LTPO3 Super Fluid OLED, 1B colors, Dolby Vision, 120Hz, 2800 nits (peak) 6.31 inches, 1116 x 2484 pixels, 431 ppi, Ceramic Guard","48 MP, f/1.7, 24mm (wide), 1/1.43"", 1.12µm, multi-directional PDAF, OIS 64 MP, f/2.6, 70mm (telephoto), 1/2.0"", 0.7µm, PDAF, OIS, 3x optical zoom 48 MP, f/2.2, 14mm, 114˚ (ultrawide), 1/2.0"", 0.8µm, PDAF",,
oneplus,https://www.gsmarena.com/oneplus_pad_go-12614.php,OnePlus Pad Go,255.1 x 188 x 6.9 mm (10.04 x 7.40 x 0.27 in),532 g (1.17 lb),Yes - cellular model only,Stylus support,"IPS LCD, 90Hz, 400 nits (typ)","11.35 inches, 396.1 cm 2 (~82.6% screen-to-body ratio)",1720 x 2408 pixels (~260 ppi density),"Android 13, OxygenOS 13.2",Mediatek Helio G99 (6 nm),Octa-core (2x2.2 GHz Cortex-A76 & 6x2.0 GHz Cortex-A55),Mali-G57 MC2,microSDXC (dedicated slot),"128GB 8GB RAM, 256GB 8GB RAM",UFS 2.2,,,1080p@30fps,8 MP,,1080p@30fps,Li-Po 8000 mAh,33W wired,,,8 MP,,,,
oneplus,https://www.gsmarena.com/oneplus_ace_2_pro-12473.php,OnePlus Ace 2 Pro,163.1 x 74.2 x 9 mm (6.42 x 2.92 x 0.35 in),210 g (7.41 oz),Nano-SIM + Nano-SIM,,"AMOLED, 1B colors, 120Hz, HDR10+, 550 nits (typ), 1200 nits (HBM), 1600 nits (peak)","6.74 inches, 109.2 cm 2 (~90.3% screen-to-body ratio)","1240 x 2772 pixels, 20:9 ratio (~451 ppi density)","Android 13, ColorOS 13.1",Qualcomm SM8550-AB Snapdragon 8 Gen 2 (4 nm),Octa-core (1x3.2 GHz Cortex-X3 & 2x2.8 GHz Cortex-A715 & 2x2.8 GHz Cortex-A710 & 3x2.0 GHz Cortex-A510),Adreno 740,No,"256GB 12GB RAM, 512GB 16GB RAM, 1TB 24GB RAM",UFS 4.0,,"Color spectrum sensor, LED flash, HDR, panorama","4K@30/60fps, 1080p@30/60/120/240fps, gyro-EIS, OIS","16 MP, f/2.4, 26mm (wide), 1/3.09"", 1.0µm",HDR,1080p@30fps,Li-Po 5000 mAh,150W wired,"Glass front (Asahi Glass), plastic frame, glass back (Gorilla Glass 5)",Asahi Glass,,,"50 MP, f/1.8, 24mm (wide), 1/1.56"", 1.0µm, PDAF, OIS 8 MP, f/2.2, 16mm, 112˚ (ultrawide), 1/4.0"", 1.12µm 2 MP (macro)",,
oneplus,https://www.gsmarena.com/oneplus_nord_ce3-11977.php,OnePlus Nord CE3,162.7 x 75.5 x 8.2 mm (6.41 x 2.97 x 0.32 in),184 g (6.49 oz),Nano-SIM + Nano-SIM,,"Fluid AMOLED, 1B colors, 120Hz, HDR10+","6.7 inches, 108.0 cm 2 (~87.9% screen-to-body ratio)","1080 x 2412 pixels, 20:9 ratio (~394 ppi density)","Android 13, OxygenOS 13.1",Qualcomm Snapdragon 782G (6 nm),Octa-core (1x2.7 GHz Cortex-A78 & 3x2.4 GHz Cortex-A78 & 4x1.8 GHz Cortex-A55),Adreno 642L,microSDXC (uses shared SIM slot),"128GB 8GB RAM, 256GB 12GB RAM",UFS 3.1,,"LED flash, HDR, panorama","4K@30fps, 1080p@30/60/120fps, gyro-EIS","16 MP, f/2.4, 24mm (wide), 1.0µm",HDR,"1080p@30fps, gyro-EIS",Li-Po 5000 mAh,"80W wired, 61% in 15 min","Glass front, plastic frame, plastic back",,,,"50 MP, f/1.8, 24mm (wide), 1/1.56"", 1.0µm, multi-directional PDAF, OIS 8 MP, f/2.2, 112˚ (ultrawide), 1/4.0"", 1.12µm 2 MP (macro)",,
oneplus,https://www.gsmarena.com/oneplus_nord_3-12135.php,OnePlus Nord 3,162 x 75.1 x 8.2 mm (6.38 x 2.96 x 0.32 in),193.5 g (6.84 oz),Nano-SIM + Nano-SIM,IP54 dust protected and water resistant (water splashes),"Fluid AMOLED, 1B colors, 120Hz, HDR10+, 1450 nits (peak)","6.74 inches, 109.2 cm 2 (~89.8% screen-to-body ratio)","1240 x 2772 pixels, 20:9 ratio (~451 ppi density)","Android 13, up to 3 major Android upgrades, OxygenOS 15",Mediatek Dimensity 9000 (4 nm),Octa-core (1x3.05 GHz Cortex-X2 & 3x2.85 GHz Cortex-A710 & 4x1.80 GHz Cortex-A510),Mali-G710 MC10,No,"128GB 8GB RAM, 256GB 16GB RAM",UFS 3.1,,"LED flash, HDR, panorama","4K@30/60fps, 1080p@30/60/120fps, gyro-EIS","16 MP, f/2.4, 24mm (wide), 1.0µm",HDR,"1080p@30fps, gyro-EIS",Li-Po 5000 mAh,"80W wired, 60% in 15 min, 100% in 32 min","Glass front (Dragontrail Glass), glass back (Gorilla Glass 5), plastic frame",Dragontrail Glass,,,"50 MP, f/1.8, 24mm (wide), 1/1.56"", 1.0µm, multi-directional PDAF, OIS 8 MP, f/2.2, 112˚ (ultrawide), 1/4.0"", 1.12µm 2 MP (macro)",,
oneplus,https://www.gsmarena.com/oneplus_nord_n30-12220.php,OnePlus Nord N30,165.5 x 76 x 8.3 mm (6.52 x 2.99 x 0.33 in),195 g (6.88 oz),Nano-SIM + Nano-SIM,,"IPS LCD, 120Hz","6.72 inches, 109.6 cm 2 (~87.1% screen-to-body ratio)","1080 x 2400 pixels, 20:9 ratio (~391 ppi density)","Android 13, OxygenOS 13.1",Qualcomm SM6375 Snapdragon 695 5G (6 nm),Octa-core (2x2.2 GHz Kryo 660 Gold & 6x1.7 GHz Kryo 660 Silver),Adreno 619,microSDXC (uses shared SIM slot),128GB 8GB RAM,UFS 2.2,,"LED flash, HDR, panorama",1080p@30fps,"16 MP, f/2.4, (wide), 1.0µm","HDR, panorama",1080p@30fps,Li-Po 5000 mAh,50W wired,"Glass front, plastic frame, plastic back",,,,"108 MP, f/1.7, (wide), 1/1.67"", 0.64µm, PDAF 2 MP (macro) Auxiliary lens",,
oneplus,https://www.gsmarena.com/oneplus_nord_ce_3_lite-12198.php,OnePlus Nord CE 3 Lite,165.5 x 76 x 8.3 mm (6.52 x 2.99 x 0.33 in),195 g (6.88 oz),Nano-SIM + Nano-SIM,,"IPS LCD, 120Hz, 550 nits (typ), 680 nits (peak)","6.72 inches, 109.6 cm 2 (~87.1% screen-to-body ratio)","1080 x 2400 pixels, 20:9 ratio (~391 ppi density)","Android 13, OxygenOS 13.1",Qualcomm SM6375 Snapdragon 695 5G (6 nm),Octa-core (2x2.2 GHz Kryo 660 Gold & 6x1.7 GHz Kryo 660 Silver),Adreno 619,microSDXC (uses shared SIM slot),"128GB 8GB RAM, 256GB 8GB RAM",UFS 2.2,,"LED flash, HDR, panorama",1080p@30fps,"16 MP, f/2.4, (wide), 1.0µm","HDR, panorama",1080p@30fps,Li-Po 5000 mAh,"67W wired, 80% in 30 min","Glass front, plastic frame, plastic back",Corning Gorilla Glass,,,"108 MP, f/1.8, (wide), 1/1.67"", 0.64µm, PDAF 2 MP (macro) Auxiliary lens",,
oneplus,https://www.gsmarena.com/oneplus_ace_2v-12158.php,OnePlus Ace 2V,162.6 x 75.1 x 8.2 mm (6.40 x 2.96 x 0.32 in),191.5 g (6.77 oz),Nano-SIM + Nano-SIM,,"AMOLED, 1B colors, 120Hz, HDR10+, 500 nits (typ), 1100 nits (HBM), 1450 nits (peak)","6.74 inches, 109.2 cm 2 (~89.5% screen-to-body ratio)","1240 x 2772 pixels, 20:9 ratio (~451 ppi density)","Android 13, ColorOS 13",Mediatek Dimensity 9000 (4 nm),Octa-core (1x3.05 GHz Cortex-X2 & 3x2.85 GHz Cortex-A710 & 4x1.80 GHz Cortex-A510),Mali-G710 MC10,No,"256GB 12GB RAM, 256GB 16GB RAM, 512GB 16GB RAM, 1TB 16GB RAM",UFS 3.1,,"Color spectrum sensor, LED flash, HDR, panorama","4K@30/60fps, 1080p@30/60/120fps, gyro-EIS","16 MP, f/2.4, 26mm (wide), 1/3.09"", 1.0µm",HDR,1080p@30fps,Li-Po 5000 mAh,"80W wired, 100% in 32 min","Glass front (Asahi Glass), aluminum frame, glass back (Gorilla Glass 5)",Asahi Glass,,,"64 MP, f/1.7, 25mm (wide), PDAF 8 MP, f/2.2, 16mm, 112˚ (ultrawide), 1/4.0"", 1.12µm 2 MP (macro)",,
oneplus,https://www.gsmarena.com/oneplus_pad-12112.php,OnePlus Pad,258 x 189.4 x 6.5 mm (10.16 x 7.46 x 0.26 in),552 g (1.22 lb),No,Stylus support,"IPS LCD, 1B colors, Dolby Vision, HDR10+, 144Hz, 500 nits (typ)","11.61 inches, 411.3 cm 2 (~84.2% screen-to-body ratio)",2000 x 2800 pixels (~296 ppi density),"Android 13, upgradable to Android 15, OxygenOS 15",Mediatek Dimensity 9000 (4 nm),Octa-core (1x3.05 GHz Cortex-X2 & 3x2.85 GHz Cortex-A710 & 4x1.80 GHz Cortex-A510),Mali-G710 MC10,No,"128GB 8GB RAM, 256GB 12GB RAM",UFS 3.1,,LED flash,"4K@30fps, 1080p@30ps, gyro-EIS","8 MP, f/2.3, (wide), 1/4.0"", 1.12µm",,1080p@30fps,Li-Po 9510 mAh,67W wired,"Glass front, aluminum back, aluminum frame",,"13 MP, f/2.2, 23mm (wide)",,,,
oneplus,https://www.gsmarena.com/oneplus_11r-11915.php,oneplus_11r-11915.php,,,,,,,,,,,,,,,,,,,,,,,,,,,,,
oneplus,https://www.gsmarena.com/oneplus_ace_2-12103.php,OnePlus Ace 2,163.4 x 74.3 x 8.7 mm (6.43 x 2.93 x 0.34 in),204 g (7.20 oz),Nano-SIM + Nano-SIM,,"AMOLED, 1B colors, 120Hz, HDR10+","6.74 inches, 109.2 cm 2 (~90.0% screen-to-body ratio)","1240 x 2772 pixels, 20:9 ratio (~451 ppi density)","Android 13, ColorOS 13",Qualcomm SM8475 Snapdragon 8+ Gen 1 (4 nm),Octa-core (1x3.19 GHz Cortex-X2 & 3x2.75 GHz Cortex-A710 & 4x1.80 GHz Cortex-A510),Adreno 730,No,"256GB 12GB RAM, 256GB 16GB RAM, 512GB 16GB RAM, 512GB 18GB RAM",UFS 3.1,,"Color spectrum sensor, LED flash, HDR, panorama","4K@30/60fps, 1080p@30/60/120/240fps, gyro-EIS","16 MP, f/2.4, 26mm (wide), 1/3.09"", 1.0µm",HDR,1080p@30fps,Li-Po 5000 mAh,"100W wired, 100% in 25 min","Glass front (Asahi Glass), aluminum frame, glass back (Gorilla Glass 5)",Asahi Glass,,,"50 MP, f/1.8, 24mm (wide), 1/1.56"", 1.0µm, PDAF, OIS 8 MP, f/2.2, 16mm, 120˚ (ultrawide), 1/4.0"", 1.12µm 2 MP (macro)",,
oneplus,https://www.gsmarena.com/oneplus_11-11893.php,OnePlus 11,163.1 x 74.1 x 8.5 mm (6.42 x 2.92 x 0.33 in),205 g (7.23 oz),· Nano-SIM · Nano-SIM + Nano-SIM + eSIM (max 2 at a time),IP64 dust tight and water resistant (water splashes),"LTPO3 Fluid AMOLED, 1B colors, 120Hz, Dolby Vision, HDR10+, 500 nits (typ), 800 nits (HBM), 1300 nits (peak)","6.7 inches, 108.4 cm 2 (~89.7% screen-to-body ratio)","1440 x 3216 pixels, 20:9 ratio (~525 ppi density)","Android 13, upgradable to Android 16, OxygenOS 16 (International), ColorOS 16 (China)",Qualcomm SM8550-AB Snapdragon 8 Gen 2 (4 nm),Octa-core (1x3.2 GHz Cortex-X3 & 2x2.8 GHz Cortex-A715 & 2x2.8 GHz Cortex-A710 & 3x2.0 GHz Cortex-A510),Adreno 740,No,"128GB 8GB RAM, 256GB 12GB RAM, 256GB 16GB RAM, 512GB 16GB RAM",UFS 3.1 - 128GB only UFS 4.0,,"Hasselblad Color Calibration, color spectrum sensor, Dual-LED flash, HDR, panorama","8K@24fps, 4K@30/60fps, 1080p@30/60/240fps, Auto HDR, gyro-EIS","16 MP, f/2.5, 25mm (wide), 1.0µm","HDR, panorama","1080p@30fps, gyro-EIS",Li-Po 5000 mAh,"100W wired, PD, 50% in 10 min, 100% in 25 min - International 80W wired, PD - USA","Glass front (Gorilla Glass Victus), glass back (Gorilla Glass 5), aluminum frame",Corning Gorilla Glass Victus,,,"50 MP, f/1.8, 24mm (wide), 1/1.56"", 1.0µm, multi-directional PDAF, OIS 32 MP, f/2.0, 48mm (telephoto), 1/2.74"", PDAF, 2x optical zoom 48 MP, f/2.2, 115˚, (ultrawide), 1/2.0"", AF",,
oneplus,https://www.gsmarena.com/oneplus_nord_n300-11949.php,OnePlus Nord N300,163.8 x 75.1 x 8 mm (6.45 x 2.96 x 0.31 in),190 g (6.70 oz),Nano-SIM,,"IPS LCD, 90Hz","6.56 inches, 103.4 cm 2 (~84.0% screen-to-body ratio)","720 x 1612 pixels, 20:9 ratio (~269 ppi density)","Android 12, OxygenOS",Mediatek Dimensity 810 (6 nm),Octa-core (2x2.4 GHz Cortex-A76 & 6x2.0 GHz Cortex-A55),Mali-G57 MC2,microSDXC,64GB 4GB RAM,UFS 2.2,"48 MP, f/1.8, (wide), PDAF Auxiliary lens","LED flash, HDR, panorama",1080p@30fps,"16 MP, f/2.0, (wide)",HDR,1080p@30fps,Li-Po 5000 mAh,33W wired,"Glass front, plastic frame, plastic back",,,,,,
oneplus,https://www.gsmarena.com/oneplus_nord_watch-11899.php,OnePlus Nord Watch,45.2 x 37.2 x 10.4 mm (1.78 x 1.46 x 0.41 in),52.4 g (1.87 oz),No,IP68 dust tight and water resistant (immersible up to 1.5m for 30 min),"AMOLED, 500 nits (typ)",1.78 inches,368 x 448 pixels (~326 ppi density),Proprietary OS,,,,No,256MB,,,,,,,,Li-Ion 230 mAh,,"Glass front, zinc frame",,,,,,
oneplus,https://www.gsmarena.com/oneplus_ace_pro-11745.php,OnePlus Ace Pro,163 x 75.4 x 8.8 mm (6.42 x 2.97 x 0.35 in),203.5 g (7.20 oz),Nano-SIM + Nano-SIM,,"Fluid AMOLED, 1B colors, 120Hz, HDR10+, 500 nits (typ), 800 nits (HBM), 950 nits (peak)","6.7 inches, 108.0 cm 2 (~87.9% screen-to-body ratio)","1080 x 2412 pixels, 20:9 ratio (~394 ppi density)","Android 12, ColorOS 12.1",Qualcomm SM8475 Snapdragon 8+ Gen 1 (4 nm),Octa-core (1x3.19 GHz Cortex-X2 & 3x2.75 GHz Cortex-A710 & 4x1.80 GHz Cortex-A510),Adreno 730,No,"256GB 12GB RAM, 256GB 16GB RAM, 512GB 16GB RAM",UFS 3.1,,"Color spectrum sensor, Dual-LED flash, HDR, panorama","4K@30/60fps, 1080p@30/60/240fps, gyro-EIS","16 MP, f/2.4, 24mm (wide), 1/3"", 1.0µm",HDR,1080p@30fps,Li-Po 4800 mAh,150W wired,"Glass front (Gorilla Glass 5), plastic frame, glass back",Corning Gorilla Glass 5,,,"50 MP, f/1.8, 24mm (wide), 1/1.56"", 1.0µm, PDAF, OIS 8 MP, f/2.2, 120˚ (ultrawide), 1/4.0"", 1.12µm 2 MP (macro)",,
oneplus,https://www.gsmarena.com/oneplus_nord_n20_se-11738.php,OnePlus Nord N20 SE,163.8 x 75 x 8 mm (6.45 x 2.95 x 0.31 in),187 g (6.60 oz),Nano-SIM + Nano-SIM,,"IPS LCD, 480 nits (typ), 600 nits (HBM)","6.56 inches, 103.4 cm 2 (~84.2% screen-to-body ratio)","720 x 1612 pixels, 20:9 ratio (~269 ppi density)","Android 12, OxygenOS 12.1",Mediatek MT6765G Helio G35 (12 nm),Octa-core (4x2.3 GHz Cortex-A53 & 4x1.8 GHz Cortex-A53),PowerVR GE8320,microSDXC,"64GB 4GB RAM, 128GB 4GB RAM",eMMC 5.1,"50 MP, f/1.8, (wide), 1/2.76"", 0.64µm, PDAF Auxiliary lens","LED flash, HDR, panorama",1080p@30fps,"8 MP, f/2.0, 26mm (wide), 1/4.0"", 1.12µm",,1080p@30fps,Li-Po 5000 mAh,"33W wired, 50% in 34 min, 100% in 69 min","Glass front, plastic frame, plastic back",,,,,,
oneplus,https://www.gsmarena.com/oneplus_10t-11622.php,OnePlus 10T,163 x 75.4 x 8.8 mm (6.42 x 2.97 x 0.35 in),204 g (7.20 oz),Nano-SIM + Nano-SIM,,"Fluid AMOLED, 1B colors, 120Hz, HDR10+","6.7 inches, 108.0 cm 2 (~87.9% screen-to-body ratio)","1080 x 2412 pixels, 20:9 ratio (~394 ppi density)","Android 12, OxygenOS 13",Qualcomm SM8475 Snapdragon 8+ Gen 1 (4 nm),Octa-core (1x3.19 GHz Cortex-X2 & 3x2.75 GHz Cortex-A710 & 4x1.80 GHz Cortex-A510),Adreno 730,No,"128GB 6GB RAM, 128GB 8GB RAM, 256GB 12GB RAM, 256GB 16GB RAM",UFS 3.1,,"Color spectrum sensor, Dual-LED flash, HDR, panorama","4K@30/60fps, 1080p@30/60/240fps, gyro-EIS","16 MP, f/2.4, 24mm (wide), 1/3"", 1.0µm",HDR,1080p@30fps,Li-Po 4800 mAh,150W wired (125W for 110V sockets),"Glass front (Gorilla Glass 5), plastic frame, glass back (Gorilla Glass 5)",Corning Gorilla Glass 5,,,"50 MP, f/1.8, 24mm (wide), 1/1.56"", 1.0µm, PDAF, OIS 8 MP, f/2.2, 120˚ (ultrawide), 1/4.0"", 1.12µm 2 MP (macro)",,
oneplus,https://www.gsmarena.com/oneplus_nord_2t-11517.php,OnePlus Nord 2T,159.1 x 73.2 x 8.2 mm (6.26 x 2.88 x 0.32 in),190 g (6.70 oz),Nano-SIM + Nano-SIM,,"AMOLED, 90Hz, HDR10+","6.43 inches, 99.8 cm 2 (~85.7% screen-to-body ratio)","1080 x 2400 pixels, 20:9 ratio (~409 ppi density)","Android 12, upgradable to Android 14, OxygenOS 14",Mediatek Dimensity 1300 (6 nm),Octa-core (1x3.0 GHz Cortex-A78 & 3x2.6 GHz Cortex-A78 & 4x2.0 GHz Cortex-A55),Mali-G77 MC9,No,"128GB 8GB RAM, 256GB 12GB RAM",UFS 3.1,,"Dual-LED flash, HDR, panorama","4K@30fps, 1080p@30/60/120/480fps, gyro-EIS","32 MP, f/2.4, (wide), 1/2.8"", 0.8µm",Auto HDR,"1080p@30fps, gyro-EIS",Li-Po 4500 mAh,"80W wired, PD","Glass front (Gorilla Glass 5), plastic frame",Corning Gorilla Glass 5,,,"50 MP, f/1.9, 24mm (wide), 1/1.56"", 1.0µm, PDAF, OIS 8 MP, f/2.2, 120˚ (ultrawide) Auxiliary lens",,
oneplus,https://www.gsmarena.com/oneplus_ace_racing-11529.php,OnePlus Ace Racing,164.3 x 75.8 x 8.7 mm (6.47 x 2.98 x 0.34 in),205 g (7.23 oz),Nano-SIM + Nano-SIM,,"IPS LCD, 120Hz, 480 nits (typ), 600 (HBM)","6.59 inches, 104.5 cm 2 (~83.9% screen-to-body ratio)","1080 x 2412 pixels, 20:9 ratio (~401 ppi density)","Android 12, ColorOS 12.1",Mediatek Dimensity 8100 Max (5 nm),Octa-core (4x2.85 GHz Cortex-A78 & 4x2.0 GHz Cortex-A55),Mali-G610 MC6,No,"128GB 8GB RAM, 256GB 8GB RAM, 256GB 12GB RAM",UFS 3.1,,"LED flash, HDR, panorama","4K@30fps, 1080p@30/60/120fps, gyro-EIS","16 MP, f/2.1, 26mm (wide), 1/3.09"", 1.0µm",HDR,"1080p@30fps, gyro-EIS",Li-Po 5000 mAh,"67W wired, 80% in 29 min",,,,,"64 MP, f/1.7, 25mm (wide), PDAF 8 MP, f/2.2, 15mm, 119˚ (ultrawide), 1/4.0"", 1.12µm 2 MP (macro)",,
oneplus,https://www.gsmarena.com/oneplus_nord_n20_5g-11218.php,OnePlus Nord N20 5G,159.9 x 73.2 x 7.5 mm (6.30 x 2.88 x 0.30 in),173 g (6.10 oz),Nano-SIM,,AMOLED,"6.43 inches, 99.8 cm 2 (~85.3% screen-to-body ratio)","1080 x 2400 pixels, 20:9 ratio (~409 ppi density)","Android 11, OxygenOS 11",Qualcomm SM6375 Snapdragon 695 5G (6 nm),Octa-core (2x2.2 GHz Kryo 660 Gold & 6x1.7 GHz Kryo 660 Silver),Adreno 619,microSDXC (dedicated slot),128GB 6GB RAM,UFS 2.2,,"LED flash, HDR, panorama",1080p@30fps,"16 MP, f/2.4, (wide)",HDR,1080p@30fps,Li-Po 4500 mAh,33W wired,"Glass front (Schott Xensation Up), plastic frame, plastic back",Schott Xensation Up,,,"64 MP, f/1.8, (wide), PDAF 2 MP (macro) Auxiliary lens",,
oneplus,https://www.gsmarena.com/oneplus_10r_150w-11598.php,OnePlus 10R 150W,163.3 x 75.5 x 8.2 mm (6.43 x 2.97 x 0.32 in),186 g (6.56 oz),Nano-SIM + Nano-SIM,,"Fluid AMOLED, 1B colors, 120Hz, HDR10+","6.7 inches, 108.0 cm 2 (~87.6% screen-to-body ratio)","1080 x 2412 pixels, 20:9 ratio (~394 ppi density)","Android 12, upgradable to Android 13, OxygenOS 13",Mediatek Dimensity 8100 Max (5 nm),Octa-core (4x2.85 GHz Cortex-A78 & 4x2.0 GHz Cortex-A55),Mali-G610 MC6,No,256GB 12GB RAM,UFS 3.1,,"Color spectrum sensor, LED flash, HDR, panorama","4K@30fps, 1080p@30/60/120fps, gyro-EIS","16 MP, f/2.4, 26mm (wide), 1/3.09"", 1.0µm",HDR,"1080p@30fps, gyro-EIS",Li-Po 4500 mAh,"150W wired, 30% in 3 min, 100% in 17 min","Glass front (Gorilla Glass 5), plastic frame, plastic back",Corning Gorilla Glass 5,,,"50 MP, f/1.8, 24mm (wide), 1/1.56"", 1.0µm, PDAF, OIS 8 MP, f/2.2, 15mm, 120˚ (ultrawide), 1/4.0"", 1.12µm 2 MP (macro)",,
oneplus,https://www.gsmarena.com/oneplus_10r-11445.php,OnePlus 10R,163.3 x 75.5 x 8.2 mm (6.43 x 2.97 x 0.32 in),186 g (6.56 oz),Nano-SIM + Nano-SIM,,"Fluid AMOLED, 1B colors, 120Hz, HDR10+","6.7 inches, 108.0 cm 2 (~87.6% screen-to-body ratio)","1080 x 2412 pixels, 20:9 ratio (~394 ppi density)","Android 12, upgradable to Android 13, OxygenOS 13",Mediatek Dimensity 8100 Max (5 nm),Octa-core (4x2.85 GHz Cortex-A78 & 4x2.0 GHz Cortex-A55),Mali-G610 MC6,No,"128GB 8GB RAM, 256GB 8GB RAM, 256GB 12GB RAM",UFS 3.1,,"Color spectrum sensor, LED flash, HDR, panorama","4K@30fps, 1080p@30/60/120fps, gyro-EIS","16 MP, f/2.4, 26mm (wide), 1/3.09"", 1.0µm",HDR,"1080p@30fps, gyro-EIS",Li-Po 5000 mAh,"80W wired, 100% in 32 min","Glass front (Gorilla Glass 5), plastic frame, plastic back",Corning Gorilla Glass 5,,,"50 MP, f/1.8, 24mm (wide), 1/1.56"", 1.0µm, PDAF, OIS 8 MP, f/2.2, 15mm, 120˚ (ultrawide), 1/4.0"", 1.12µm 2 MP (macro)",,
oneplus,https://www.gsmarena.com/oneplus_nord_ce_2_lite_5g-11344.php,OnePlus Nord CE 2 Lite 5G,164.3 x 75.6 x 8.5 mm (6.47 x 2.98 x 0.33 in),195 g (6.88 oz),Nano-SIM + Nano-SIM,,"IPS LCD, 120Hz","6.59 inches, 104.5 cm 2 (~84.1% screen-to-body ratio)","1080 x 2412 pixels, 20:9 ratio (~401 ppi density)","Android 12, upgradable to Android 13, OxygenOS 13",Qualcomm SM6375 Snapdragon 695 5G (6 nm),Octa-core (2x2.2 GHz Kryo 660 Gold & 6x1.7 GHz Kryo 660 Silver),Adreno 619,microSDXC (uses shared SIM slot),"128GB 6GB RAM, 128GB 8GB RAM",UFS 2.2,,"LED flash, HDR, panorama",1080p@30fps,"16 MP, f/2.0, (wide), 1/3.0"", 1.0µm",HDR,1080p@30fps,Li-Po 5000 mAh,33W wired,"Glass front, plastic frame, plastic back",,,,"64 MP, f/1.7, 26mm (wide), 0.7µm, PDAF 2 MP (macro) Auxiliary lens",,
oneplus,https://www.gsmarena.com/oneplus_ace-11488.php,OnePlus Ace,163.3 x 75.5 x 8.2 mm (6.43 x 2.97 x 0.32 in),186 g (6.56 oz),Nano-SIM + Nano-SIM,,"OLED, 1B colors, 120Hz, HDR10+, 500 nits (typ), 800 nits (HBM), 950 nits (peak)","6.7 inches, 108.0 cm 2 (~87.6% screen-to-body ratio)","1080 x 2412 pixels, 20:9 ratio (~394 ppi density)","Android 12, ColorOS 12.1",Mediatek Dimensity 8100 Max (5 nm),Octa-core (4x2.85 GHz Cortex-A78 & 4x2.0 GHz Cortex-A55),Mali-G610 MC6,No,"128GB 8GB RAM, 256GB 8GB RAM, 256GB 12GB RAM, 512GB 12GB RAM",UFS 3.1,,"Color spectrum sensor, LED flash, HDR, panorama","4K@30/60fps, 1080p@30/60/240fps, gyro-EIS","16 MP, f/2.4, 26mm (wide), 1/3.09"", 1.0µm",HDR,"1080p@30fps, gyro-EIS",Li-Po 4500 mAh,"150W wired, 50% in 5 min","Glass front (Gorilla Glass 5), plastic frame",Corning Gorilla Glass 5,,,"50 MP, f/1.9, 24mm (wide), 1/1.56"", 1.0µm, PDAF, OIS 8 MP, f/2.2, 15mm, 120˚ (ultrawide), 1/4.0"", 1.12µm 2 MP (macro)",,
oneplus,https://www.gsmarena.com/oneplus_10_pro-11234.php,OnePlus 10 Pro,163 x 73.9 x 8.6 mm (6.42 x 2.91 x 0.34 in),201 g (7.09 oz),· Nano-SIM · Nano-SIM + Nano-SIM,"IP68 dust tight and water resistant - T-Mobile only (not for use underwater, liquid damage is not covered under warranty)","LTPO2 Fluid AMOLED, 1B colors, 120Hz, HDR10+, 500 nits (typ), 800 nits (HBM), 1300 nits (peak)","6.7 inches, 108.4 cm 2 (~90.0% screen-to-body ratio)","1440 x 3216 pixels, 20:9 ratio (~525 ppi density)","Android 12, upgradable to Android 14, OxygenOS 14 (International), ColorOS (China)",Qualcomm SM8450 Snapdragon 8 Gen 1 (4 nm),Octa-core (1x3.00 GHz Cortex-X2 & 3x2.50 GHz Cortex-A710 & 4x1.80 GHz Cortex-A510),Adreno 730,No,"128GB 8GB RAM, 256GB 8GB RAM, 256GB 12GB RAM, 512GB 12GB RAM",UFS 3.1,,"Laser AF, color spectrum sensor, Hasselblad Color Calibration, Dual-LED dual-tone flash, HDR, panorama","8K@24fps, 4K@30/60/120fps, 1080p@30/60/240fps, Auto HDR, gyro-EIS","32 MP, f/2.2, (wide), 1/2.74"", 0.8µm",HDR,"1080p@30fps, gyro-EIS",Li-Po 5000 mAh,"80W wired, PD, 100% in 32 min (International) 65W wired, PD, 58% in 15 min (North America) 50W wireless Reverse wireless","Glass front (Gorilla Glass Victus), glass back (Gorilla Glass 5), aluminum frame",Corning Gorilla Glass Victus,,,"48 MP, f/1.8, 23mm (wide), 1/1.43"", 1.12µm, multi-directional PDAF, OIS 8 MP, f/2.4, 77mm (telephoto), 1.0µm, PDAF, OIS, 3.3x optical zoom 50 MP, f/2.2, 14mm, 150˚ (ultrawide), 1/2.76"", 0.64µm",,
oneplus,https://www.gsmarena.com/oneplus_nord_ce_2_5g-11269.php,OnePlus Nord CE 2 5G,160.6 x 73.2 x 7.8 mm (6.32 x 2.88 x 0.31 in),173 g (6.10 oz),Nano-SIM + Nano-SIM,,"AMOLED, 90Hz, HDR10+","6.43 inches, 99.8 cm 2 (~84.9% screen-to-body ratio)","1080 x 2400 pixels, 20:9 ratio (~409 ppi density)","Android 11, upgradable to Android 13, OxygenOS 13",Mediatek Dimensity 900 (6 nm),Octa-core (2x2.4 GHz Cortex-A78 & 6x2.0 GHz Cortex-A55),Mali-G68 MC4,microSDXC (dedicated slot),"128GB 6GB RAM, 128GB 8GB RAM",UFS 2.2,,"LED flash, HDR, panorama","4K@30fps, 1080p@30/60/120fps, gyro-EIS","16 MP, f/2.4, 27mm (wide), 1.0µm",HDR,"1080p@30/60fps, gyro-EIS",Li-Po 4500 mAh,65W wired,,Corning Gorilla Glass 5,,,"64 MP, f/1.8, 26mm (wide), 1/1.97"", 0.7µm, PDAF 8 MP, f/2.2, 119˚ (ultrawide) 2 MP (macro)",,
oneplus,https://www.gsmarena.com/oneplus_9rt_5g-11148.php,OnePlus 9RT 5G,162.2 x 74.6 x 8.3 mm (6.39 x 2.94 x 0.33 in),198.5 g (7.02 oz),Nano-SIM + Nano-SIM,,"AMOLED, 120Hz, HDR10+","6.62 inches, 106.3 cm 2 (~87.9% screen-to-body ratio)","1080 x 2400 pixels, 20:9 ratio (~397 ppi density)","Android 11, upgradable to Android 13, OxygenOS 13",Qualcomm SM8350 Snapdragon 888 5G (5 nm),Octa-core (1x2.84 GHz Cortex-X1 & 3x2.42 GHz Cortex-A78 & 4x1.80 GHz Cortex-A55),Adreno 660,No,"128GB 8GB RAM, 256GB 8GB RAM, 256GB 12GB RAM",UFS 3.1,,"Dual-LED flash, HDR, panorama","4K@30/60fps, 1080p@30/60/240fps, Auto HDR, gyro-EIS","16 MP, f/2.4, (wide), 1/3.06"", 1.0µm",HDR,"1080p@30fps, gyro-EIS",Li-Po 4500 mAh,"65W wired, 100% in 29 min","Glass front (Gorilla Glass 5), glass back (Gorilla Glass 5), aluminum frame",Corning Gorilla Glass 5,,,,"50 MP, f/1.8, 24mm (wide), 1/1.56”, 1.0µm, PDAF, OIS 16 MP, f/2.2, 14mm, 123˚ (ultrawide), 1/3.6"", 1.0µm 2 MP (macro)",
oneplus,https://www.gsmarena.com/oneplus_nord_2_5g-10960.php,OnePlus Nord 2 5G,159.1 x 73.3 x 8.3 mm (6.26 x 2.89 x 0.33 in),189 g (6.67 oz),Nano-SIM + Nano-SIM,,"Fluid AMOLED, 90Hz, HDR10+","6.43 inches, 99.8 cm 2 (~85.6% screen-to-body ratio)","1080 x 2400 pixels, 20:9 ratio (~409 ppi density)","Android 11, upgradable to Android 13, OxygenOS 13",Mediatek Dimensity 1200 (6 nm),Octa-core (1x3.0 GHz Cortex-A78 & 3x2.6 GHz Cortex-A78 & 4x2.0 GHz Cortex-A55),Mali-G77 MC9,No,"128GB 6GB RAM, 128GB 8GB RAM, 256GB 8GB RAM, 256GB 12GB RAM",UFS 3.1,,"Dual-LED flash, HDR, panorama","4K@30fps, 1080p@30/60/120fps, gyro-EIS","32 MP, f/2.5, (wide), 1/2.8"", 0.8µm",Auto HDR,"1080p@30fps, gyro-EIS",Li-Po 4500 mAh,"65W wired, PD, 100% in 30 min","Glass front (Gorilla Glass 5), glass back (Gorilla Glass 5), plastic frame",Corning Gorilla Glass 5,,,"50 MP, f/1.9, 24mm (wide), 1/1.56"", 1.0µm, PDAF, OIS 8 MP, f/2.3, 120˚ (ultrawide) Auxiliary lens",,
oneplus,https://www.gsmarena.com/oneplus_nord_n200_5g-10961.php,OnePlus Nord N200 5G,163.1 x 74.9 x 8.3 mm (6.42 x 2.95 x 0.33 in),189 g (6.67 oz),Nano-SIM,,"IPS LCD, 90Hz","6.49 inches, 102.2 cm 2 (~83.7% screen-to-body ratio)","1080 x 2400 pixels, 20:9 ratio (~405 ppi density)","Android 11, OxygenOS 11",Qualcomm SM4350 Snapdragon 480 5G (8 nm),Octa-core (2x2.0 GHz Kryo 460 & 6x1.8 GHz Kryo 460),Adreno 619,microSDXC,64GB 4GB RAM,UFS 2.1,,"LED flash, HDR, panorama","1080p@30fps, gyro-EIS","16 MP, f/2.1",HDR,1080p@30fps,Li-Po 5000 mAh,18W wired,,,,,"13 MP, f/2.2, (wide), PDAF 2 MP (macro) Auxiliary lens",,
oneplus,https://www.gsmarena.com/oneplus_nord_ce_5g-10944.php,oneplus_nord_ce_5g-10944.php,,,,,,,,,,,,,,,,,,,,,,,,,,,,,
oneplus,https://www.gsmarena.com/oneplus_9_pro-10806.php,OnePlus 9 Pro,163.2 x 73.6 x 8.7 mm (6.43 x 2.90 x 0.34 in),197 g (6.95 oz),· Nano-SIM · Nano-SIM + Nano-SIM,IP68 dust tight and water resistant (immersible up to 1.5m for 30 min),"LTPO Fluid2 AMOLED, 1B colors, 120Hz, HDR10+, 1300 nits (peak)","6.7 inches, 108.4 cm 2 (~90.3% screen-to-body ratio)","1440 x 3216 pixels, 20:9 ratio (~525 ppi density)","Android 11, upgradable to Android 14, OxygenOS 14",Qualcomm SM8350 Snapdragon 888 5G (5 nm),Octa-core (1x2.84 GHz Cortex-X1 & 3x2.42 GHz Cortex-A78 & 4x1.80 GHz Cortex-A55,Adreno 660,No,"128GB 8GB RAM, 256GB 8GB RAM, 256GB 12GB RAM",UFS 3.1,,"Laser AF, color spectrum sensor, Hasselblad Color Calibration, dual-LED flash, HDR, panorama","8K@30fps, 4K@30/60/120fps, 1080p@30/60/240fps, Auto HDR, gyro-EIS","16 MP, f/2.4, (wide), 1/3.06"", 1.0µm",HDR,"1080p@30fps, gyro-EIS",Li-Po 4500 mAh,"65W wired, PD, 100% in 29 min 50W wireless, 100% in 43 min 5W reverse wireless","Glass front (Gorilla Glass 5), glass back (Gorilla Glass 5), aluminum frame",Corning Gorilla Glass 5,,,,"48 MP, f/1.8, 23mm (wide), 1/1.43"", 1.12µm, multi-directional PDAF, OIS 8 MP, f/2.4, 77mm (telephoto), 1.0µm, PDAF, OIS, 3.3x optical zoom 50 MP, f/2.2, 14mm (ultrawide), 1/1.56"", 1.0µm, AF 2 MP, f/2.4, (monochrome)",
oneplus,https://www.gsmarena.com/oneplus_9-10747.php,OnePlus 9,160 x 74.2 x 8.7 mm (EU/NA) 160 x 73.9 x 8.1 mm (IN/CN),192 g (EU/NA) 183 g (IN/CN) (6.46 oz),· Nano-SIM · Nano-SIM + Nano-SIM,IP68 dust tight and water resistant (T-Mobile version only),"Fluid AMOLED, 120Hz, HDR10+, 1100 nits (peak)","6.55 inches, 103.6 cm 2 (~87.6% screen-to-body ratio)","1080 x 2400 pixels, 20:9 ratio (~402 ppi density)","Android 11, upgradable to Android 13, OxygenOS 13",Qualcomm SM8350 Snapdragon 888 5G (5 nm),Octa-core (1x2.84 GHz Cortex-X1 & 3x2.42 GHz Cortex-A78 & 4x1.80 GHz Cortex-A55),Adreno 660,No,"128GB 8GB RAM, 256GB 12GB RAM",UFS 3.1,,"Hasselblad Color Calibration, color spectrum sensor, dual-LED flash, HDR, panorama","8K@30fps, 4K@30/60fps, 1080p@30/60/240fps, Auto HDR, gyro-EIS","16 MP, f/2.4, (wide), 1/3.06"", 1.0µm",HDR,"1080p@30fps, gyro-EIS",Li-Po 4500 mAh,"65W wired, PD, 100% in 29 min 15W wireless (EU/NA)","Glass front (Gorilla Glass 5), glass back (Gorilla Glass 5), plastic frame",Corning Gorilla Glass 5,,,"48 MP, f/1.8, 23mm (wide), 1/1.43"", 1.12µm, multi-directional PDAF 50 MP, f/2.2, 14mm (ultrawide), 1/1.56"", 1.0µm, AF 2 MP, f/2.4, (monochrome)",,
oneplus,https://www.gsmarena.com/oneplus_9r-10807.php,OnePlus 9R,161 x 74.1 x 8.4 mm (6.34 x 2.92 x 0.33 in),189 g (6.67 oz),Nano-SIM + Nano-SIM,,"Fluid AMOLED, 120Hz, HDR10+","6.55 inches, 103.6 cm 2 (~86.8% screen-to-body ratio)","1080 x 2400 pixels, 20:9 ratio (~402 ppi density)","Android 10, upgradable to Android 14, OxygenOS 14",Qualcomm SM8250-AC Snapdragon 870 5G (7 nm),Octa-core (1x3.2 GHz Kryo 585 & 3x2.42 GHz Kryo 585 & 4x1.80 GHz Kryo 585),Adreno 650,No,"128GB 8GB RAM, 256GB 8GB RAM, 256GB 12GB RAM",UFS 3.1,,"Dual-LED flash, HDR, panorama","4K@30/60fps, 1080p@30/60/240fps, Auto HDR, gyro-EIS","16 MP, f/2.4, (wide), 1/3.06"", 1.0µm",HDR,"1080p@30fps, gyro-EIS",Li-Po 4500 mAh,"65W wired, 100% in 39 min","Glass front (Gorilla Glass 5), glass back (Gorilla Glass 5), aluminum frame",Corning Gorilla Glass 5,,,,"48 MP, f/1.7, 26mm (wide), 1/2.0"", 0.8µm, PDAF, OIS 16 MP, f/2.2, 14mm, 123˚ (ultrawide), 1/3.6"", 1.0µm 5 MP (macro) 2 MP, f/2.4, (monochrome)",
oneplus,https://www.gsmarena.com/oneplus_watch-10808.php,OnePlus Watch,46.4 x 46.4 x 10.9 mm (1.83 x 1.83 x 0.43 in),45 g (1.59 oz),No,IP68 dust tight and water resistant (immersible up to 1.5m for 30 min) Waterproof (5ATM) Compatible with standard 22mm straps,AMOLED,1.39 inches,454 x 454 pixels (~326 ppi density),Proprietary OS,,,,No,4GB 1GB RAM,,,,,,,,Li-Ion 402 mAh,,"Glass front, stainless steel frame, plastic back",,,,,,
oneplus,https://www.gsmarena.com/oneplus_nord_n10_5g-10556.php,OnePlus Nord N10 5G,163 x 74.7 x 9 mm (6.42 x 2.94 x 0.35 in),190 g (6.70 oz),Nano-SIM + Nano-SIM,,"IPS LCD, 90Hz","6.49 inches, 101.7 cm 2 (~83.5% screen-to-body ratio)","1080 x 2400 pixels, 20:9 ratio (~406 ppi density)","Android 10, OxygenOS 10.5",Qualcomm SM6350 Snapdragon 690 5G (8 nm),Octa-core (2x2.0 GHz Kryo 560 Gold & 6x1.7 GHz Kryo 560 Silver),Adreno 619L,microSDXC,128GB 6GB RAM,UFS 2.1,,"LED flash, HDR, panorama","4K@30fps, 1080p@30/60/120fps; gyro-EIS","16 MP, f/2.1",HDR,"1080p@30/60fps, gyro-EIS",Li-Po 4300 mAh,30W wired,"Glass front (Gorilla Glass 3), plastic back, plastic frame",Corning Gorilla Glass 3,,,,"64 MP, f/1.8, (wide), 1/1.72"", 0.8µm, PDAF 8 MP, f/2.3, 119˚ (ultrawide) 2 MP (macro) Auxiliary lens",
oneplus,https://www.gsmarena.com/oneplus_nord_n100-10557.php,OnePlus Nord N100,164.9 x 75.1 x 8.5 mm (6.49 x 2.96 x 0.33 in),188 g (6.63 oz),Nano-SIM + Nano-SIM,,"IPS LCD, 90Hz","6.52 inches, 102.6 cm 2 (~82.9% screen-to-body ratio)","720 x 1600 pixels, 20:9 ratio (~269 ppi density)","Android 10, OxygenOS 10.5.9",Qualcomm SM4250 Snapdragon 460 (11 nm),Octa-core (4x1.8 GHz Kryo 240 & 4x1.6 GHz Kryo 240),Adreno 610,microSDXC,64GB 4GB RAM,UFS 2.1,,"LED flash, HDR, panorama","1080p@30fps, gyro-EIS","8 MP, f/2.0",HDR,1080p@30fps,Li-Po 5000 mAh,18W wired,"Glass front (Gorilla Glass 3), plastic frame",Corning Gorilla Glass 3,,,"13 MP, f/2.2, (wide), PDAF 2 MP (macro) Auxiliary lens",,
oneplus,https://www.gsmarena.com/oneplus_8t-10420.php,OnePlus 8T,160.7 x 74.1 x 8.4 mm (6.33 x 2.92 x 0.33 in),188 g (6.63 oz),Nano-SIM + Nano-SIM,,"Fluid AMOLED, 120Hz, HDR10+","6.55 inches, 103.6 cm 2 (~87.0% screen-to-body ratio)","1080 x 2400 pixels, 20:9 ratio (~402 ppi density)","Android 11, upgradable to Android 14, OxygenOS 14",Qualcomm SM8250 Snapdragon 865 5G (7 nm+),Octa-core (1x2.84 GHz Cortex-A77 & 3x2.42 GHz Cortex-A77 & 4x1.80 GHz Cortex-A55),Adreno 650,No,"128GB 8GB RAM, 256GB 12GB RAM",UFS 3.1,,"Dual-LED flash, HDR, panorama","4K@30/60fps, 1080p@30/60/240fps, Auto HDR, gyro-EIS","16 MP, f/2.4, (wide), 1/3.06"", 1.0µm",HDR,"1080p@30fps, gyro-EIS",Li-Po 4500 mAh,"65W wired, 100% in 39 min","Glass front (Gorilla Glass 5), glass back (Gorilla Glass 5), aluminum frame",Corning Gorilla Glass 5,,,,"48 MP, f/1.7, 26mm (wide), 1/2.0"", 0.8µm, PDAF, OIS 16 MP, f/2.2, 14mm, 123˚ (ultrawide), 1/3.6"", 1.0µm 5 MP (macro) 2 MP, f/2.4, (monochrome)",
oneplus,https://www.gsmarena.com/oneplus_8t+_5g-10512.php,OnePlus 8T+ 5G,160.7 x 74.1 x 8.4 mm (6.33 x 2.92 x 0.33 in),-,Nano-SIM,"IP68 dust tight and water resistant (not for use underwater, liquid damage is not covered under warranty)","Fluid AMOLED, 120Hz, HDR10+","6.55 inches, 103.6 cm 2 (~87.0% screen-to-body ratio)","1080 x 2400 pixels, 20:9 ratio (~402 ppi density)","Android 11, OxygenOS 11",Qualcomm SM8250 Snapdragon 865 5G (7 nm+),Octa-core (1x2.84 GHz Cortex-A77 & 3x2.42 GHz Cortex-A77 & 4x1.80 GHz Cortex-A55),Adreno 650,No,256GB 12GB RAM,UFS 3.1,,"Dual-LED flash, HDR, panorama","4K@30/60fps, 1080p@30/60/240fps, Auto HDR, gyro-EIS","16 MP, f/2.4, (wide), 1/3.06"", 1.0µm",HDR,"1080p@30fps, gyro-EIS",Li-Po 4500 mAh,"65W wired, 100% in 39 min","Glass front (Gorilla Glass 5), glass back (Gorilla Glass 5), aluminum frame",Corning Gorilla Glass 5,,,,"48 MP, f/1.7, 26mm (wide), 1/2.0"", 0.8µm, PDAF, OIS 16 MP, f/2.2, 14mm, 123˚ (ultrawide), 1/3.6"", 1.0µm 5 MP (macro) Auxiliary lens",
oneplus,https://www.gsmarena.com/oneplus_nord-10289.php,OnePlus Nord,158.3 x 73.3 x 8.2 mm (6.23 x 2.89 x 0.32 in),184 g (6.49 oz),Nano-SIM + Nano-SIM,,"Fluid AMOLED, 90Hz, HDR10+","6.44 inches, 100.6 cm 2 (~86.7% screen-to-body ratio)","1080 x 2400 pixels, 20:9 ratio (~408 ppi density)","Android 10, upgradable to Android 12, OxygenOS 12",Qualcomm SM7250 Snapdragon 765G 5G (7 nm),Octa-core (1x2.4 GHz Kryo 475 Prime & 1x2.2 GHz Kryo 475 Gold & 6x1.8 GHz Kryo 475 Silver),Adreno 620,No,"64GB 6GB RAM, 128GB 8GB RAM, 256GB 12GB RAM",UFS 2.1,,"Dual-LED flash, HDR, panorama","4K@30fps, 1080p@30/60/240fps, gyro-EIS",,HDR,"4K@30/60fps, 1080p@30/60fps",Li-Po 4115 mAh,"30W wired, 70% in 30 min","Glass front (Gorilla Glass 5), glass back (Gorilla Glass 5), plastic frame",Corning Gorilla Glass 5,,,,"48 MP, f/1.8, 26mm (wide), 1/2.0"", 0.8µm, PDAF, OIS 8 MP, f/2.3, 119˚ (ultrawide) 2 MP (macro) Auxiliary lens","32 MP, f/2.5, (wide), 1/2.8"", 0.8µm 8 MP, f/2.5, 105˚ (ultrawide), 1/4.0"", 1.12µm"
oneplus,https://www.gsmarena.com/oneplus_8_pro-9919.php,OnePlus 8 Pro,165.3 x 74.4 x 8.5 mm (6.51 x 2.93 x 0.33 in),199 g (7.02 oz),Nano-SIM + Nano-SIM,IP68 dust tight and water resistant,"Fluid AMOLED, 1B colors, 120Hz, HDR10+","6.78 inches, 111.7 cm 2 (~90.8% screen-to-body ratio)",1440 x 3168 pixels (~513 ppi density),"Android 10, upgradable to Android 13, OxygenOS 13",Qualcomm SM8250 Snapdragon 865 5G (7 nm+),Octa-core (1x2.84 GHz Cortex-A77 & 3x2.42 GHz Cortex-A77 & 4x1.80 GHz Cortex-A55),Adreno 650,No,"128GB 8GB RAM, 256GB 12GB RAM",UFS 3.0,,"Laser AF, Dual-LED flash, HDR, panorama","4K@30/60fps, 1080p@30/60/240fps, Auto HDR, gyro-EIS","16 MP, f/2.5, (wide), 1/3.06"", 1.0µm",HDR,"1080p@30fps, gyro-EIS","Li-Po 4510 mAh, non-removable","30W wired, 50% in 23 min 30W wireless, 50% in 30 min 3W reverse wireless","Glass front (Gorilla Glass 5), glass back (Gorilla Glass 5), aluminum frame",Corning Gorilla Glass 5,,,,"48 MP, f/1.8, 25mm (wide), 1/1.43"", 1.12µm, multi-directional PDAF, OIS 8 MP, f/2.4, (telephoto), 1/1.0µm, PDAF, OIS, 3x optical zoom 48 MP, f/2.2, 14mm, 116˚ (ultrawide), 1/2.0"", 0.8µm, PDAF 5 MP, f/2.4, (Color filter camera)",
oneplus,https://www.gsmarena.com/oneplus_8-10161.php,OnePlus 8,160.2 x 72.9 x 8 mm (6.31 x 2.87 x 0.31 in),180 g (6.35 oz),Nano-SIM + Nano-SIM,,"Fluid AMOLED, 90Hz, HDR10+","6.55 inches, 103.6 cm 2 (~88.7% screen-to-body ratio)","1080 x 2400 pixels, 20:9 ratio (~402 ppi density)","Android 10, upgradable to Android 13, OxygenOS 13",Qualcomm SM8250 Snapdragon 865 5G (7 nm+),Octa-core (1x2.84 GHz Cortex-A77 & 3x2.42 GHz Cortex-A77 & 4x1.80 GHz Cortex-A55),Adreno 650,No,"128GB 6GB RAM, 128GB 8GB RAM, 256GB 12GB RAM","UFS 3.0, 2-LANE",,"Dual-LED flash, HDR, panorama","4K@30/60fps, 1080p@30/60/240fps, Auto HDR, gyro-EIS","16 MP, f/2.4, (wide), 1/3.06"", 1.0µm",HDR,"1080p@30fps, gyro-EIS",Li-Po 4300 mAh,"30W wired, 50% in 22 min","Glass front (Gorilla Glass 5), glass back (Gorilla Glass 5), aluminum frame",Corning Gorilla Glass 5,,,"48 MP, f/1.8, 26mm (wide), 1/2.0"", 0.8µm, PDAF, OIS 16 MP, f/2.2, 14mm, 116˚ (ultrawide), 1/3.6"", 1.0µm 2 MP (macro)",,
oneplus,https://www.gsmarena.com/oneplus_8_5g_uw_(verizon)-10226.php,OnePlus 8 5G UW (Verizon),160.2 x 72.9 x 8 mm (6.31 x 2.87 x 0.31 in),180 g (6.35 oz),Nano-SIM (pre-installed),IP68 dust tight and water resistant (immersible up to 2m for 60 min),"Fluid AMOLED, 90Hz, HDR10+","6.55 inches, 103.6 cm 2 (~88.7% screen-to-body ratio)","1080 x 2400 pixels, 20:9 ratio (~402 ppi density)","Android 10, OxygenOS 10.0",Qualcomm SM8250 Snapdragon 865 5G (7 nm+),Octa-core (1x2.84 GHz Cortex-A77 & 3x2.42 GHz Cortex-A77 & 4x1.80 GHz Cortex-A55),Adreno 650,No,128GB 8GB RAM,"UFS 3.0, 2-LANE",,"Dual-LED flash, HDR, panorama","4K@30/60fps, 1080p@30/60/240fps, Auto HDR, gyro-EIS","16 MP, f/2.0, (wide), 1/3.06"", 1.0µm",HDR,"1080p@30fps, gyro-EIS",Li-Po 4300 mAh,"30W wired, 50% in 22 min","Glass front, glass back (Gorilla Glass 5), aluminum frame",,,,"48 MP, f/1.8, 25mm (wide), 1/2.0"", 0.8µm, PDAF, OIS 16 MP, f/2.2, 14mm, 116˚ (ultrawide) 2 MP (macro)",,
oneplus,https://www.gsmarena.com/oneplus_8_5g_(t_mobile)-10229.php,OnePlus 8 5G (T-Mobile),160.2 x 72.9 x 8 mm (6.31 x 2.87 x 0.31 in),180 g (6.35 oz),Nano-SIM,"IP68 dust tight and water resistant (not for use underwater, liquid damage is not covered under warranty)","Fluid AMOLED, 90Hz, HDR10+","6.55 inches, 103.6 cm 2 (~88.7% screen-to-body ratio)","1080 x 2400 pixels, 20:9 ratio (~402 ppi density)","Android 10, OxygenOS 10.0",Qualcomm SM8250 Snapdragon 865 5G (7 nm+),Octa-core (1x2.84 GHz Cortex-A77 & 3x2.42 GHz Cortex-A77 & 4x1.80 GHz Cortex-A55),Adreno 650,No,128GB 8GB RAM,"UFS 3.0, 2-LANE",,"Dual-LED flash, HDR, panorama","4K@30/60fps, 1080p@30/60/240fps, Auto HDR, gyro-EIS","16 MP, f/2.0, (wide), 1/3.06"", 1.0µm",HDR,"1080p@30fps, gyro-EIS",Li-Po 4300 mAh,"30W wired, 50% in 22 min","Glass front, glass back (Gorilla Glass 5), aluminum frame",,,,"48 MP, f/1.8, 25mm (wide), 1/2.0"", 0.8µm, PDAF, OIS 16 MP, f/2.2, 14mm, 116˚ (ultrawide) 2 MP (macro)",,
oneplus,https://www.gsmarena.com/oneplus_7t_pro_5g_mclaren-9928.php,OnePlus 7T Pro 5G McLaren,162.6 x 75.9 x 8.8 mm (6.40 x 2.99 x 0.35 in),206 g (7.27 oz),Nano-SIM + Nano-SIM,,"Fluid AMOLED, 90Hz, HDR10+","6.67 inches, 108.8 cm 2 (~88.1% screen-to-body ratio)","1440 x 3120 pixels, 19.5:9 ratio (~516 ppi density)","Android 10, OxygenOS 10.0",Qualcomm SM8150 Snapdragon 855+ (7 nm),Octa-core (1x2.96 GHz Kryo 485 & 3x2.42 GHz Kryo 485 & 4x1.78 GHz Kryo 485),Adreno 640 (700 MHz),No,256GB 12GB RAM,UFS 3.0,,"Laser AF, Dual-LED flash, HDR, panorama","4K@30/60fps, 1080p@30/60/240fps, 720p@960fps, Auto HDR, gyro-EIS","Motorized pop-up 16 MP, f/2.0, 25mm (wide), 1/3.06"", 1.0µm",HDR,"1080p@30fps, gyro-EIS","Li-Po 4085 mAh, non-removable",30W wired,"Glass front (Gorilla Glass 6), glass back (Gorilla Glass 5), aluminum frame",Corning Gorilla Glass 6,,,"48 MP, f/1.6, (wide), 1/2.0"", 0.8µm, PDAF, OIS 8 MP, f/2.4, (telephoto), 1.0µm, PDAF, OIS, 3x optical zoom 16 MP, f/2.2, 13mm (ultrawide), AF",,
oneplus,https://www.gsmarena.com/oneplus_7t_pro-9872.php,OnePlus 7T Pro,162.6 x 75.9 x 8.8 mm (6.40 x 2.99 x 0.35 in),206 g (7.27 oz),Nano-SIM + Nano-SIM,,"Fluid AMOLED, 90Hz, HDR10+","6.67 inches, 108.8 cm 2 (~88.1% screen-to-body ratio)","1440 x 3120 pixels, 19.5:9 ratio (~516 ppi density)","Android 10, upgradable to Android 12, OxygenOS 12.1",Qualcomm SM8150 Snapdragon 855+ (7 nm),Octa-core (1x2.96 GHz Kryo 485 & 3x2.42 GHz Kryo 485 & 4x1.78 GHz Kryo 485),Adreno 640 (700 MHz),No,"256GB 8GB RAM, 256GB 12GB RAM",12GB RAM - McLaren Edition only UFS 3.0,,"Laser AF, Dual-LED flash, HDR, panorama","4K@30/60fps, 1080p@30/60/240fps, 720p@960fps, Auto HDR, gyro-EIS","Motorized pop-up 16 MP, f/2.0, 25mm (wide), 1/3.06"", 1.0µm",HDR,"1080p@30fps, gyro-EIS","Li-Po 4085 mAh, non-removable",30W wired,"Glass front (Gorilla Glass 5), glass back (Gorilla Glass 5), aluminum frame",Corning Gorilla Glass 5,,,"48 MP, f/1.6, (wide), 1/2.0"", 0.8µm, PDAF, OIS 8 MP, f/2.4, 78mm (telephoto), 3x optical zoom, PDAF, OIS 16 MP, f/2.2, 17mm (ultrawide), AF",,
oneplus,https://www.gsmarena.com/oneplus_7t-9816.php,OnePlus 7T,160.9 x 74.4 x 8.1 mm (6.33 x 2.93 x 0.32 in),190 g (6.70 oz),Nano-SIM + Nano-SIM,,"Fluid AMOLED, 90Hz, HDR10+","6.55 inches, 103.6 cm 2 (~86.5% screen-to-body ratio)","1080 x 2400 pixels, 20:9 ratio (~402 ppi density)","Android 10, upgradable to Android 12, OxygenOS 12.1",Qualcomm SM8150 Snapdragon 855+ (7 nm),Octa-core (1x2.96 GHz Kryo 485 & 3x2.42 GHz Kryo 485 & 4x1.78 GHz Kryo 485),Adreno 640 (700 MHz),No,"128GB 8GB RAM, 256GB 8GB RAM",UFS 3.0,,"Dual-LED flash, HDR, panorama","4K@30/60fps, 1080p@30/60/240fps, 720p@960fps, Auto HDR, gyro-EIS","16 MP, f/2.0, 25mm (wide), 1/3.06"", 1.0µm",HDR,"1080p@30fps, gyro-EIS","Li-Po 3800 mAh, non-removable",30W wired,"Glass front (Gorilla Glass 5), glass back (Gorilla Glass 5), aluminum frame",Corning Gorilla Glass 5,,,"48 MP, f/1.6, 26mm (wide), 1/2.0"", 0.8µm, PDAF, OIS 12 MP, f/2.2, 51mm (telephoto), 1.0µm, PDAF, 2x optical zoom 16 MP, f/2.2, 17mm (ultrawide), AF",,
oneplus,https://www.gsmarena.com/oneplus_7_pro_5g-9704.php,OnePlus 7 Pro 5G,162.6 x 75.9 x 8.8 mm (6.40 x 2.99 x 0.35 in),206 g (7.27 oz),Nano-SIM + Nano-SIM,,"Fluid AMOLED, 90Hz, HDR10+","6.67 inches, 109.2 cm 2 (~88.5% screen-to-body ratio)","1440 x 3120 pixels, 19.5:9 ratio (~515 ppi density)","Android 9.0 (Pie), upgradable to Android 10, OxygenOS 10.0.4",Qualcomm SM8150 Snapdragon 855 (7 nm),Octa-core (1x2.84 GHz Kryo 485 & 3x2.42 GHz Kryo 485 & 4x1.78 GHz Kryo 485),Adreno 640,No,"128GB 6GB RAM, 256GB 8GB RAM, 256GB 12GB RAM",UFS 3.0,,"Laser AF, Dual-LED dual-tone flash, panorama, HDR","4K@30/60fps, 1080p@30/60/240fps, 720p@480fps, Auto HDR, gyro-EIS, no video rec. with ultrawide camera","Motorized pop-up 16 MP, f/2.0, 25mm (wide), 1/3.06"", 1.0µm",HDR,"1080p@30fps, gyro-EIS","Li-Po 4000 mAh, non-removable",30W wired,"Glass front (Gorilla Glass 5), glass back (Gorilla Glass 5), aluminum frame",Corning Gorilla Glass 5,,,"48 MP, f/1.6, (wide), 1/2.0"", 0.8µm, PDAF, OIS 8 MP, f/2.4, 78mm (telephoto), 3x zoom, PDAF, OIS 16 MP, f/2.2, 13mm (ultrawide)",,
oneplus,https://www.gsmarena.com/oneplus_7_pro-9689.php,OnePlus 7 Pro,162.6 x 75.9 x 8.8 mm (6.40 x 2.99 x 0.35 in),206 g (7.27 oz),Nano-SIM + Nano-SIM,,"Fluid AMOLED, 90Hz, HDR10+","6.67 inches, 108.8 cm 2 (~88.1% screen-to-body ratio)","1440 x 3120 pixels, 19.5:9 ratio (~516 ppi density)","Android 9.0 (Pie), upgradable to Android 12, OxygenOS 12.1",Qualcomm SM8150 Snapdragon 855 (7 nm),Octa-core (1x2.84 GHz Kryo 485 & 3x2.42 GHz Kryo 485 & 4x1.78 GHz Kryo 485),Adreno 640,No,"128GB 6GB RAM, 256GB 8GB RAM, 256GB 12GB RAM",UFS 3.0,,"Laser AF, Dual-LED flash, panorama, HDR","4K@30/60fps, 1080p@30/60/240fps, 720p@480fps, Auto HDR, gyro-EIS, no video rec. with ultrawide camera","Motorized pop-up 16 MP, f/2.0, 25mm (wide), 1/3.06"", 1.0µm",HDR,"1080p@30fps, gyro-EIS","Li-Po 4000 mAh, non-removable",30W wired,"Glass front (Gorilla Glass 5), glass back (Gorilla Glass 5), aluminum frame",Corning Gorilla Glass 5,,,"48 MP, f/1.6, (wide), 1/2.0"", 0.8µm, PDAF, OIS 8 MP, f/2.4, 78mm (telephoto), 3x optical zoom, PDAF, OIS 16 MP, f/2.2, 17mm (ultrawide), AF",,
oneplus,https://www.gsmarena.com/oneplus_7-9623.php,OnePlus 7,157.7 x 74.8 x 8.2 mm (6.21 x 2.94 x 0.32 in),182 g (6.42 oz),Nano-SIM + Nano-SIM,,"Optic AMOLED, HDR10","6.41 inches, 100.9 cm 2 (~85.5% screen-to-body ratio)","1080 x 2340 pixels, 19.5:9 ratio (~402 ppi density)","Android 9.0 (Pie), upgradable to Android 12, OxygenOS 12.1",Qualcomm SM8150 Snapdragon 855 (7 nm),Octa-core (1x2.84 GHz Kryo 485 & 3x2.42 GHz Kryo 485 & 4x1.78 GHz Kryo 485),Adreno 640,No,"128GB 6GB RAM, 256GB 8GB RAM, 256GB 12GB RAM",UFS 3.0,"48 MP, f/1.7, (wide), 1/2.0"", 0.8µm, PDAF, OIS Auxiliary lens","Dual-LED flash, HDR, panorama","4K@30/60fps, 1080p@30/60/240fps, 720p@480fps, Auto HDR, gyro-EIS","16 MP, f/2.0, 25mm (wide), 1/3.06"", 1.0µm",HDR,"1080p@30fps, gyro-EIS","Li-Po 3700 mAh, non-removable",20W wired,"Glass front (Gorilla Glass 6), glass back (Gorilla Glass 5), aluminum frame",Corning Gorilla Glass 6,,,,,
oneplus,https://www.gsmarena.com/oneplus_6t_mclaren-9469.php,OnePlus 6T McLaren,157.5 x 74.8 x 8.2 mm (6.20 x 2.94 x 0.32 in),185 g (6.53 oz),Nano-SIM + Nano-SIM,,Optic AMOLED,"6.41 inches, 100.9 cm 2 (~85.6% screen-to-body ratio)","1080 x 2340 pixels, 19.5:9 ratio (~402 ppi density)","Android 9.0 (Pie), upgradable to Android 10, OxygenOS 10",Qualcomm SDM845 Snapdragon 845 (10 nm),Octa-core (4x2.8 GHz Kryo 385 Gold & 4x1.7 GHz Kryo 385 Silver),Adreno 630,No,256GB 10GB RAM,UFS 2.1,"16 MP, f/1.7, 25mm (wide), 1/2.6"", 1.22µm, PDAF, OIS 20 MP (16 MP effective), f/1.7, 25mm (wide), 1/2.8"", 1.0µm, PDAF","Dual-LED flash, HDR, panorama","4K@30/60fps, 1080p@30/60/240fps, 720p@480fps, Auto HDR, gyro-EIS","16 MP, f/2.0, 25mm (wide), 1/3.06"", 1.0µm",HDR,"1080p@30fps, gyro-EIS","Li-Po 3700 mAh, non-removable","30W wired, 50% in 20 min","Glass front (Gorilla Glass 6), glass back, aluminum frame",Corning Gorilla Glass 6,,,,,
oneplus,https://www.gsmarena.com/oneplus_6t-9350.php,OnePlus 6T,157.5 x 74.8 x 8.2 mm (6.20 x 2.94 x 0.32 in),185 g (6.53 oz),Nano-SIM + Nano-SIM,,Optic AMOLED,"6.41 inches, 100.9 cm 2 (~85.6% screen-to-body ratio)","1080 x 2340 pixels, 19.5:9 ratio (~402 ppi density)","Android 9.0 (Pie), upgradable to Android 11, OxygenOS 11.1.1.1",Qualcomm SDM845 Snapdragon 845 (10 nm),Octa-core (4x2.8 GHz Kryo 385 Gold & 4x1.7 GHz Kryo 385 Silver),Adreno 630,No,"128GB 6GB RAM, 128GB 8GB RAM, 256GB 8GB RAM",UFS 2.1,"16 MP, f/1.7, 25mm (wide), 1/2.6"", 1.22µm, PDAF, OIS 20 MP (16 MP effective), f/1.7, 25mm (wide), 1/2.8"", 1.0µm, PDAF","Dual-LED flash, HDR, panorama","4K@30/60fps, 1080p@30/60/240fps, 720p@480fps, Auto HDR, gyro-EIS","16 MP, f/2.0, 25mm (wide), 1/3.06"", 1.0µm",HDR,"1080p@30fps, gyro-EIS","Li-Po 3700 mAh, non-removable",20W wired,"Glass front (Gorilla Glass 6), glass back, aluminum frame",Corning Gorilla Glass 6,,,,,
oneplus,https://www.gsmarena.com/oneplus_6-9109.php,OnePlus 6,155.7 x 75.4 x 7.8 mm (6.13 x 2.97 x 0.31 in),177 g (6.24 oz),Nano-SIM + Nano-SIM,Water-repellent coating,Optic AMOLED,"6.28 inches, 98.4 cm 2 (~83.8% screen-to-body ratio)","1080 x 2280 pixels, 19:9 ratio (~402 ppi density)","Android 8.1 (Oreo), upgradable to Android 11, OxygenOS 11.1.1.1",Qualcomm SDM845 Snapdragon 845 (10 nm),Octa-core (4x2.8 GHz Kryo 385 Gold & 4x1.7 GHz Kryo 385 Silver),Adreno 630,No,"64GB 6GB RAM, 128GB 8GB RAM, 256GB 8GB RAM",UFS 2.1,"16 MP, f/1.7, 25mm (wide), 1/2.6"", 1.22µm, PDAF, OIS 20 MP (16 MP effective), f/1.7, 25mm (wide), 1/2.8"", 1.0µm, PDAF","Dual-LED flash, HDR, panorama","4K@30/60fps, 1080p@30/60/240fps, 720p@480fps, Auto HDR","16 MP, f/2.0, 25mm (wide), 1/3.06"", 1.0µm",HDR,"1080p@30fps, gyro-EIS","Li-Po 3300 mAh, non-removable",20W wired,"Glass front (Gorilla Glass 5), glass back, aluminum frame",Corning Gorilla Glass 5,,,,,
oneplus,https://www.gsmarena.com/oneplus_5t-8912.php,OnePlus 5T,156.1 x 75 x 7.3 mm (6.15 x 2.95 x 0.29 in),162 g (5.71 oz),Nano-SIM + Nano-SIM,,Optic AMOLED,"6.01 inches, 93.7 cm 2 (~80.0% screen-to-body ratio)","1080 x 2160 pixels, 18:9 ratio (~401 ppi density)","Android 7.1.1 (Nougat), upgradable to Android 10, OxygenOS 10.0.0",Qualcomm MSM8998 Snapdragon 835 (10 nm),Octa-core (4x2.45 GHz Kryo & 4x1.9 GHz Kryo),Adreno 540,No,"64GB 6GB RAM, 128GB 8GB RAM",UFS 2.1,"16 MP, f/1.7, 27mm (wide), 1/2.8"", 1.12µm, PDAF 20 MP, f/1.7, 27mm (wide), 1/2.8"", 1.0µm, AF, PDAF","Dual-LED flash, HDR, panorama","4K@30fps, 1080p@30/60fps, 720p@30/120fps, Auto HDR","16 MP, f/2.0, 20mm (wide), 1/3.06"", 1.0µm",HDR,1080p (gyro-EIS),"Li-Po 3300 mAh, non-removable",20W wired,"Glass front (Gorilla Glass 5), aluminum back, aluminum frame",Corning Gorilla Glass 5,,,,,
oneplus,https://www.gsmarena.com/oneplus_5-8647.php,OnePlus 5,154.2 x 74.1 x 7.3 mm (6.07 x 2.92 x 0.29 in),153 g (5.40 oz),Nano-SIM + Nano-SIM,,Optic AMOLED,"5.5 inches, 83.4 cm 2 (~73.0% screen-to-body ratio)","1080 x 1920 pixels, 16:9 ratio (~401 ppi density)","Android 7.1.1 (Nougat), upgradable to Android 10, OxygenOS 10.0.0",Qualcomm MSM8998 Snapdragon 835 (10 nm),Octa-core (4x2.45 GHz Kryo & 4x1.9 GHz Kryo),Adreno 540,No,"64GB 6GB RAM, 128GB 8GB RAM",,"16 MP, f/1.7, 24mm (wide), 1/2.8"", 1.12µm, PDAF 20 MP, f/2.6, 36mm (standard), 1/2.8"", 1.0µm, 1.6x optical zoom, AF","HDR, panorama, dual-LED flash","4K@30fps, 1080p@30/60fps, 720p@30/120/480fps, Auto HDR","16 MP, f/2.0, 20mm (wide), 1/3.06"", 1.0µm",HDR,1080p (gyro-EIS),"Li-Po 3300 mAh, non-removable",20W wired,"Glass front (Gorilla Glass 5), aluminum back, aluminum frame",Corning Gorilla Glass 5,,,,,
