brand,gsmarena_url,name,Body | Dimensions,Body | Weight,Body | Build,Body | SIM,Body | ,Display | Type,Display | Size,Display | Resolution,Display | Protection,Display | ,Platform | OS,Platform | Chipset,Platform | CPU,Platform | GPU,Memory | Card slot,Memory | Internal,Memory | ,Main Camera | Dual,Main Camera | Features,Main Camera | Video,Selfie camera | Single,Selfie camera | Features,Selfie camera | Video,Battery | Type,Battery | Charging,Main Camera | Triple,Main Camera | Single,Selfie camera | Dual,Battery | Stand-by,Battery | Talk time,Battery | Music play
sony,https://www.gsmarena.com/sony_xperia_10_vii_5g-14137.php,Sony Xperia 10 VII,153 x 72 x 8.3 mm (6.02 x 2.83 x 0.33 in),168 g (5.93 oz),"Glass front (Gorilla Glass Victus 2), plastic frame, plastic back",· Nano-SIM + eSIM · Nano-SIM + Nano-SIM,IP65/IP68 dust tight and water resistant (low pressure water jets; immersible up to 1.5m for 30 min),"OLED, 1B colors, 120Hz, HDR","6.1 inches, 91.3 cm 2 (~82.9% screen-to-body ratio)","1080 x 2340 pixels, 19.5:9 ratio (~422 ppi density)","Corning Gorilla Glass Victus 2, Mohs level 5",Triluminos display,"Android 15, upgradable to Android 16, up to 4 major Android upgrades",Qualcomm SM6475-AB Snapdragon 6 Gen 3 (4 nm),Octa-core (4x2.4 GHz Cortex-A78 & 4x1.8 GHz Cortex-A55),Adreno 710,microSDXC (uses shared SIM slot),128GB 8GB RAM,UFS,"50 MP, f/1.9, 24mm (wide), 1/1.56"", PDAF, OIS 13 MP, f/2.4, 16mm, 123˚ (ultrawide), 1/3.0""","LED flash, HDR, panorama","4K@30fps, 1080p@30/60/120fps, gyro-EIS, OIS","8 MP, f/2.0, 26mm (wide), 1/4.0"", 1.12µm",HDR,1080p@30fps,5000 mAh,"Wired, PD, QC",,,,,,
sony,https://www.gsmarena.com/sony_xperia_1_vii_5g-13843.php,Sony Xperia 1 VII,162 x 74 x 8.2 mm (6.38 x 2.91 x 0.32 in),197 g (6.95 oz),"Glass front (Gorilla Glass Victus 2), glass back (Gorilla Glass Victus), aluminum frame",· Nano-SIM + eSIM · Nano-SIM + Nano-SIM,IP65/IP68 dust tight and water resistant (low pressure water jets; immersible up to 1.5m for 30 min),"LTPO OLED, 1B colors, 120Hz, HDR BT.2020","6.5 inches, 103.7 cm 2 (~86.5% screen-to-body ratio)","1080 x 2340 pixels, 19.5:9 ratio (~396 ppi density)","Corning Gorilla Glass Victus 2, Mohs level 5",,"Android 15, up to 4 major Android upgrades",Qualcomm SM8750-AB Snapdragon 8 Elite (3 nm),Octa-core (2x4.32 GHz Oryon V2 Phoenix L + 6x3.53 GHz Oryon V2 Phoenix M),Adreno 830,microSDXC (uses shared SIM slot),"256GB 12GB RAM, 512GB 12GB RAM",UFS 4.0,,"Zeiss optics, Zeiss T* lens coating, color spectrum sensor, LED flash, panorama, HDR, eye tracking","4K@24/30/60/120fps HDR, 1080p@30/60/120fps; 5-axis gyro-EIS, OIS","12 MP, f/2.0, 24mm (wide), 1/2.9"", 1.22µm",HDR,"4K@30/60fps, 1080p@30/60fps, 5-axis gyro-EIS",5000 mAh,"30W wired, PD3.0, PPS, 50% in 30 min 15W wireless Reverse wireless","48 MP, f/1.9, 24mm (wide), 1/1.35"", 1.12µm, dual pixel PDAF, OIS 12 MP, f/2.3, 85mm (telephoto), f/3.5, 170mm (telephoto), 1/3.5"", 1.0µm, dual pixel PDAF, 3.5x-7.1x continuous optical zoom, OIS, 4cm macro @ 120mm, no AF 48 MP, f/2.0, 16mm (ultrawide), 1/1.56"", 1.0µm, PDAF",,,,,
sony,https://www.gsmarena.com/sony_xperia_1_vi-13003.php,Sony Xperia 1 VI,162 x 74 x 8.2 mm (6.38 x 2.91 x 0.32 in),192 g (6.77 oz),"Glass front (Gorilla Glass Victus 2), glass back (Gorilla Glass Victus), aluminum frame",· Nano-SIM + eSIM · Nano-SIM + Nano-SIM,IP65/IP68 dust tight and water resistant (low pressure water jets; immersible up to 1.5m for 30 min),"LTPO OLED, 1B colors, 120Hz, HDR BT.2020","6.5 inches, 103.7 cm 2 (~86.5% screen-to-body ratio)","1080 x 2340 pixels, 19.5:9 ratio (~396 ppi density)",Corning Gorilla Glass Victus 2,,"Android 14, upgradable to Android 16, up to 3 major Android upgrades",Qualcomm SM8650-AB Snapdragon 8 Gen 3 (4 nm),Octa-core (1x3.3 GHz Cortex-X4 & 3x3.2 GHz Cortex-A720 & 2x3.0 GHz Cortex-A720 & 2x2.3 GHz Cortex-A520),Adreno 750,microSDXC (uses shared SIM slot),"256GB 12GB RAM, 512GB 12GB RAM",UFS 4.0,,"Zeiss optics, Zeiss T* lens coating, color spectrum sensor, LED flash, panorama, HDR, eye tracking","4K@24/30/60/120fps HDR, 1080p@30/60/120fps; 5-axis gyro-EIS, OIS","12 MP, f/2.0, 24mm (wide), 1/2.9"", 1.22µm",HDR,"4K@30/60fps, 1080p@30/60fps, 5-axis gyro-EIS",5000 mAh,"30W wired, PD3.0, PPS, 50% in 30 min 15W wireless Reverse wireless","48 MP, f/1.9, 24mm (wide), 1/1.35"", 1.12µm, dual pixel PDAF, OIS 12 MP, f/2.3, 85mm (telephoto), f/3.5, 170mm (telephoto), 1/3.5"", 1.0µm, dual pixel PDAF, 3.5x-7.1x continuous optical zoom, OIS, 4cm macro @ 120mm, no AF 12 MP, f/2.2, 16mm, 123˚ (ultrawide), 1/2.5"", 1.4µm, dual pixel PDAF",,,,,
sony,https://www.gsmarena.com/sony_xperia_10_vi-13002.php,Sony Xperia 10 VI,155 x 68 x 8.3 mm (6.10 x 2.68 x 0.33 in),164 g (5.78 oz),"Glass front (Gorilla Glass Victus), plastic frame, plastic back",· Nano-SIM + eSIM · Nano-SIM + Nano-SIM,IP65/IP68 dust tight and water resistant (low pressure water jets; immersible up to 1.5m for 30 min),"OLED, 1B colors, HDR","6.1 inches, 86.9 cm 2 (~82.5% screen-to-body ratio)","1080 x 2520 pixels, 21:9 ratio (~449 ppi density)",Corning Gorilla Glass Victus,Triluminos display,"Android 14, upgradable to Android 16, up to 3 major Android upgrades",Qualcomm SM6450 Snapdragon 6 Gen 1 (4 nm),Octa-core (4x2.2 GHz Cortex-A78 & 4x1.8 GHz Cortex-A55),Adreno 710,microSDXC (uses shared SIM slot),128GB 8GB RAM,UFS,"48 MP, f/1.8, 26mm (wide), 1/2.0"", 0.8µm, PDAF, OIS 8 MP, f/2.2, 120˚, 16mm (ultrawide), 1/4.0"", 1.12µm","LED flash, HDR, panorama","4K@30fps, 1080p@30/60/120fps, gyro-EIS, OIS","8 MP, f/2.0, 26mm (wide), 1/4.0"", 1.12µm",HDR,1080p@30fps,5000 mAh,"Wired, PD, QC",,,,,,
sony,https://www.gsmarena.com/sony_xperia_5_v-12534.php,Sony Xperia 5 V,154 x 68 x 8.6 mm (6.06 x 2.68 x 0.34 in),182 g (6.42 oz),"Glass front (Gorilla Glass Victus 2), glass back, aluminum frame",· Nano-SIM + eSIM · Nano-SIM + Nano-SIM,IP65/IP68 dust tight and water resistant (low pressure water jets; immersible up to 1.5m for 30 min),"OLED, 1B colors, 120Hz, HDR10, BT.2020","6.1 inches, 86.9 cm 2 (~83.0% screen-to-body ratio)","1080 x 2520 pixels, 21:9 ratio (~449 ppi density)",Corning Gorilla Glass Victus 2,,"Android 13, upgradable to Android 15",Qualcomm SM8550-AB Snapdragon 8 Gen 2 (4 nm),Octa-core (1x3.2 GHz Cortex-X3 & 2x2.8 GHz Cortex-A715 & 2x2.8 GHz Cortex-A710 & 3x2.0 GHz Cortex-A510),Adreno 740,microSDXC (uses shared SIM slot),"128GB 8GB RAM, 256GB 8GB RAM",UFS,"48 MP, f/1.9, 24mm (wide), 1/1.35"", 1.12µm, dual pixel PDAF, OIS 12 MP, f/2.2, 16mm (ultrawide), 1/2.5"", dual pixel PDAF","Zeiss optics, Zeiss T* lens coating, color spectrum sensor, LED flash, panorama, HDR, eye tracking","4K@24/25/30/60/120fps HDR, 1080p@30/60/120fps; 5-axis gyro-EIS, OIS","12 MP, f/2.0, 24mm (wide), 1/2.9"", 1.25µm",HDR,"4K@30fps, 1080p@30/60fps, 5-axis gyro-EIS",Li-Po 5000 mAh,"30W wired, PD3.0, PPS, 50% in 30 min Wireless Reverse wireless",,,,,,
sony,https://www.gsmarena.com/sony_xperia_1_v-12263.php,Sony Xperia 1 V,165 x 71 x 8.3 mm (6.50 x 2.80 x 0.33 in),187 g (6.60 oz),"Glass front (Gorilla Glass Victus 2), glass back (Gorilla Glass Victus), aluminum frame",· Nano-SIM + eSIM · Nano-SIM + Nano-SIM,IP65/IP68 dust tight and water resistant (low pressure water jets; immersible up to 1.5m for 30 min),"OLED, 1B colors, 120Hz, HDR BT.2020","6.5 inches, 98.6 cm 2 (~84.2% screen-to-body ratio)","1644 x 3840 pixels, 21:9 ratio (~643 ppi density)",Corning Gorilla Glass Victus 2,,"Android 13, upgradable to Android 15",Qualcomm SM8550-AB Snapdragon 8 Gen 2 (4 nm),Octa-core (1x3.2 GHz Cortex-X3 & 2x2.8 GHz Cortex-A715 & 2x2.8 GHz Cortex-A710 & 3x2.0 GHz Cortex-A510),Adreno 740,microSDXC (uses shared SIM slot),"256GB 12GB RAM, 512GB 12GB RAM",UFS 4.0,,"Zeiss optics, Zeiss T* lens coating, color spectrum sensor, LED flash, panorama, HDR, eye tracking","4K@24/25/30/60/120fps HDR, 1080p@30/60/120fps; 5-axis gyro-EIS, OIS","12 MP, f/2.0, 24mm (wide), 1/2.9"", 1.25µm",HDR,"4K@30/60fps, 1080p@30/60fps, 5-axis gyro-EIS",Li-Po 5000 mAh,"30W wired, PD3.0, PPS, 50% in 30 min Wireless Reverse wireless","48 MP, f/1.9, 24mm (wide), 1/1.35"", 1.12µm, dual pixel PDAF, OIS 12 MP, f/2.3, 85mm (telephoto), f/2.8, 125mm (telephoto), 1/3.5"", dual pixel PDAF, 3.5x-5.2x continuous optical zoom, OIS 12 MP, f/2.2, 16mm (ultrawide), 1/2.5"", dual pixel PDAF",,,,,
sony,https://www.gsmarena.com/sony_xperia_10_v-12264.php,Sony Xperia 10 V,155 x 68 x 8.3 mm (6.10 x 2.68 x 0.33 in),159 g (5.61 oz),"Glass front (Gorilla Glass Victus), plastic frame, plastic back",· Nano-SIM + eSIM · Nano-SIM + Nano-SIM,IP65/IP68 dust tight and water resistant (low pressure water jets; immersible up to 1.5m for 30 min),"OLED, 1B colors, HDR","6.1 inches, 86.9 cm 2 (~82.5% screen-to-body ratio)","1080 x 2520 pixels, 21:9 ratio (~449 ppi density)",Corning Gorilla Glass Victus,Triluminos display,"Android 13, upgradable to Android 15",Qualcomm SM6375 Snapdragon 695 5G (6 nm),Octa-core (2x2.2 GHz Kryo 660 Gold & 6x1.7 GHz Kryo 660 Silver),Adreno 619,microSDXC (uses shared SIM slot),"128GB 6GB RAM, 128GB 8GB RAM",UFS,,"LED flash, HDR, panorama",1080p@30fps,"8 MP, f/2.0, 26mm (wide), 1/4.0"", 1.12µm",HDR,1080p@30fps,Li-Po 5000 mAh,"Wired, PD, QC","48 MP, f/1.8, 26mm (wide), 1/2.0"", 0.8µm, PDAF, OIS 8 MP, f/2.2, 54mm (telephoto), 1/4.4"", 1.0µm, PDAF, 2x optical zoom 8 MP, f/2.2, 120˚, 16mm (ultrawide), 1/4.0"", 1.12µm",,,,,
sony,https://www.gsmarena.com/sony_xperia_5_iv-11838.php,Sony Xperia 5 IV,156 x 67 x 8.2 mm (6.14 x 2.64 x 0.32 in),172 g (6.07 oz),"Glass front (Gorilla Glass Victus), glass back (Gorilla Glass Victus), aluminum frame",· Nano-SIM + eSIM · Nano-SIM + Nano-SIM,IP65/IP68 dust tight and water resistant (low pressure water jets; immersible up to 1.5m for 30 min),"OLED, 1B colors, 120Hz, HDR BT.2020","6.1 inches, 86.9 cm 2 (~83.2% screen-to-body ratio)","1080 x 2520 pixels, 21:9 ratio (~449 ppi density)",Corning Gorilla Glass Victus,,"Android 12, upgradable to Android 13",Qualcomm SM8450 Snapdragon 8 Gen 1 (4 nm),Octa-core (1x3.00 GHz Cortex-X2 & 3x2.50 GHz Cortex-A710 & 4x1.80 GHz Cortex-A510),Adreno 730,microSDXC (uses shared SIM slot),"128GB 8GB RAM, 256GB 8GB RAM",UFS 3.X,,"Zeiss optics, Zeiss T* lens coating, color spectrum sensor, LED flash, panorama, HDR, eye tracking","4K@24/25/30/60/120fps HDR, 1080p@30/60/120fps; 5-axis gyro-EIS, OIS","12 MP, f/2.0, 24mm (wide), 1/2.9"", 1.25µm",HDR,"4K@30fps, 1080p@30/60fps, 5-axis gyro-EIS",Li-Po 5000 mAh,"Wired, PD3.0, 50% in 30 min Wireless Reverse wireless","12 MP, f/1.7, 24mm (wide), 1/1.7"", 1.8µm, dual pixel PDAF, OIS 12 MP, f/2.4, 60mm (telephoto), 1/3.5"", dual pixel PDAF, OIS 12 MP, f/2.2, 124˚, 16mm (ultrawide), 1/2.5"", dual pixel PDAF",,,,,
sony,https://www.gsmarena.com/sony_xperia_1_iv-11521.php,Sony Xperia 1 IV,165 x 71 x 8.2 mm (6.50 x 2.80 x 0.32 in),185 g (6.53 oz),"Glass front (Gorilla Glass Victus), glass back (Gorilla Glass Victus), aluminum frame",· Nano-SIM + eSIM · Nano-SIM + Nano-SIM,IP65/IP68 dust tight and water resistant (low pressure water jets; immersible up to 1.5m for 30 min),"OLED, 1B colors, 120Hz, HDR BT.2020","6.5 inches, 98.6 cm 2 (~84.2% screen-to-body ratio)","1644 x 3840 pixels, 21:9 ratio (~643 ppi density)",Corning Gorilla Glass Victus,Runs at 1096 x 2560 pixels except for select use cases,"Android 12, upgradable to Android 13",Qualcomm SM8450 Snapdragon 8 Gen 1 (4 nm),Octa-core (1x3.00 GHz Cortex-X2 & 3x2.50 GHz Cortex-A710 & 4x1.80 GHz Cortex-A510),Adreno 730,microSDXC (uses shared SIM slot),"256GB 12GB RAM, 512GB 12GB RAM, 512GB 16GB RAM",UFS,,"Zeiss optics, Zeiss T* lens coating, color spectrum sensor, LED flash, panorama, HDR, eye tracking","4K@24/25/30/60/120fps HDR, 1080p@30/60/120fps; 5-axis gyro-EIS, OIS","12 MP, f/2.0, 24mm (wide), 1/2.9"", 1.25µm",HDR,"4K@30fps, 1080p@30/60fps, 5-axis gyro-EIS",Li-Po 5000 mAh,"30W wired, PD3.0, PPS, 50% in 30 min Wireless Reverse wireless","12 MP, f/1.7, 24mm (wide), 1/1.7"", 1.8µm, dual pixel PDAF, OIS 12 MP, f/2.3, 85mm (telephoto), f/2.8, 125mm (telephoto), 1/3.5"", dual pixel PDAF, 3.5x-5.2x continuous optical zoom, OIS 12 MP, f/2.2, 124˚, 16mm (ultrawide), 1/2.5"", dual pixel PDAF 0.3 MP, TOF 3D, (depth)",,,,,
sony,https://www.gsmarena.com/sony_xperia_10_iv-11522.php,Sony Xperia 10 IV,153 x 67 x 8.3 mm (6.02 x 2.64 x 0.33 in),161 g (5.68 oz),"Glass front (Gorilla Glass Victus), plastic frame, plastic back",· Nano-SIM + eSIM · Nano-SIM + Nano-SIM,IP65/IP68 dust tight and water resistant (low pressure water jets; immersible up to 1.5m for 30 min),"OLED, 1B colors, HDR","6.0 inches, 84.1 cm 2 (~82.0% screen-to-body ratio)","1080 x 2520 pixels, 21:9 ratio (~457 ppi density)",Corning Gorilla Glass Victus,Triluminos display,"Android 12, upgradable to Android 14",Qualcomm SM6375 Snapdragon 695 5G (6 nm),Octa-core (2x2.2 GHz Kryo 660 Gold & 6x1.7 GHz Kryo 660 Silver),Adreno 619,microSDXC (uses shared SIM slot),128GB 6GB RAM,UFS,,"LED flash, HDR, panorama",1080p@30fps,"8 MP, f/2.0, 27mm (wide), 1/4.0""",HDR,1080p@30fps,Li-Po 5000 mAh,"21W wired (unofficial rating), PD, QC","12 MP, f/1.8, 27mm (wide), 1/2.8"", PDAF, OIS 8 MP, f/2.2, 54mm (telephoto), 1/4.4"", PDAF, 2x optical zoom 8 MP, f/2.2, 120˚, 16mm (ultrawide), 1/4.0""",,,,,
sony,https://www.gsmarena.com/sony_xperia_pro_i-11174.php,Sony Xperia Pro-I,166 x 72 x 8.9 mm (6.54 x 2.83 x 0.35 in),211 g (7.44 oz),"Glass front (Gorilla Glass Victus), glass back (Gorilla Glass 6), aluminum frame",Nano-SIM + Nano-SIM,IP65/IP68 dust tight and water resistant (low pressure water jets; immersible up to 1.5m for 30 min),"OLED, 1B colors, 120Hz, HDR BT.2020","6.5 inches, 98.6 cm 2 (~82.5% screen-to-body ratio)","1644 x 3840 pixels, 21:9 ratio (~643 ppi density)",Corning Gorilla Glass Victus,Runs at 1096 x 2560 pixels except for select use cases,"Android 11, upgradable to Android 13",Qualcomm SM8350 Snapdragon 888 5G (5 nm),Octa-core (1x2.84 GHz Cortex-X1 & 3x2.42 GHz Cortex-A78 & 4x1.80 GHz Cortex-A55),Adreno 660,microSDXC (uses shared SIM slot),512GB 12GB RAM,UFS 3.X,,"Zeiss optics, Zeiss T* lens coating, color spectrum sensor, LED flash, panorama, 12-bit RAW, HDR, eye tracking","4K@24/25/30/60/120fps HDR, 1080p@30/60/120fps; 5-axis gyro-EIS, OIS","8 MP, f/2.0, 24mm (wide), 1/4.0"", 1.12µm",HDR,"1080p@30fps, 5-axis gyro-EIS",Li-Po 4500 mAh,"30W wired, PD, 50% in 30 min","12 MP, f/2.0-4.0, 24mm (wide), 1.0""-type, 2.4µm, dual pixel PDAF, OIS (315 PDAF points, 90% frame coverage) 12 MP, f/2.4, 50mm (telephoto), 1/2.9"", PDAF, 2x optical zoom, OIS 12 MP, f/2.2, 124˚, 16mm (ultrawide), 1/2.55"", dual pixel PDAF 0.3 MP, TOF 3D, (depth)",,,,,
sony,https://www.gsmarena.com/sony_xperia_10_iii_lite-11064.php,Sony Xperia 10 III Lite,154 x 68 x 8.3 mm (6.06 x 2.68 x 0.33 in),169 g (5.96 oz),"Glass front (Gorilla Glass 6), glass back (Gorilla Glass 6), plastic frame",Nano-SIM + eSIM,IP65/IP68 dust tight and water resistant (low pressure water jets; immersible up to 1.5m for 30 min),"OLED, 1B colors, HDR","6.0 inches, 84.1 cm 2 (~80.3% screen-to-body ratio)","1080 x 2520 pixels, 21:9 ratio (~457 ppi density)",Corning Gorilla Glass 6,Triluminos display,Android 11,Qualcomm SM6350 Snapdragon 690 5G (8 nm),Octa-core (2x2.0 GHz Kryo 560 Gold & 6x1.7 GHz Kryo 560 Silver),Adreno 619,microSDXC (uses shared SIM slot),64GB 6GB RAM,UFS,,"LED flash, HDR, panorama","4K@30fps, 1080p@30fps","8 MP, f/2.0, 24mm (wide), 1/4.0""",HDR,1080p@30fps,Li-Po 4500 mAh,"30W wired, PD, QC","12 MP, f/1.8, 27mm (wide), 1/2.8"", PDAF 8 MP, f/2.4, 54mm (telephoto), 1/4.0"", PDAF, 2x optical zoom 8 MP, f/2.2, 16mm, 120˚ (ultrawide), 1/4.0""",,,,,
sony,https://www.gsmarena.com/sony_xperia_1_iii-10712.php,Sony Xperia 1 III,165 x 71 x 8.2 mm (6.50 x 2.80 x 0.32 in),186 g / 187.1 g (mmWave) (6.56 oz),"Glass front (Gorilla Glass Victus), glass back (Gorilla Glass 6), aluminum frame",Nano-SIM + Nano-SIM,IP65/IP68 dust tight and water resistant (low pressure water jets; immersible up to 1.5m for 30 min),"OLED, 1B colors, 120Hz, HDR BT.2020","6.5 inches, 98.6 cm 2 (~84.2% screen-to-body ratio)","1644 x 3840 pixels, 21:9 ratio (~643 ppi density)",Corning Gorilla Glass Victus,Runs at 1096 x 2560 pixels except for select use cases,"Android 11, upgradable to Android 13",Qualcomm SM8350 Snapdragon 888 5G (5 nm),Octa-core (1x2.84 GHz Cortex-X1 & 3x2.42 GHz Cortex-A78 & 4x1.80 GHz Cortex-A55),Adreno 660,microSDXC (uses shared SIM slot),"256GB 12GB RAM, 512GB 12GB RAM",UFS 3.X,,"Zeiss optics, Zeiss T* lens coating, color spectrum sensor, LED flash, panorama, HDR, eye tracking","4K@24/25/30/60/120fps HDR, 1080p@30/60/120fps; 5-axis gyro-EIS, OIS","8 MP, f/2.0, 24mm (wide), 1/4.0"", 1.12µm",HDR,"1080p@30fps, 5-axis gyro-EIS",Li-Po 4500 mAh,"30W wired, PD, 50% in 30 min Wireless Reverse wireless","12 MP, f/1.7, 24mm (wide), 1/1.7"", 1.8µm, dual pixel PDAF, OIS 12 MP, f/2.3, 70mm (telephoto), f/2.8, 105mm (telephoto), 1/2.9"", dual pixel PDAF, 3x/4.4x optical zoom, OIS 12 MP, f/2.2, 124˚, 16mm (ultrawide), 1/2.6"", dual pixel PDAF 0.3 MP, TOF 3D, (depth)",,,,,
sony,https://www.gsmarena.com/sony_xperia_5_iii-10851.php,Sony Xperia 5 III,157 x 68 x 8.2 mm (6.18 x 2.68 x 0.32 in),168 g (5.93 oz),"Glass front (Gorilla Glass 6), glass back (Gorilla Glass 6), aluminum frame",· Nano-SIM · Nano-SIM + Nano-SIM,IP65/IP68 dust tight and water resistant (low pressure water jets; immersible up to 1.5m for 30 min),"OLED, 1B colors, 120Hz, HDR BT.2020","6.1 inches, 86.9 cm 2 (~81.4% screen-to-body ratio)","1080 x 2520 pixels, 21:9 ratio (~449 ppi density)",Corning Gorilla Glass 6,,"Android 11, upgradable to Android 13",Qualcomm SM8350 Snapdragon 888 5G (5 nm),Octa-core (1x2.84 GHz Cortex-X1 & 3x2.42 GHz Cortex-A78 & 4x1.80 GHz Cortex-A55),Adreno 660,microSDXC (uses shared SIM slot),"128GB 8GB RAM, 256GB 8GB RAM",UFS 3.X,,"Zeiss optics, Zeiss T* lens coating, color spectrum sensor, LED flash, panorama, HDR, eye tracking","4K@24/25/30/60/120fps HDR, 1080p@30/60/120fps; 5-axis gyro-EIS, OIS","8 MP, f/2.0, 24mm (wide), 1/4.0"", 1.12µm",HDR,"1080p@30fps, 5-axis gyro-EIS",Li-Po 4500 mAh,"Wired, PD, 50% in 30 min","12 MP, f/1.7, 24mm (wide), 1/1.7"", 1.8µm, dual pixel PDAF, OIS 12 MP, f/2.3, 70mm (telephoto), f/2.8, 105mm (telephoto), 1/2.9"", dual pixel PDAF, 3x/4.4x optical zoom, OIS 12 MP, f/2.2, 124˚, 16mm (ultrawide), 1/2.6"", dual pixel PDAF",,,,,
sony,https://www.gsmarena.com/sony_xperia_10_iii-10698.php,Sony Xperia 10 III,154 x 68 x 8.3 mm (6.06 x 2.68 x 0.33 in),169 g (5.96 oz),"Glass front (Gorilla Glass 6), glass back (Gorilla Glass 6), plastic frame",· Nano-SIM · Nano-SIM + Nano-SIM,IP65/IP68 dust tight and water resistant (low pressure water jets; immersible up to 1.5m for 30 min),"OLED, 1B colors, HDR","6.0 inches, 84.1 cm 2 (~80.3% screen-to-body ratio)","1080 x 2520 pixels, 21:9 ratio (~457 ppi density)",Corning Gorilla Glass 6,Triluminos display,"Android 11, upgradable to Android 13",Qualcomm SM6350 Snapdragon 690 5G (8 nm),Octa-core (2x2.0 GHz Kryo 560 Gold & 6x1.7 GHz Kryo 560 Silver),Adreno 619,microSDXC (uses shared SIM slot),"128GB 6GB RAM, 256GB 6GB RAM",UFS,,"LED flash, HDR, panorama","4K@30fps, 1080p@30fps","8 MP, f/2.0, 27mm (wide), 1/4.0""",HDR,1080p@30fps,Li-Po 4500 mAh,"21W wired (unofficial rating), PD, QC","12 MP, f/1.8, 27mm (wide), 1/2.8"", PDAF 8 MP, f/2.4, 54mm (telephoto), 1/4.0"", PDAF, 2x optical zoom 8 MP, f/2.2, 120˚, 16mm (ultrawide), 1/4.0""",,,,,
sony,https://www.gsmarena.com/sony_xperia_pro-10707.php,Sony Xperia Pro,170.2 x 76.2 x 10.2 mm (6.70 x 3.00 x 0.40 in),225.1 g (7.94 oz),"Glass front (Gorilla Glass 6), plastic back, plastic frame",Nano-SIM + Nano-SIM,IP65/IP68 dust tight and water resistant (low pressure water jets; immersible up to 1.5m for 30 min),"OLED, 1B colors, HDR BT.2020","6.5 inches, 98.6 cm 2 (~76.0% screen-to-body ratio)","1644 x 3840 pixels, 21:9 ratio (~643 ppi density)",Corning Gorilla Glass 6,Runs at 1096 x 2560 pixels except for select use cases,"Android 10, upgradable to Android 12",Qualcomm SM8250 Snapdragon 865 5G (7 nm+),Octa-core (1x2.84 GHz Cortex-A77 & 3x2.42 GHz Cortex-A77 & 4x1.80 GHz Cortex-A55),Adreno 650,microSDXC (uses shared SIM slot),512GB 12GB RAM,UFS 3.X,,"Zeiss optics, color spectrum sensor, LED flash, panorama, HDR, eye tracking","4K@24/25/30/60fps HDR, 1080p@30/60/120fps; 5-axis gyro-EIS, OIS","8 MP, f/2.0, 24mm (wide), 1/4.0"", 1.12µm",HDR,"1080p@30fps, 5-axis gyro-EIS",Li-Po 4000 mAh,"21W wired, PD","12 MP, f/1.7, 24mm (wide), 1/1.7"", 1.8µm, dual pixel PDAF, OIS 12 MP, f/2.4, 70mm (telephoto), 1/3.4"", 1.0µm, PDAF, 3x optical zoom, OIS 12 MP, f/2.2, 124˚, 16mm (ultrawide), 1/2.55"", dual pixel PDAF 0.3 MP, TOF 3D, (depth)",,,,,
sony,https://www.gsmarena.com/sony_xperia_5_ii-10396.php,Sony Xperia 5 II,158 x 68 x 8 mm (6.22 x 2.68 x 0.31 in),163 g (5.75 oz),"Glass front (Gorilla Glass 6), glass back (Gorilla Glass 6), aluminum frame",· Nano-SIM · Nano-SIM + Nano-SIM,IP65/IP68 dust tight and water resistant (low pressure water jets; immersible up to 1.5m for 30 min),"OLED, 120Hz, HDR BT.2020","6.1 inches, 86.9 cm 2 (~80.9% screen-to-body ratio)","1080 x 2520 pixels, 21:9 ratio (~449 ppi density)",Corning Gorilla Glass 6,Triluminos display X-Reality Engine,"Android 10, upgradable to Android 12",Qualcomm SM8250 Snapdragon 865 5G (7 nm+),Octa-core (1x2.84 GHz Cortex-A77 & 3x2.42 GHz Cortex-A77 & 4x1.80 GHz Cortex-A55),Adreno 650,microSDXC (uses shared SIM slot),"128GB 8GB RAM, 256GB 8GB RAM",UFS 3.0,,"Zeiss optics, color spectrum sensor, LED flash, panorama, HDR, eye tracking","4K@24/30/60/120fps HDR, 1080p, 5-axis gyro-EIS, OIS","8 MP, f/2.0, 24mm (wide), 1/4.0"", 1.12µm",HDR,"1080p@30fps, 5-axis gyro-EIS",Li-Ion 4000 mAh,"21W wired, PD3.0, 50% in 30 min","12 MP, f/1.7, 24mm (wide), 1/1.7"", 1.8µm, dual pixel PDAF, OIS 12 MP, f/2.4, 70mm (telephoto), 1/3.4"", 1.0µm, PDAF, 3x optical zoom, OIS 12 MP, f/2.2, 124˚, 16mm (ultrawide), 1/2.55"", dual pixel PDAF",,,,,
sony,https://www.gsmarena.com/sony_xperia_1_ii-10096.php,Sony Xperia 1 II,165.1 x 71.1 x 7.6 mm (6.5 x 2.80 x 0.30 in),181.4 g (6.38 oz),"Glass front (Gorilla Glass 6), glass back (Gorilla Glass 6), aluminum frame",Nano-SIM + Nano-SIM,IP65/IP68 dust tight and water resistant (low pressure water jets; immersible up to 1.5m for 30 min),"OLED, 1B colors, HDR BT.2020","6.5 inches, 98.6 cm 2 (~84.0% screen-to-body ratio)","1644 x 3840 pixels, 21:9 ratio (~643 ppi density)",Corning Gorilla Glass 6,Runs at 1096 x 2560 pixels except for select use cases,"Android 10, upgradable to Android 12",Qualcomm SM8250 Snapdragon 865 5G (7 nm+),Octa-core (1x2.84 GHz Cortex-A77 & 3x2.42 GHz Cortex-A77 & 4x1.80 GHz Cortex-A55),Adreno 650,microSDXC (uses shared SIM slot),"256GB 8GB RAM, 256GB 12GB RAM",UFS 3.0,,"Zeiss optics, color spectrum sensor, LED flash, panorama, HDR, eye tracking","4K@24/25/30/60/120fps HDR, 1080p@30/60/120fps; 5-axis gyro-EIS, OIS","8 MP, f/2.0, 24mm (wide), 1/4.0"", 1.12µm",HDR,1080p@30fps (5-axis gyro-EIS),Li-Po 4000 mAh,"21W wired, PD 11W wireless","12 MP, f/1.7, 24mm (wide), 1/1.7"", 1.8µm, dual pixel PDAF, OIS 12 MP, f/2.4, 70mm (telephoto), 1/3.4"", 1.0µm, PDAF, 3x optical zoom, OIS 12 MP, f/2.2, 124˚, 16mm (ultrawide), 1/2.55"", dual pixel PDAF 0.3 MP, TOF 3D, (depth)",,,,,
sony,https://www.gsmarena.com/sony_xperia_10_ii-10095.php,Sony Xperia 10 II,157 x 69 x 8.2 mm (6.18 x 2.72 x 0.32 in),151 g (5.33 oz),"Glass front (Gorilla Glass 6), glass back (Gorilla Glass 6), plastic frame",· Nano-SIM · Nano-SIM + Nano-SIM,IP65/IP68 dust tight and water resistant (low pressure water jets; immersible up to 1.5m for 30 min),OLED,"6.0 inches, 84.1 cm 2 (~77.6% screen-to-body ratio)","1080 x 2520 pixels, 21:9 ratio (~457 ppi density)",Corning Gorilla Glass 6,,"Android 10, upgradable to Android 12",Qualcomm SDM665 Snapdragon 665 (11 nm),Octa-core (4x2.0 GHz Kryo 260 Gold & 4x1.8 GHz Kryo 260 Silver),Adreno 610,microSDXC (uses shared SIM slot),"64GB 4GB RAM, 128GB 4GB RAM",,,"LED flash, HDR, panorama","4K@30fps, 1080p@30fps","8 MP, f/2.0, 24mm (wide), 1/4.0""",HDR,1080p@30fps,Li-Po 3600 mAh,"18W wired, PD, QC3","12 MP, f/2.0, 26mm (wide), 1/2.8"", PDAF 8 MP, f/2.4, 52mm (telephoto), 1/4.0"", PDAF, 2x optical zoom 8 MP, f/2.2, 120˚, 16mm (ultrawide), 1/4.0""",,,,,
sony,https://www.gsmarena.com/sony_xperia_l4-10091.php,Sony Xperia L4,159 x 71 x 8.7 mm (6.26 x 2.80 x 0.34 in),178 g (6.28 oz),"Glass front, plastic back, plastic frame",· Nano-SIM · Nano-SIM + Nano-SIM,,IPS LCD,"6.2 inches, 89.8 cm 2 (~79.5% screen-to-body ratio)","720 x 1680 pixels, 21:9 ratio (~295 ppi density)",,,Android 9.0 (Pie),Mediatek MT6762 Helio P22 (12 nm),Octa-core 2.0 GHz Cortex-A53,PowerVR GE8320,microSDXC (uses shared SIM slot),64GB 3GB RAM,eMMC 5.1,,"LED flash, HDR, panorama",1080p@30fps,"8 MP, f/2.0, 27mm (wide), 1/4.0"", 1.12µm",,1080p@30fps,Li-Ion 3580 mAh,USB Power Delivery,"13 MP, f/2.0, 26mm (wide), 1/3.0"", PDAF 5 MP, f/2.2, 17mm (ultrawide), 1/5.0"", 1.12µm Auxiliary lens",,,,,
sony,https://www.gsmarena.com/sony_xperia_5-9840.php,Sony Xperia 5,158 x 68 x 8.2 mm (6.22 x 2.68 x 0.32 in),164 g (5.78 oz),"Glass front (Gorilla Glass 6), glass back (Gorilla Glass 6), aluminum frame",· Nano-SIM · Nano-SIM + Nano-SIM,IP65/IP68 dust tight and water resistant (low pressure water jets; immersible up to 1.5m for 30 min),"OLED, HDR BT.2020","6.1 inches, 86.9 cm 2 (~80.9% screen-to-body ratio)","1080 x 2520 pixels, 21:9 ratio (~449 ppi density)",Corning Gorilla Glass 6,Triluminos display X-Reality Engine,"Android 9.0 (Pie), upgradable to Android 11",Qualcomm SM8150 Snapdragon 855 (7 nm),Octa-core (1x2.84 GHz Kryo 485 & 3x2.42 GHz Kryo 485 & 4x1.78 GHz Kryo 485),Adreno 640,microSDXC (uses shared SIM slot),128GB 6GB RAM,UFS 2.1,,"Color spectrum sensor, LED flash, panorama, HDR, eye tracking","4K@24/30fps HDR, 1080p@60fps, 1080p@30fps (5-axis gyro-EIS)","8 MP, f/2.0, 24mm (wide), 1/4.0"", 1.12µm",HDR,1080p@30fps (5-axis gyro-EIS),"Li-Ion 3140 mAh, non-removable","18W wired, PD2.0","12 MP, f/1.6, 26mm (wide), 1/2.55"", 1.4µm, predictive dual pixel PDAF, 5-axis OIS 12 MP, f/2.4, 52mm (telephoto), 1/3.4"", 1.0µm, predictive PDAF, 2x optical zoom, 5-axis OIS 12 MP, f/2.4, 16mm (ultrawide), 1/3.4"", 1.0µm",,,,,
sony,https://www.gsmarena.com/sony_xperia_1-9543.php,Sony Xperia 1,167 x 72 x 8.2 mm (6.57 x 2.83 x 0.32 in),178 g (6.28 oz),"Glass front (Gorilla Glass 6), glass back (Gorilla Glass 6), aluminum frame",· Nano-SIM · Nano-SIM + Nano-SIM,IP65/IP68 dust tight and water resistant (low pressure water jets; immersible up to 1.5m for 30 min),"OLED, HDR BT.2020","6.5 inches, 98.6 cm 2 (~82.0% screen-to-body ratio)","1644 x 3840 pixels, 21:9 ratio (~643 ppi density)",Corning Gorilla Glass 6,Runs at 1096 x 2560 pixels except for select use cases Triluminos display X-Reality Engine,"Android 9.0 (Pie), upgradable to Android 11",Qualcomm SM8150 Snapdragon 855 (7 nm),Octa-core (1x2.84 GHz Kryo 485 & 3x2.42 GHz Kryo 485 & 4x1.78 GHz Kryo 485),Adreno 640,microSDXC (uses shared SIM slot) - dual SIM model only,"64GB 6GB RAM, 128GB 6GB RAM",UFS 2.1,,"Color spectrum sensor, LED flash, panorama, HDR, eye tracking","4K@24/25/30fps HDR, 1080p@60fps, 1080p@30fps (5-axis gyro-EIS), 1080p@960fps","8 MP, f/2.0, 24mm (wide), 1/4.0"", 1.12µm",HDR,1080p@30fps (5-axis gyro-EIS),"Li-Ion 3330 mAh, non-removable","18W wired, PD2.0","12 MP, f/1.6, 26mm (wide), 1/2.55"", 1.4µm, predictive dual pixel PDAF, 5-axis OIS 12 MP, f/2.4, 52mm (telephoto), 1/3.4"", 1.0µm, predictive PDAF, 2x optical zoom, 5-axis OIS 12 MP, f/2.4, 16mm (ultrawide), 1/3.4"", 1.0µm",,,,,
sony,https://www.gsmarena.com/sony_xperia_10_plus-9591.php,Sony Xperia 10 Plus,167 x 73 x 8.3 mm (6.57 x 2.87 x 0.33 in),180 g (6.35 oz),"Glass front (Gorilla Glass 5), plastic back, plastic frame",· Nano-SIM · Nano-SIM + Nano-SIM,,IPS LCD,"6.5 inches, 98.7 cm 2 (~81.0% screen-to-body ratio)","1080 x 2520 pixels, 21:9 ratio (~422 ppi density)",Corning Gorilla Glass 5,,Android 9.0 (Pie),Qualcomm SDM636 Snapdragon 636 (14 nm),Octa-core (4x1.8 GHz Kryo 260 Gold & 4x1.6 GHz Kryo 260 Silver),Adreno 509,microSDXC (uses shared SIM slot),"64GB 4GB RAM, 64GB 6GB RAM",eMMC 5.1,"12 MP, f/1.8, 27mm (wide), 1/2.8"", 1.25µm, PDAF 8 MP, f/2.4, 53mm (telephoto), 1/4.0"", 1.12µm, PDAF, 2x optical zoom","LED flash, HDR, panorama","4K@30fps, 1080p@30fps","8 MP, f/2.0, 24mm (wide), 1/4.0"", 1.12µm",HDR,1080p@30fps,"Li-Ion 3000 mAh, non-removable","18W wired, PD, QC3",,,,,,
sony,https://www.gsmarena.com/sony_xperia_10-9353.php,Sony Xperia 10,156 x 68 x 8.4 mm (6.14 x 2.68 x 0.33 in),162 g (5.71 oz),"Glass front (Gorilla Glass 5), plastic back, plastic frame",· Nano-SIM · Nano-SIM + Nano-SIM,,IPS LCD,"6.0 inches, 84.1 cm 2 (~79.3% screen-to-body ratio)","1080 x 2520 pixels, 21:9 ratio (~457 ppi density)",Corning Gorilla Glass 5,,Android 9.0 (Pie),Qualcomm SDM630 Snapdragon 630 (14 nm),Octa-core 2.2 GHz Cortex-A53,Adreno 508,microSDXC (uses shared SIM slot),"64GB 3GB RAM, 64GB 4GB RAM",eMMC 5.1,"13 MP, f/2.0, 27mm (wide), 1/3.1"", 1.12µm, PDAF Auxiliary lens","LED flash, HDR, panorama","4K@30fps, 1080p@30fps","8 MP, f/2.0, 24mm (wide), 1/4.0"", 1.12µm",,1080p@30fps,"Li-Ion 2870 mAh, non-removable","18W wired, PD, QC3",,,,,,
sony,https://www.gsmarena.com/sony_xperia_l3-9592.php,Sony Xperia L3,154 x 72 x 8.9 mm (6.06 x 2.83 x 0.35 in),156 g (5.50 oz),"Glass front (Gorilla Glass 5), plastic back, plastic frame",· Nano-SIM · Nano-SIM + Nano-SIM,,IPS LCD,"5.7 inches, 83.8 cm 2 (~75.6% screen-to-body ratio)","720 x 1440 pixels, 18:9 ratio (~282 ppi density)",Corning Gorilla Glass 5,,Android 8.0 (Oreo),Mediatek MT6762 Helio P22 (12 nm),Octa-core 2.0 GHz Cortex-A53,PowerVR GE8320,microSDXC (uses shared SIM slot),32GB 3GB RAM,eMMC 5.1,"13 MP, f/2.2, 26mm (wide), 1/3.0"", PDAF Auxiliary lens","LED flash, HDR, panorama",1080p@30fps,"8 MP, f/2.0, 24mm (wide), 1/4.0"", 1.12µm",,1080p@30fps,"Li-Ion 3300 mAh, non-removable",USB Power Delivery,,,,,,
sony,https://www.gsmarena.com/sony_xperia_xa2_plus-9268.php,Sony Xperia XA2 Plus,157 x 75 x 9.6 mm (6.18 x 2.95 x 0.38 in),205 g (7.23 oz),"Glass front (Gorilla Glass 5), plastic back, aluminum frame",· Nano-SIM · Nano-SIM + Nano-SIM,,IPS LCD,"6.0 inches, 92.9 cm 2 (~78.9% screen-to-body ratio)","1080 x 2160 pixels, 18:9 ratio (~402 ppi density)",Corning Gorilla Glass 5,,Android 8.0 (Oreo),Qualcomm SDM630 Snapdragon 630 (14 nm),Octa-core 2.2 GHz Cortex-A53,Adreno 508,microSDXC (uses shared SIM slot),"32GB 4GB RAM, 64GB 6GB RAM",,,"LED flash, HDR, panorama","4K@30fps, 1080p@30fps, stereo sound rec., HDR","8 MP, f/2.4, 1/4.0""",,1080p@30fps,"Li-Ion 3580 mAh, non-removable","18W wired, QC3",,"23 MP, f/2.0, 24mm (wide), 1/2.3"", PDAF",,,,
sony,https://www.gsmarena.com/sony_xperia_xz3-9232.php,Sony Xperia XZ3,158 x 73 x 9.9 mm (6.22 x 2.87 x 0.39 in),193 g (6.81 oz),"Glass front (Gorilla Glass 5), glass back (Gorilla Glass 5), aluminum frame",· Nano-SIM · Nano-SIM + Nano-SIM,IP65/IP68 dust tight and water resistant (low pressure water jets; immersible up to 1.5m for 30 min),"P-OLED, HDR BT.2020","6.0 inches, 92.9 cm 2 (~80.5% screen-to-body ratio)","1440 x 2880 pixels, 18:9 ratio (~537 ppi density)",Corning Gorilla Glass 5,Triluminos display X-Reality Engine,"Android 9.0 (Pie), upgradable to Android 10",Qualcomm SDM845 Snapdragon 845 (10 nm),Octa-core (4x2.7 GHz Kryo 385 Gold & 4x1.7 GHz Kryo 385 Silver),Adreno 630,microSDXC (uses shared SIM slot) - dual SIM model only,"64GB 4GB RAM, 64GB 6GB RAM",UFS 2.1,,"Laser AF, color spectrum sensor, LED flash, panorama, HDR","4K@30fps, 1080p@60fps, 1080p@30fps (5-axis gyro-EIS), 1080p@960fps, HDR","13 MP, f/1.9, 23mm (wide), 1/3.1"", 1.12µm",HDR,1080p@30fps (5-axis gyro-EIS),"Li-Ion 3300 mAh, non-removable","18W wired, PD2.0 Wireless (Qi)",,"19 MP, f/2.0, 25mm (wide), 1/2.3"", 1.22µm, predictive PDAF",,,,
sony,https://www.gsmarena.com/sony_xperia_xz2_premium-9166.php,Sony Xperia XZ2 Premium,158 x 80 x 11.9 mm (6.22 x 3.15 x 0.47 in),236 g (8.32 oz),"Glass front (Gorilla Glass 5), glass back (Gorilla Glass 5), aluminum frame",· Nano-SIM · Nano-SIM + Nano-SIM,IP65/IP68 dust tight and water resistant (low pressure water jets; immersible up to 1.5m for 30 min),"IPS LCD, HDR10","5.8 inches, 91.5 cm 2 (~72.4% screen-to-body ratio)","3840 x 2160 pixels, 16:9 ratio (~765 ppi density)",Corning Gorilla Glass 5,Runs at 1080 x 1920 pixels except for select use cases Triluminos display X-Reality Engine,"Android 8.0 (Oreo), upgradable to Android 10",Qualcomm SDM845 Snapdragon 845 (10 nm),Octa-core (4x2.7 GHz Kryo 385 Gold & 4x1.7 GHz Kryo 385 Silver),Adreno 630,microSDXC (uses shared SIM slot) - dual SIM model only,64GB 6GB RAM,UFS 2.1,"19 MP, f/1.8, 25mm (wide), 1/2.3"", 1.22µm, predictive PDAF 12 MP B/W, f/1.6, 1/2.3"", 1.55µm, predictive PDAF","Laser AF, color spectrum sensor, LED flash, panorama, HDR","4K@30fps, 1080p@30/60fps (5-axis gyro-EIS), 1080p@960fps, HDR","13 MP, f/2.0, 22mm (wide), 1/3.1"", 1.12µm",,1080p@30fps (5-axis gyro-EIS),"Li-Ion 3540 mAh, non-removable","18W wired, QC3 Wireless (Qi)",,,,,,
sony,https://www.gsmarena.com/sony_xperia_xz2-9081.php,sony_xperia_xz2-9081.php,,,,,,,,,,,,,,,,,,,,,,,,,,,,,,,
sony,https://www.gsmarena.com/sony_xperia_xz2_compact-9082.php,Sony Xperia XZ2 Compact,135 x 65 x 12.1 mm (5.31 x 2.56 x 0.48 in),168 g (5.93 oz),"Glass front (Gorilla Glass 5), plastic back, aluminum frame",· Nano-SIM · Nano-SIM + Nano-SIM,IP68 dust tight and water resistant (immersible up to 1.5m for 30 min),"IPS LCD, HDR BT.2020","5.0 inches, 64.5 cm 2 (~73.5% screen-to-body ratio)","1080 x 2160 pixels, 18:9 ratio (~483 ppi density)",Corning Gorilla Glass 5,Triluminos display X-Reality Engine,"Android 8.0 (Oreo), upgradable to Android 10",Qualcomm SDM845 Snapdragon 845 (10 nm),Octa-core (4x2.7 GHz Kryo 385 Gold & 4x1.7 GHz Kryo 385 Silver),Adreno 630,microSDXC (uses shared SIM slot) - dual SIM model only,64GB 4GB RAM,UFS 2.1,,"Laser AF, color spectrum sensor, LED flash, panorama, HDR","4K@30fps, 1080p@60fps, 1080p@30fps (gyro-EIS), 1080p@960fps","5 MP, f/2.2, 23mm (wide), 1/5.0""",,1080p@30fps (gyro-EIS),"Li-Ion 2870 mAh, non-removable","18W wired, QC3",,"19 MP, f/2.0, 25mm (wide), 1/2.3"", 1.22µm, predictive PDAF",,,,
sony,https://www.gsmarena.com/sony_xperia_xa2_ultra-8985.php,Sony Xperia XA2 Ultra,163 x 80 x 9.5 mm (6.42 x 3.15 x 0.37 in),221 g (7.80 oz),"Glass front (Gorilla Glass 4), plastic back, aluminum frame",· Nano-SIM · Nano-SIM + Nano-SIM,,IPS LCD,"6.0 inches, 99.2 cm 2 (~76.1% screen-to-body ratio)","1080 x 1920 pixels, 16:9 ratio (~367 ppi density)",Corning Gorilla Glass 4,,"Android 8.0 (Oreo), upgradable to Android 9.0 (Pie)",Qualcomm SDM630 Snapdragon 630 (14 nm),Octa-core 2.2 GHz Cortex-A53,Adreno 508,microSDXC (dedicated slot),"32GB 4GB RAM, 64GB 4GB RAM",,,"LED flash, HDR, panorama","4K@30fps, 1080p@30fps, stereo sound rec., HDR",,,1080p@30ps,"Li-Ion 3580 mAh, non-removable","18W wired, QC3",,"23 MP, f/2.0, 24mm (wide), 1/2.3"", PDAF","16 MP, f/2.0, 23mm (wide), 1/2.6"", OIS, AF 8 MP, f/2.4, 1/4.0""",,,
sony,https://www.gsmarena.com/sony_xperia_xa2-8986.php,Sony Xperia XA2,142 x 70 x 9.7 mm (5.59 x 2.76 x 0.38 in),171 g (6.03 oz),"Glass front (Gorilla Glass 4), plastic back, aluminum frame",· Nano-SIM · Nano-SIM + Nano-SIM,,IPS LCD,"5.2 inches, 74.5 cm 2 (~75.0% screen-to-body ratio)","1080 x 1920 pixels, 16:9 ratio (~424 ppi density)",Corning Gorilla Glass 4,,Android 8.0 (Oreo),Qualcomm SDM630 Snapdragon 630 (14 nm),Octa-core 2.2 GHz Cortex-A53,Adreno 508,microSDXC (uses shared SIM slot),32GB 3GB RAM,,,"LED flash, HDR, panorama","4K@30fps, 1080p@30fps, stereo sound rec., HDR","8 MP, f/2.4, 1/4.0""",,1080p@30fps,"Li-Ion 3300 mAh, non-removable","18W wired, QC3",,"23 MP, f/2.0, 24mm (wide), 1/2.3"", PDAF",,,,
sony,https://www.gsmarena.com/sony_xperia_l2-8987.php,Sony Xperia L2,150 x 78 x 9.8 mm (5.91 x 3.07 x 0.39 in),178 g (6.28 oz),"Glass front (Gorilla Glass 4), plastic back, plastic frame",· Nano-SIM · Nano-SIM + Nano-SIM,,IPS LCD,"5.5 inches, 83.4 cm 2 (~71.3% screen-to-body ratio)","720 x 1280 pixels, 16:9 ratio (~267 ppi density)",Corning Gorilla Glass 4,,Android 7.1.1 (Nougat),Mediatek MT6737T (28 nm),Quad-core 1.5 GHz Cortex-A53,Mali-T720MP2,microSDXC (dedicated slot),32GB 3GB RAM,eMMC 5.0,,"LED flash, HDR",1080p@30fps,"8 MP, f/2.4, 1/4.0""",,1080p@30fps,"Li-Ion 3300 mAh, non-removable",,,"13 MP, f/2.0, 1/3.1"", AF",,,,
sony,https://www.gsmarena.com/sony_xperia_r1_(plus)-8922.php,Sony Xperia R1 (Plus),146 x 73.2 x 8.9 mm (5.75 x 2.88 x 0.35 in),154 g (5.43 oz),"Glass front, plastic back, plastic frame",Nano-SIM + Nano-SIM,,IPS LCD,"5.2 inches, 74.5 cm 2 (~69.7% screen-to-body ratio)","720 x 1280 pixels, 16:9 ratio (~282 ppi density)",,,Android 7.1 (Nougat),Qualcomm MSM8937 Snapdragon 430 (28 nm),Octa-core 1.5 GHz Cortex-A53,Adreno 505,microSDXC (dedicated slot),"16GB 2GB RAM, 32GB 3GB RAM",eMMC 5.1,,LED flash,1080p@30fps,"8 MP, predictive PDAF, 1/4.0""",,1080p@30fps,"Li-Ion 2620 mAh, non-removable",,,"13 MP, predictive PDAF",,,,
sony,https://www.gsmarena.com/sony_xperia_xz1-8804.php,Sony Xperia XZ1,148 x 73.4 x 7.4 mm (5.83 x 2.89 x 0.29 in),155 g (5.47 oz),"Glass front (Gorilla Glass 5), aluminum back, aluminum frame",· Nano-SIM · Nano-SIM + Nano-SIM,IP68 dust tight and water resistant (immersible up to 1.5m for 30 min),"IPS LCD, HDR10","5.2 inches, 74.5 cm 2 (~68.6% screen-to-body ratio)","1080 x 1920 pixels, 16:9 ratio (~424 ppi density)",Corning Gorilla Glass 5,Triluminos display X-Reality Engine,"Android 8.0 (Oreo), upgradable to Android 9.0 (Pie)",Qualcomm MSM8998 Snapdragon 835 (10 nm),Octa-core (4x2.45 GHz Kryo & 4x1.9 GHz Kryo),Adreno 540,microSDXC (uses shared SIM slot) - dual SIM model only,64GB 4GB RAM,UFS 2.1,,"Laser AF, color spectrum sensor, LED flash, panorama, HDR","4K@30fps, 1080p@60fps, 1080p@30fps (gyro-EIS), 720p@960fps","13 MP, f/2.0, 22mm (wide), 1/3""",,1080p@30fps (gyro-EIS),"Li-Ion 2700 mAh, non-removable","18W wired, QC3",,"19 MP, f/2.0, 25mm (wide), 1/2.3"", 1.22µm, predictive PDAF",,,,
sony,https://www.gsmarena.com/sony_xperia_xa1_plus-8840.php,Sony Xperia XA1 Plus,155 x 75 x 8.7 mm (6.10 x 2.95 x 0.34 in),189 g (6.67 oz),"Glass front (Gorilla Glass 4), plastic back, aluminum frame",· Nano-SIM · Nano-SIM + Nano-SIM,,IPS LCD,"5.5 inches, 83.4 cm 2 (~71.7% screen-to-body ratio)","1080 x 1920 pixels, 16:9 ratio (~401 ppi density)",Corning Gorilla Glass 4,,"Android 7.0 (Nougat), upgradable to Android 8.0 (Oreo)",Mediatek MT6757 Helio P20 (16 nm),Octa-core (4x2.3 GHz Cortex-A53 & 4x1.6 GHz Cortex-A53),Mali-T880MP2,microSDXC (dedicated slot),"32GB 3GB RAM, 32GB 4GB RAM",,,"LED flash, HDR, panorama","1080p@30fps, HDR","8 MP, f/2.0, 23mm (wide), 1/4.0"", AF",,1080p@30fps,"Li-Ion 3430 mAh, non-removable",10W wired,,"23 MP, f/2.0, 24mm (wide), 1/2.3"", PDAF",,,,
sony,https://www.gsmarena.com/sony_xperia_xz1_compact-8610.php,Sony Xperia XZ1 Compact,129 x 65 x 9.3 mm (5.08 x 2.56 x 0.37 in),140 g (4.94 oz),"Glass front (Gorilla Glass 4), plastic back, plastic frame",Nano-SIM,IP68 dust tight and water resistant (immersible up to 1.5m for 30 min),IPS LCD,"4.6 inches, 58.3 cm 2 (~69.6% screen-to-body ratio)","720 x 1280 pixels, 16:9 ratio (~319 ppi density)",Corning Gorilla Glass 5,Triluminos display X-Reality Engine,"Android 8.0 (Oreo), upgradable to Android 9.0 (Pie)",Qualcomm MSM8998 Snapdragon 835 (10 nm),Octa-core (4x2.45 GHz Kryo & 4x1.9 GHz Kryo),Adreno 540,microSDXC (dedicated slot),32GB 4GB RAM,UFS 2.0,,"Laser AF, color spectrum sensor, LED flash, panorama, HDR","4K@30fps, 1080p@60fps, 1080p@30fps (gyro-EIS), 720p@960fps","8 MP, f/2.4, 18mm, 1/4.0""",,1080p@30fps (gyro-EIS),"Li-Ion 2700 mAh, non-removable","18W wired, QC3",,"19 MP, f/2.0, 25mm (wide), 1/2.3"", 1.22µm, predictive PDAF",,,,
sony,https://www.gsmarena.com/sony_xperia_l1-8619.php,Sony Xperia L1,151 x 74 x 8.7 mm (5.94 x 2.91 x 0.34 in),180 g (6.35 oz),"Glass front, plastic back, plastic frame",· Nano-SIM · Nano-SIM + Nano-SIM,,IPS LCD,"5.5 inches, 83.4 cm 2 (~74.6% screen-to-body ratio)","720 x 1280 pixels, 16:9 ratio (~267 ppi density)",Scratch-resistant glass (> 6H),,Android 7.0 (Nougat),Mediatek MT6737T (28 nm),Quad-core 1.45 GHz Cortex-A53,Mali-T720MP2,microSDXC (uses shared SIM slot),16GB 2GB RAM,eMMC 5.0,,"LED flash, HDR",1080p@30fps,"5 MP, f/2.2, 24mm (wide)",,1080p@30fps,"Li-Ion 2620 mAh, non-removable",,,"13 MP, f/2.2, AF",,Up to 639 h (2G) / Up to 687 h (3G),Up to 13 h (2G) / Up to 11 h 30 min (3G),Up to 63 h
sony,https://www.gsmarena.com/sony_xperia_xzs-8599.php,Sony Xperia XZs,146 x 72 x 8.1 mm (5.75 x 2.83 x 0.32 in),161 g (5.68 oz),"Glass front (Gorilla Glass 5), aluminum back, plastic frame",· Nano-SIM (G8231) · Nano-SIM + Nano-SIM (G8232),IP68 dust tight and water resistant (immersible up to 1.5m for 30 min),IPS LCD,"5.2 inches, 74.5 cm 2 (~70.9% screen-to-body ratio)","1080 x 1920 pixels, 16:9 ratio (~424 ppi density)",Corning Gorilla Glass 5,Triluminos display X-Reality Engine,"Android 7.1 (Nougat), upgradable to Android 8.0 (Oreo)",Qualcomm MSM8996 Snapdragon 820 (14 nm),Quad-core (2x2.15 GHz Kryo & 2x1.6 GHz Kryo),Adreno 530,microSDXC (uses shared SIM slot) - dual SIM model only,"32GB 4GB RAM, 64GB 4GB RAM",eMMC 5.1,,"Laser AF, color spectrum sensor, LED flash, HDR, panorama","4K@30fps, 1080p@30fps (gyro-EIS), 720p@960fps, HDR","13 MP, f/2.0, 22mm (wide), 1/3.1"", 1.12µm",,1080p@30fps,"Li-Ion 2900 mAh, non-removable","18W wired, QC3",,"19 MP, f/2.0, 25mm (wide), 1/2.3"", predictive PDAF",,,,
sony,https://www.gsmarena.com/sony_xperia_xz_premium-8593.php,Sony Xperia XZ Premium,156 x 77 x 7.9 mm (6.14 x 3.03 x 0.31 in),195 g (6.88 oz),"Glass front (Gorilla Glass 5), glass back (Gorilla Glass 5), aluminum/plastic frame",· Nano-SIM (G8141) · Nano-SIM + Nano-SIM (G8142),IP68 dust tight and water resistant (immersible up to 1.5m for 30 min),"IPS LCD, HDR10","5.46 inches, 82.2 cm 2 (~68.4% screen-to-body ratio)","3840 x 2160 pixels, 16:9 ratio (~807 ppi density)",Corning Gorilla Glass 5,Runs at 1080 x 1920 pixels except for select use cases Triluminos display X-Reality Engine,"Android 7.1 (Nougat), upgradable to Android 9.0 (Pie)",Qualcomm MSM8998 Snapdragon 835 (10 nm),Octa-core (4x2.45 GHz Kryo & 4x1.9 GHz Kryo),Adreno 540,microSDXC (uses shared SIM slot) - dual SIM model only,64GB 4GB RAM,UFS 2.1,,"Laser AF, color spectrum sensor, LED flash, panorama, HDR","4K@30fps, 1080p@30fps (gyro-EIS), 720p@960fps, HDR","13 MP, f/2.0, 22mm (wide), 1/3.1"", 1.12µm",,1080p@30fps,"Li-Ion 3230 mAh, non-removable","18W wired, QC3",,"19 MP, f/2.0, 25mm (wide), 1/2.3"", predictive PDAF",,,,
sony,https://www.gsmarena.com/sony_xperia_xa1_ultra-8595.php,Sony Xperia XA1 Ultra,165 x 79 x 8.1 mm (6.50 x 3.11 x 0.32 in),188 g (6.63 oz),"Glass front (Gorilla Glass 4), plastic back, aluminum/plastic frame","· Nano-SIM (G3221, G3223) · Nano-SIM + Nano-SIM (G3212, G3226)",,IPS LCD,"6.0 inches, 99.2 cm 2 (~76.1% screen-to-body ratio)","1080 x 1920 pixels, 16:9 ratio (~367 ppi density)",Corning Gorilla Glass 4,,"Android 7.0 (Nougat), upgradable to Android 8.0 (Oreo)",Mediatek MT6757 Helio P20 (16 nm),Octa-core (4x2.3 GHz Cortex-A53 & 4x1.6 GHz Cortex-A53),Mali-T880MP2,microSDXC (dedicated slot),"32GB 4GB RAM, 64GB 4GB RAM",,,"LED flash, HDR, panorama","1080p@30fps, stereo sound rec., HDR","16 MP, f/2.0, 23mm (wide), 1/2.6"", OIS, AF",LED flash,1080p@30fps,"Li-Ion 2700 mAh, non-removable",10W wired,,"23 MP, f/2.0, 24mm (wide), 1/2.3"", PDAF",,Up to 658 h (2G) / Up to 708 h (3G),Up to 13 h (2G) / Up to 12 h (3G),
sony,https://www.gsmarena.com/sony_xperia_xa1-8596.php,Sony Xperia XA1,145 x 67 x 8 mm (5.71 x 2.64 x 0.31 in),143 g (5.04 oz),"Glass front (Gorilla Glass 4), plastic back, aluminum frame",· Nano-SIM · Nano-SIM + Nano-SIM,,IPS LCD,"5.0 inches, 68.9 cm 2 (~70.9% screen-to-body ratio)","720 x 1280 pixels, 16:9 ratio (~294 ppi density)",Corning Gorilla Glass 4,,"Android 7.0 (Nougat), upgradable to Android 8.0 (Oreo)",Mediatek MT6757 Helio P20 (16 nm),Octa-core (4x2.3 GHz Cortex-A53 & 4x1.6 GHz Cortex-A53),Mali-T880MP2,microSDXC (dedicated slot),32GB 3GB RAM,,,"LED flash, HDR, panorama","1080p@30fps, HDR","8 MP, f/2.0, 23mm (wide), 1/4.0"", AF",,1080p@30fps,"Li-Ion 2300 mAh, non-removable",10W wired,,"23 MP, f/2.0, 24mm (wide), 1/2.3"", PDAF",,Up to 560 h (2G) / Up to 603 h (3G),Up to 11 h 20 min (2G) / Up to 10 h (3G),
sony,https://www.gsmarena.com/sony_xperia_x_compact-8292.php,Sony Xperia X Compact,129 x 65 x 9.5 mm (5.08 x 2.56 x 0.37 in),135 g (4.76 oz),"Glass front (Gorilla Glass 4), plastic back, plastic frame",Nano-SIM,,IPS LCD,"4.6 inches, 58.3 cm 2 (~69.6% screen-to-body ratio)","720 x 1280 pixels, 16:9 ratio (~319 ppi density)",Corning Gorilla Glass 4,Triluminos display X-Reality Engine,"Android 6.0.1 (Marshmallow), upgradable to Android 8.0 (Oreo)",Qualcomm MSM8956 Snapdragon 650,Hexa-core (4x1.4 GHz Cortex-A53 & 2x1.8 GHz Cortex-A72),Adreno 510,microSDXC (dedicated slot),32GB 3GB RAM,eMMC 4.5,,"Color spectrum sensor, LED flash, HDR, panorama","1080p@30fps, 1080p@60fps",5 MP,,1080p@30fps,"Li-Ion 2700 mAh, non-removable","18W wired, QC3",,"23 MP, f/2.0, 24mm (wide), 1/2.3"", PDAF",,Up to 710 h (2G) / Up to 750 h (3G),Up to 11 h (2G) / Up to 14 h (3G),
sony,https://www.gsmarena.com/sony_xperia_xz-8313.php,Sony Xperia XZ,146 x 72 x 8.1 mm (5.75 x 2.83 x 0.32 in),161 g (5.68 oz),"Glass front (Gorilla Glass 4), aluminum back, aluminum frame",· Nano-SIM · Nano-SIM + Nano-SIM,IP68 dust tight and water resistant (immersible up to 1.5m for 30 min),IPS LCD,"5.2 inches, 74.5 cm 2 (~70.9% screen-to-body ratio)","1080 x 1920 pixels, 16:9 ratio (~424 ppi density)",Corning Gorilla Glass 4,Triluminos display X-Reality Engine,"Android 6.0.1 (Marshmallow), upgradable to Android 8.0 (Oreo)",Qualcomm MSM8996 Snapdragon 820 (14 nm),Quad-core (2x2.15 GHz Kryo & 2x1.6 GHz Kryo),Adreno 530,microSDXC (uses shared SIM slot) - dual SIM model only,"32GB 3GB RAM, 64GB 3GB RAM",eMMC 5.1,,"Laser AF, color spectrum sensor, LED flash, HDR, panorama","4K@30fps, 1080p@60fps, 1080p@30fps (gyro-EIS)","13 MP, f/2.0, 22mm (wide), 1/3""",HDR,1080p@30fps,"Li-Ion 2900 mAh, non-removable","18W wired, QC3",,"23 MP, f/2.0, 24mm (wide), 1/2.3"", PDAF",,Up to 600 h (2G) / Up to 610 h (3G),Up to 11 h 40 min (2G) / Up to 17 h 30 min (3G),
sony,https://www.gsmarena.com/sony_xperia_e5-8113.php,Sony Xperia E5,144 x 69 x 8.2 mm (5.67 x 2.72 x 0.32 in),147 g (5.19 oz),,· Nano-SIM · Nano-SIM + Nano-SIM,,IPS LCD,"5.0 inches, 68.9 cm 2 (~69.4% screen-to-body ratio)","720 x 1280 pixels, 16:9 ratio (~294 ppi density)",Scratch-resistant glass,,Android 6.0 (Marshmallow),Mediatek MT6735 (28 nm),Quad-core 1.3 GHz Cortex-A53,Mali-T720MP2,microSDXC (dedicated slot),16GB 1.5GB RAM,,,"LED flash, HDR, panorama",1080p@30fps,"5 MP, f/2.4",,,"Li-Po 2300 mAh, non-removable",,,"13 MP, f/2.0, AF",,Up to 511 h (2G) / Up to 518 h (3G),Up to 11 h 30 min (2G) / Up to 9 h 30 min (3G),Up to 65 h
sony,https://www.gsmarena.com/sony_xperia_xa_ultra-8102.php,Sony Xperia XA Ultra,164 x 79 x 8.4 mm (6.46 x 3.11 x 0.33 in),202 g (7.13 oz),"Glass front, plastic back, aluminum frame",· Nano-SIM · Nano-SIM + Nano-SIM,,IPS LCD,"6.0 inches, 99.2 cm 2 (~76.6% screen-to-body ratio)","1080 x 1920 pixels, 16:9 ratio (~367 ppi density)",Scratch-resistant glass,,"Android 6.0.1 (Marshmallow), upgradable to 7.0 (Nougat)",Mediatek MT6755 Helio P10 (28 nm),Octa-core (4x2.0 GHz Cortex-A53 & 4x1.0 GHz Cortex-A53),Mali-T860MP2,microSDXC (dedicated slot),16GB 3GB RAM,eMMC 5.1,,"LED flash, HDR, panorama","1080p@30fps, HDR","16 MP, f/2.0, 23mm (wide), 1/2.6"", OIS",LED flash,1080p@30fps,"Li-Ion 2700 mAh, non-removable",,,"21.5 MP, f/2.2, 1/2.4"", 1/2.4"", PDAF",,Up to 558 h (2G) / Up to 708 h (3G),Up to 13 h (2G) / Up to 12 h (3G),Up to 65 h
sony,https://www.gsmarena.com/sony_xperia_x_performance-7949.php,Sony Xperia X Performance,143.7 x 70.4 x 8.7 mm (5.66 x 2.77 x 0.34 in),164.4 g (5.78 oz),"Glass front, aluminum back, plastic frame",· Nano-SIM · Nano-SIM + Nano-SIM,IP68 dust tight and water resistant (immersible up to 1.5m for 30 min),IPS LCD,"5.0 inches, 68.9 cm 2 (~68.1% screen-to-body ratio)","1080 x 1920 pixels, 16:9 ratio (~441 ppi density)","Scratch-resistant glass, oleophobic coating",Triluminos display X-Reality Engine,"Android 6.0.1 (Marshmallow), upgradable to Android 8.0 (Oreo)",Qualcomm MSM8996 Snapdragon 820 (14 nm),Quad-core (2x2.15 GHz Kryo & 2x1.6 GHz Kryo),Adreno 530,microSDXC (uses shared SIM slot) - dual SIM model only,"32GB 3GB RAM (SS), 64GB 3GB RAM (DS)",eMMC 5.1,,"LED flash, HDR, panorama","1080p@30fps, 1080p@60fps","13 MP, f/2.0, 22mm (wide), 1/3""",HDR,1080p@30fps,"Li-Ion 2700 mAh, non-removable","18W wired, QC2",,"23 MP, f/2.0, 24mm (wide), 1/2.3"", PDAF",,,,
sony,https://www.gsmarena.com/sony_xperia_x-7948.php,Sony Xperia X,143 x 69 x 7.7 mm (5.63 x 2.72 x 0.30 in),153 g (5.40 oz),"Glass front, aluminum back, aluminum frame",· Nano-SIM · Nano-SIM + Nano-SIM,,IPS LCD,"5.0 inches, 68.9 cm 2 (~69.8% screen-to-body ratio)","1080 x 1920 pixels, 16:9 ratio (~441 ppi density)","Scratch-resistant glass, oleophobic coating",Triluminos display X-Reality Engine,"Android 6.0.1 (Marshmallow), upgradable to Android 8.0 (Oreo)",Qualcomm MSM8956 Snapdragon 650,Hexa-core (4x1.4 GHz Cortex-A53 & 2x1.8 GHz Cortex-A72),Adreno 510,microSDXC (uses shared SIM slot) - dual SIM model only,"32GB 3GB RAM (F5121), 64GB 3GB RAM (F5122)",eMMC 4.5,,"LED flash, HDR, panorama","1080p@30fps, 1080p@60fps","13 MP, f/2.0, 22mm (wide), 1/3""",,1080p@30fps,"Li-Ion 2620 mAh, non-removable","18W wired, QC2",,"23 MP, f/2.0, 24mm (wide), 1/2.3"", PDAF",,,,
sony,https://www.gsmarena.com/sony_xperia_xa_dual-7957.php,Sony Xperia XA Dual,143.6 x 66.8 x 7.9 mm (5.65 x 2.63 x 0.31 in),137.4 g (4.83 oz),,Nano-SIM + Nano-SIM,,IPS LCD,"5.0 inches, 68.9 cm 2 (~71.8% screen-to-body ratio)","720 x 1280 pixels, 16:9 ratio (~294 ppi density)",Scratch-resistant glass,,"Android 6.0.1 (Marshmallow), upgradable to 7.0 (Nougat)",Mediatek MT6755 Helio P10 (28 nm),Octa-core (4x2.0 GHz Cortex-A53 & 4x1.0 GHz Cortex-A53),Mali-T860MP2,microSDXC (dedicated slot),16GB 2GB RAM,eMMC 5.1,,"LED flash, HDR, panorama",1080p@30fps,"8 MP, 1/4.0"", AF",HDR,1080p@30fps,"Li-Ion 2300 mAh, non-removable",10W wired,,"13 MP, f/2.0, 1/3.0"", PDAF",,Up to 466 h (2G) / Up to 466 h (3G),Up to 11 h 20 min (2G) / Up to 10 h (3G),Up to 55 h
sony,https://www.gsmarena.com/sony_xperia_xa-7950.php,Sony Xperia XA,143.6 x 66.8 x 7.9 mm (5.65 x 2.63 x 0.31 in),137.4 g (4.83 oz),"Glass front, plastic back, aluminum frame",Nano-SIM,,IPS LCD,"5.0 inches, 68.9 cm 2 (~71.8% screen-to-body ratio)","720 x 1280 pixels, 16:9 ratio (~294 ppi density)",Scratch-resistant glass,,"Android 6.0.1 (Marshmallow), upgradable to 7.0 (Nougat)",Mediatek MT6755 Helio P10 (28 nm),Octa-core (4x2.0 GHz Cortex-A53 & 4x1.0 GHz Cortex-A53),Mali-T860MP2,microSDXC (dedicated slot),16GB 2GB RAM,eMMC 5.1,,"LED flash, HDR, panorama",1080p@30fps,"8 MP, f/2.0, 1/4.0"", AF",HDR,1080p@30fps,"Li-Ion 2300 mAh, non-removable",10W wired,,"13 MP, f/2.0, 1/3.1"", 1.12µm, PDAF",,Up to 560 h (2G) / Up to 603 h (3G),Up to 11 h 20 min (2G) / Up to 10 h (3G),Up to 55 h
