brand,gsmarena_url,name,Body | Dimensions,Body | Weight,Body | SIM,Body | ,Display | Type,Display | Size,Display | Resolution,Display | Protection,Platform | OS,Platform | Chipset,Platform | CPU,Platform | GPU,Memory | Card slot,Memory | Internal,Main Camera | Dual,Main Camera | Features,Main Camera | Video,Selfie camera | Single,Selfie camera | Video,Battery | Type,Battery | Charging,Display | ,Main Camera | Single,Body | Build,Memory | ,Selfie camera | Features,Main Camera | Triple,Selfie camera | Dual,Main Camera | Quad
zte,https://www.gsmarena.com/zte_nubia_neo_5_gt_5g-14524.php,ZTE nubia Neo 5 GT,-,-,· Nano-SIM + eSIM · Nano-SIM + Nano-SIM,IP64 dust tight and water resistant (water splashes) Pressure sensitive zones (550Hz touch-sensing) Built-in cooling fan RGB light (on the back),"AMOLED, 144Hz, 4500 nits (peak)","6.8 inches, 111.6 cm 2","1224 x 2720 pixels, 20:9 ratio (~439 ppi density)",Mohs level 4,Android 16,Mediatek Dimensity 7400 (4 nm),Octa-core (4x2.6 GHz Cortex-A78 & 4x2.0 GHz Cortex-A55),Mali-G615 MC2,No,"256GB 8GB RAM, 256GB 12GB RAM, 512GB 12GB RAM","50 MP, (wide), PDAF Auxiliary lens","LED flash, HDR, panorama","4K@30fps, 1080p@30fps",16 MP,1080p@30fps,6210 mAh,"80W wired (ROW) 45W wired, PD (Europe) Bypass charging",,,,,,,,
zte,https://www.gsmarena.com/zte_nubia_neo_5_pro_5g-14594.php,ZTE nubia Neo 5 Pro,-,-,· Nano-SIM + eSIM · Nano-SIM + Nano-SIM,IP64 dust tight and water resistant (water splashes) Pressure sensitive zones (550Hz touch-sensing) RGB light (on the back),"AMOLED, 120Hz","6.8 inches, 111.6 cm 2","1080 x 2400 pixels*, 20:9 ratio (~387 ppi density)",,Android 16,,,,No,"256GB 8GB RAM, 256GB 12GB RAM","50 MP, (wide), PDAF Auxiliary lens","LED flash, HDR, panorama","4K@30fps, 1080p@30fps",16 MP,1080p@30fps,6000 mAh,80W wired Bypass charging,* Display resolution is not officially revealed,,,,,,,
zte,https://www.gsmarena.com/zte_nubia_neo_5_5g-14595.php,ZTE nubia Neo 5,-,-,· Nano-SIM + eSIM · Nano-SIM + Nano-SIM,IP64 dust tight and water resistant (water splashes) Pressure sensitive zones (550Hz touch-sensing) RGB light (on the back),"IPS LCD, 120Hz, 1000 nits (HBM)","6.8 inches, 113.9 cm 2","900 x 1940 pixels, 19.5:9 ratio (~314 ppi density)",,Android 16,Unisoc T9300 (6 nm),Octa-core (2x2.4 GHz Cortex-A78 & 6x2.0 GHz Cortex-A55),Mali-G57 MP2,microSDXC,256GB 8GB RAM,"50 MP, (wide), PDAF Auxiliary lens","LED flash, HDR, panorama","4K@30fps, 1080p@30fps",16 MP,1080p@30fps,6050 mAh,45W wired Bypass charging,,,,,,,,
zte,https://www.gsmarena.com/zte_blade_x1001-14525.php,ZTE Blade X1001,238.4 x 148.4 x 8 mm (9.39 x 5.84 x 0.31 in),-,Nano-SIM + Nano-SIM,,IPS LCD,"10.1 inches, 295.8 cm 2 (~83.6% screen-to-body ratio)","800 x 1280 pixels, 16:10 ratio (~149 ppi density)",Mohs level 4,Android 14,Unisoc T606 (12 nm),Octa-core (2x1.6 GHz Cortex-A75 & 6x1.6 GHz Cortex-A55),Mali-G57 MP1,Unspecified,64GB 4GB RAM,,LED flash,Yes,2 MP,Yes,6000 mAh,10W wired,,"5 MP, AF",,,,,,
zte,https://www.gsmarena.com/zte_blade_v80_max-14449.php,zte_blade_v80_max-14449.php,,,,,,,,,,,,,,,,,,,,,,,,,,,,,
zte,https://www.gsmarena.com/zte_nubia_redmagic_11_air_5g-14430.php,ZTE nubia RedMagic 11 Air,163.8 x 76.5 x 8 mm (6.45 x 3.01 x 0.31 in),207 g (7.30 oz),Nano-SIM + Nano-SIM,Pressure sensitive zones (520Hz touch-sensing) Built-in cooling fan Aviation aluminum middle frame IP54 dust protected and water resistant (water splashes) Illuminated RGB logo and fan lights (on the back),"AMOLED, 1B colors, 144Hz, 2592Hz PWM, 1800 nits (peak)","6.85 inches, 113.7 cm 2 (~90.7% screen-to-body ratio)",1216 x 2688 pixels (~431 ppi density),Corning Gorilla Glass 7i,"Android 16, Redmagic OS 11",Qualcomm SM8750-AB Snapdragon 8 Elite (3 nm),Octa-core (2x4.32 GHz Oryon V2 Phoenix L + 6x3.53 GHz Oryon V2 Phoenix M),Adreno 830,No,"256GB 12GB RAM, 512GB 16GB RAM","50 MP, f/1.9, 23mm (wide), 1/1.55"", 1.0µm, PDAF, OIS 8 MP, f/2.2, (ultrawide), 1/4.0"", 1.12µm","LED flash, HDR, panorama","8K@30fps, 4K@30/60fps, 1080p@30/60/120/240fps, gyro-EIS, OIS, HDR","16 MP, f/2.0, (wide), 1/2.77"", 1.12µm, under display",1080p@30/60fps,Si/C Li-Ion 7000 mAh,80W wired 120W wired - China only Bypass charging,,,"Glass front (Gorilla Glass 7i), aluminum allow frame, glass back (Gorilla Glass 5)",UFS 4.1,HDR,,,
zte,https://www.gsmarena.com/zte_pad_5g_x1102n-14354.php,ZTE Pad,256.9 x 168.4 x 7.7 mm (10.11 x 6.63 x 0.30 in),521.5 g (1.15 lb),Nano-SIM,,"IPS LCD, 90Hz","11.0 inches, 350.9 cm 2 (~81.1% screen-to-body ratio)","1200 x 1920 pixels, 16:10 ratio (~206 ppi density)",Mohs level 4,Android 15,Unisoc T8100 (6 nm),Octa-core (4x2.2 GHz Cortex-A76 & 4x2.0 GHz Cortex-A55),Mali-G57,No,256GB 6GB RAM,,LED flash,Yes,5 MP,Yes,Li-Ion 7670 mAh,"21W wired, PD",,13 MP,"Glass front, aluminum frame, aluminum back",,,,,
zte,https://www.gsmarena.com/zte_nubia_fold_5g-14324.php,ZTE Nubia Fold,Unfolded: 160 x 144 x 5.4 mm Folded: 160 x 73 x 11.1 mm,249 g (8.78 oz),Nano-SIM + Nano-SIM + eSIM (max 2 at a time),IP54 dust protected and water resistant (water splashes),"OLED, 120Hz","8.0 inches, 205.0 cm 2 (~89.0% screen-to-body ratio)",2200 x 2480 pixels (~414 ppi density),,Android 15,Qualcomm SM8750-AB Snapdragon 8 Elite (3 nm),Octa-core (2x4.32 GHz Oryon V2 Phoenix L + 6x3.53 GHz Oryon V2 Phoenix M),Adreno 830,No,256GB 12GB RAM,,"LED flash, HDR, panorama","8K, 4K@30/60fps, 1080p; gyro-EIS, OIS","20 MP, f/2.2, (wide) Cover camera: 20 MP, f/2.2, (wide)","4K@30fps, 1080p@30fps, gyro-EIS",6560 mAh,"55W wired, PD, PPS, 100% in 70 min","Cover display: OLED, 120Hz 6.43 inches, 1172 x 2748 pixels",,,UFS,HDR,"50 MP, (wide), PDAF, OIS 50 MP, (ultrawide), PDAF 5 MP, (macro)",,
zte,https://www.gsmarena.com/zte_nubia_flip3_5g-14325.php,ZTE nubia Flip3,Unfolded: 170 x 76 x 7.5 mm Folded: 87 x 76 x 15.9 mm,187 g (6.60 oz),· Nano-SIM + eSIM · Nano-SIM + Nano-SIM,IP54 dust protected and water resistant (water splashes),"Foldable OLED, 1B colors, 120Hz","6.9 inches, 110.7 cm 2 (~85.7% screen-to-body ratio)","1188 x 2790 pixels, 21:9 ratio (~439 ppi density)",,Android 15,Mediatek Dimensity 7400X (4 nm),Octa-core (4x2.6 GHz Cortex-A78 & 4x2.0 GHz Cortex-A55),Mali-G615 MC2,No,"128GB 6GB RAM, 256GB 8GB RAM","50 MP, f/1.6, (wide), dual pixel PDAF 12 MP (ultrawide)","Ring LED flash, HDR, panorama","4K, 1080p, gyro-EIS","32 MP, (wide), AF",Yes,4610 mAh,"33W wired, PD3.0, PPS, QC4+","Cover display: OLED, 4 inches, 1188 x 2790 pixels",,"Aluminum frame, glass back",,,,,
zte,https://www.gsmarena.com/zte_blade_v80_pro-14305.php,zte_blade_v80_pro-14305.php,,,,,,,,,,,,,,,,,,,,,,,,,,,,,
zte,https://www.gsmarena.com/zte_blade_v80_design-14291.php,ZTE Blade V80 Design,166 x 79 x 7.7 mm (6.54 x 3.11 x 0.30 in),191 g (6.74 oz),Nano-SIM + Nano-SIM,IP64 dust tight and water resistant (water splashes),"IPS LCD, 120Hz, 1000 nits (HBM)","6.75 inches, 112.2 cm 2 (~85.6% screen-to-body ratio)","900 x 1940 pixels, 19.5:9 ratio (~317 ppi density)",,Android 16,Unisoc T7280 (12 nm),Octa-core (2x2.2 GHz Cortex-A75 & 6x2.0 GHz Cortex-A55),Mali-G57 MP1,Unspecified,256GB 8GB RAM,"50 MP, f/1.8, (wide), PDAF Auxiliary lens","LED flash, HDR, panorama",1080p@30fps,16 MP,1080p@30fps,5000 mAh,22.5W wired 10W reverse wired,,,"Glass front, plastic frame",,,,,
zte,https://www.gsmarena.com/zte_nubia_redmagic_11_pro_5g_int-14277.php,ZTE nubia RedMagic 11 Pro,163.8 x 76.5 x 8.9 mm (6.45 x 3.01 x 0.35 in),230 g (8.11 oz),Nano-SIM + Nano-SIM,Pressure sensitive zones (520Hz touch-sensing) Built-in cooling fan Aviation aluminum middle frame IPX8 water resistant (immersible up to 1.5m for 30 min),"AMOLED, 1B colors, 144Hz, 2592Hz PWM, 1800 nits (peak)","6.85 inches, 113.7 cm 2 (~90.7% screen-to-body ratio)",1216 x 2688 pixels (~431 ppi density),Corning Gorilla Glass,"Android 16, Redmagic OS 11",Qualcomm SM8850-AC Snapdragon 8 Elite Gen 5 (3 nm),Octa-core (2x4.6 GHz Oryon V3 Phoenix L + 6x3.62 GHz Oryon V3 Phoenix M),Adreno 840,No,"256GB 12GB RAM, 512GB 16GB RAM, 1TB 24GB RAM",,"LED flash, HDR, panorama","8K@30fps, 4K@30/60fps, 1080p@30/60/120/240fps","16 MP, f/2.0, 26mm (wide), 1/2.77"", 1.12µm, under display",1080p@30/60fps,Si/C Li-Ion 7500 mAh,"80W wired 80W wireless, 100% in 68 min",,,"Glass front (Gorilla Glass), aluminum frame, glass back",UFS 4.1 Pro,HDR,"50 MP, f/1.9, 23mm (wide), 1/1.55"", 1.0µm, multi-directional PDAF, OIS 50 MP, f/2.2, 14mm (ultrawide), 1/2.88"", 0.61µm Auxiliary lens",,
zte,https://www.gsmarena.com/zte_nubia_z80_ultra_5g-14247.php,ZTE nubia Z80 Ultra,164.5 x 77.2 x 8.6 mm (6.48 x 3.04 x 0.34 in),227 g (8.01 oz),Nano-SIM + Nano-SIM,IP68/IP69 dust tight and water resistant (high pressure water jets; immersible up to 1.5m for 30 min),"AMOLED, 1B colors, 144Hz, 2592Hz PWM, HDR10, 2000 nits (peak)","6.85 inches, 113.7 cm 2 (~89.5% screen-to-body ratio)",1216 x 2688 pixels (~431 ppi density),Unspecified,"Android 16, Nebula AIOS 2",Qualcomm SM8850-AC Snapdragon 8 Elite Gen 5 (3 nm),Octa-core (2x4.6 GHz Oryon V3 Phoenix L + 6x3.62 GHz Oryon V3 Phoenix M),Adreno 840,No,"256GB 12GB RAM, 512GB 12GB RAM, 512GB 16GB RAM, 1TB 16GB RAM",,"Laser AF, color spectrum sensor, Ring-LED, dual-tone flash, panorama, DSG HDR","8K@30fps, 4K@30/60/120fps, 1080p@30/60fps, gyro-EIS, HDR10, 10‑bit video","16 MP, f/2.0, 24mm (wide), 1/2.8"", 1.12µm, under display",1080p@30fps,Si/C Li-Ion 7200 mAh,"80W wired, PD3.0, QC4 (International) 90W wired, PD3.0, QC4 (China) 80W wireless",,,"Glass front, aluminum frame, glass back",UFS 4.1,HDR,"50 MP, f/1.7, 35mm (standard), 1/1.3"", 1.2µm, PDAF, OIS 64 MP, f/2.5, 70mm (periscope telephoto), 1/2.0"", 0.7µm, multi-directional PDAF (15cm - ∞), OIS, 2.7x optical zoom (vs. 26mm cam) 50 MP, f/1.8, 18mm (ultrawide), 1/1.55"", PDAF",,
zte,https://www.gsmarena.com/zte_nubia_redmagic_11_pro+_5g-14238.php,ZTE nubia RedMagic 11 Pro+,163.8 x 76.5 x 8.9 mm (6.45 x 3.01 x 0.35 in),230 g (8.11 oz),Nano-SIM + Nano-SIM,Pressure sensitive zones (520Hz touch-sensing) Built-in cooling fan Aviation aluminum middle frame IPX8 water resistant (immersible up to 1.5m for 30 min),"AMOLED, 1B colors, 144Hz, 2592Hz PWM, 2000 nits (peak)","6.85 inches, 113.7 cm 2 (~90.7% screen-to-body ratio)",1216 x 2688 pixels (~431 ppi density),,"Android 16, Redmagic OS 11",Qualcomm SM8850-AC Snapdragon 8 Elite Gen 5 (3 nm),Octa-core (2x4.6 GHz Oryon V3 Phoenix L + 6x3.62 GHz Oryon V3 Phoenix M),Adreno 840,No,"256GB 12GB RAM, 512GB 16GB RAM, 1TB 16GB RAM, 1TB 24GB RAM","50 MP, f/1.9, (wide), 1/1.55"", 1.0µm, PDAF, OIS 50 MP, f/2.2, (ultrawide), 1/2.88"", 0.61µm Auxiliary lens","LED flash, HDR, panorama","8K@30fps, 4K@30/60fps, 1080p@30/60/120/240fps","16 MP, f/2.0, (wide), 1/2.77"", 1.12µm, under display",1080p@30/60fps,Si/C Li-Ion 7500 mAh,120W wired 80W wireless,,,"Glass front, aluminum frame, glass back",UFS 4.1 Pro,HDR,,,
zte,https://www.gsmarena.com/zte_nubia_redmagic_11_pro_5g-14239.php,ZTE nubia RedMagic 11 Pro (China),163.8 x 76.5 x 8.9 mm (6.45 x 3.01 x 0.35 in),230 g (8.11 oz),Nano-SIM + Nano-SIM,Pressure sensitive zones (520Hz touch-sensing) Built-in cooling fan Aviation aluminum middle frame IPX8 water resistant (immersible up to 1.5m for 30 min),"AMOLED, 1B colors, 144Hz, 2592Hz PWM, 2000 nits (peak)","6.85 inches, 113.7 cm 2 (~90.7% screen-to-body ratio)",1216 x 2688 pixels (~431 ppi density),,"Android 16, Redmagic OS 11",Qualcomm SM8850-AC Snapdragon 8 Elite Gen 5 (3 nm),Octa-core (2x4.6 GHz Oryon V3 Phoenix L + 6x3.62 GHz Oryon V3 Phoenix M),Adreno 840,No,"256GB 12GB RAM, 512GB 16GB RAM","50 MP, f/1.9, (wide), 1/1.55"", 1.0µm, PDAF, OIS 50 MP, f/2.2, (ultrawide), 1/2.88"", 0.61µm Auxiliary lens","LED flash, HDR, panorama","8K@30fps, 4K@30/60fps, 1080p@30/60/120/240fps","16 MP, f/2.0, (wide), 1/2.77"", 1.12µm, under display",1080p@30/60fps,Si/C Li-Ion 8000 mAh,80W wired,,,"Glass front, aluminum frame, glass back",UFS 4.1 Pro,HDR,,,
zte,https://www.gsmarena.com/zte_nubia_air_5g-14123.php,ZTE nubia Air,164.2 x 76.6 x 6.7 mm (6.46 x 3.02 x 0.26 in),172 g (6.07 oz),Nano-SIM + Nano-SIM,IP68/IP69K dust tight and water resistant (high pressure water jets; immersible up to 1.5m for 30 min),"AMOLED, 120Hz, 4500 nits (peak)","6.78 inches, 111.0 cm 2 (~88.2% screen-to-body ratio)","1224 x 2720 pixels, 20:9 ratio (~440 ppi density)","Corning Gorilla Glass 7i, Mohs level 5",Android 15,Unisoc T8300 (6 nm),Octa-core (2x2.2 GHz Cortex-A78 & 6x2.0 GHz Cortex-A55),Mali-G57 MP2,No,256GB 8GB RAM,"50 MP, f/1.6, (wide), PDAF Auxiliary lenses",LED flash,1080p@30fps,20 MP,Yes,5000 mAh,33W wired,,,,,,,,
zte,https://www.gsmarena.com/zte_blade_a36-13966.php,ZTE Blade A36,167.6 x 77.4 x 8.3 mm (6.60 x 3.05 x 0.33 in),-,Nano-SIM + Nano-SIM,,"IPS LCD, 90Hz","6.75 inches, 110.0 cm 2 (~84.8% screen-to-body ratio)","720 x 1600 pixels, 20:9 ratio (~260 ppi density)",Mohs level 4,Android 15,Unisoc T7200 (12 nm),Octa-core (2x1.6 GHz Cortex-A75 & 6x1.6 GHz Cortex-A55),Mali-G57 MP1,microSDXC (dedicated slot),64GB 4GB RAM,,LED flash,1080p@30fps,5 MP,Yes,5000 mAh,10W wired,,"13 MP, AF Auxiliary lens","Glass front, plastic frame, plastic back",eMMC 5.1,,,,
zte,https://www.gsmarena.com/zte_blade_a56-13948.php,ZTE Blade A56,167.6 x 77.4 x 8.3 mm (6.60 x 3.05 x 0.33 in),193 g (6.81 oz),Nano-SIM + Nano-SIM,,"IPS LCD, 90Hz","6.75 inches, 110.0 cm 2 (~84.8% screen-to-body ratio)","720 x 1600 pixels, 20:9 ratio (~260 ppi density)",Mohs level 4,Android 15,Unisoc T7200 (12 nm),Octa-core (2x1.6 GHz Cortex-A75 & 6x1.6 GHz Cortex-A55),Mali-G57 MP1,microSDXC (dedicated slot),"64GB 4GB RAM, 128GB 4GB RAM",,LED flash,1080p@30fps,8 MP,Yes,Li-Po 5000 mAh,10W wired,,"13 MP, AF Auxiliary lenses",,eMMC 5.1,,,,
zte,https://www.gsmarena.com/zte_redmagic_tablet_3_pro-13939.php,ZTE nubia RedMagic Astra,207 x 134.2 x 6.9 mm (8.15 x 5.28 x 0.27 in),370 g (13.05 oz),No,RGB light on the back Built-in cooling fan (Illuminated) Aviation-grade aluminum frame IP54 dust protected and water resistant (water splashes),"LTPO OLED, 1B colors, 165Hz, 5280Hz PWM, HDR, 1000 nits (typ), 1600 nits (peak)","9.06 inches, 238.3 cm 2 (~85.8% screen-to-body ratio)","1504 x 2400 pixels, 16:10 ratio (~313 ppi density)","Corning Gorilla Glass (unspecified version), Mohs level 4","Android 15, Redmagic OS 10.5",Qualcomm SM8750-AB Snapdragon 8 Elite (3 nm),Octa-core (2x4.32 GHz Oryon V2 Phoenix L + 6x3.53 GHz Oryon V2 Phoenix M),Adreno 830 (1200 MHz),No,"256GB 12GB RAM, 512GB 16GB RAM, 1TB 24GB RAM",,"LED flash, HDR, panorama","4K@30fps, 1080p@30fps","9 MP, f/2.2, (wide), 0.7μm",1080p@30fps,8200 mAh,"80W wired, 50% in 22 min",,"13 MP, (wide)","Glass front, aluminum frame, aluminum back",UFS 4.1 Pro,,,,
zte,https://www.gsmarena.com/zte_blade_a76-14290.php,ZTE Blade A76 4G,-,-,Nano-SIM + Nano-SIM,IP54 dust protected and water resistant (water splashes),"IPS LCD, 90Hz","6.75 inches, 109.5 cm 2 (~89.3% screen-to-body ratio)","720 x 1612 pixels, 20:9 ratio (~262 ppi density)",Mohs level 4,Android 15,,Octa-core 1.8 GHz,,No,"64GB 4GB RAM, 128GB 4GB RAM","50 MP, (wide), AF Auxiliary lens","LED flash, HDR",1080p@30fps,Yes,1080p@30fps,5000 mAh,22.5W wired,,,,,,,,
zte,https://www.gsmarena.com/zte_blade_a76_5g-13932.php,ZTE Blade A76,163.6 x 74.9 x 8.6 mm (6.44 x 2.95 x 0.34 in),-,Nano-SIM + Nano-SIM,IP54 dust protected and water resistant (water splashes),"IPS LCD, 90Hz","6.75 inches, 109.5 cm 2 (~89.3% screen-to-body ratio)","720 x 1612 pixels, 20:9 ratio (~262 ppi density)",Mohs level 4,Android,Unisoc T8300 (6 nm),Octa-core (2x2.2 GHz Cortex-A78 & 6x2.0 GHz Cortex-A55),Mali-G57 MP2,No,"128GB 4GB RAM, 128GB 6GB RAM","50 MP, f/1.8, 27mm (wide), AF Auxiliary lens","LED flash, HDR","4K@30fps, 1080p@30fps","8 MP, (wide)",1080p@30fps,5000 mAh,,,,,,,,,
zte,https://www.gsmarena.com/zte_nubia_redmagic_10spro+_5g-13905.php,ZTE nubia RedMagic 10SPro+,163.4 x 76.1 x 8.9 mm (6.43 x 3.00 x 0.35 in),229 g (8.08 oz),Nano-SIM + Nano-SIM,Pressure sensitive zones (520Hz touch-sensing) Built-in cooling fan Aviation aluminum middle frame RGB LED light (on the back) IP54 dust protected and water resistant (water splashes),"AMOLED, 1B colors, 144Hz, 2000 nits (peak)","6.85 inches, 113.7 cm 2 (~91.4% screen-to-body ratio)",1216 x 2688 pixels (~431 ppi density),Mohs level 4,"Android 15, Redmagic OS 10.5",Qualcomm SM8750-AC Snapdragon 8 Elite (3 nm),Octa-core (2x4.47 GHz Oryon V2 Phoenix L + 6x3.53 GHz Oryon V2 Phoenix M),Adreno 830 (1200 MHz),No,"512GB 16GB RAM, 1TB 24GB RAM","50 MP, f/1.9, 23mm (wide), 1/1.55"", 1.0µm, PDAF, OIS 50 MP, f/2.0, 13mm (ultrawide), 1/2.88"", 0.61µm, AF Auxiliary lens","LED flash, HDR, panorama","8K@30fps, 4K@30/60fps, 1080p@30/60/120/240fps","16 MP, f/2.0, (wide), 1/2.77"", 1.0µm, under display",1080p@30/60fps,Si/C Li-Ion 7500 mAh,"120W wired, 100% in 35 min",,,"Glass front, aluminum frame, glass back",UFS 4.1 Pro,HDR,,,
zte,https://www.gsmarena.com/zte_nubia_redmagic_10spro_5g-13906.php,ZTE nubia RedMagic 10S Pro,163.4 x 76.1 x 8.9 mm (6.43 x 3.00 x 0.35 in),229 g (8.08 oz),Nano-SIM + Nano-SIM,Pressure sensitive zones (520Hz touch-sensing) Built-in cooling fan Aviation aluminum middle frame RGB LED light (on the back) IP54 dust protected and water resistant (water splashes),"AMOLED, 1B colors, 144Hz, 2592Hz PWM, 2000 nits (peak)","6.85 inches, 113.7 cm 2 (~91.4% screen-to-body ratio)",1216 x 2688 pixels (~431 ppi density),"Corning Gorilla Glass (unspecified version), Mohs level 4","Android 15, Redmagic OS 10.5",Qualcomm SM8750-AC Snapdragon 8 Elite (3 nm),Octa-core (2x4.47 GHz Oryon V2 Phoenix L + 6x3.53 GHz Oryon V2 Phoenix M),Adreno 830 (1200 MHz),No,"256GB 12GB RAM, 512GB 16GB RAM, 1TB 24GB RAM","50 MP, f/1.9, 23mm (wide), 1/1.55"", 1.0µm, PDAF, OIS 50 MP, f/2.0, 13mm (ultrawide), 1/2.88"", 0.61µm, AF Auxiliary lens","LED flash, HDR, panorama","8K@30fps, 4K@30/60fps, 1080p@30/60/120/240fps","16 MP, f/2.0, (wide), 1/2.77"", 1.0µm, under display",1080p@30/60fps,Si/C Li-Ion 7050 mAh,80W wired,,,"Glass front, aluminum frame, glass back",UFS 4.1 Pro,HDR,,,
zte,https://www.gsmarena.com/zte_nubia_z70s_ultra_5g-13819.php,ZTE nubia Z70S Ultra,164.3 x 77.1 x 8.6 mm (6.47 x 3.04 x 0.34 in),228 g (8.04 oz),Nano-SIM + Nano-SIM,IP68/IP69 dust tight and water resistant (high pressure water jets; immersible up to 1.5m for 30 min),"AMOLED, 1B colors, 144Hz, HDR10, 2000 nits (peak)","6.85 inches, 113.7 cm 2 (~89.7% screen-to-body ratio)",1216 x 2688 pixels (~431 ppi density),Corning Gorilla Glass 7i or Longxi glass (gen 2),"Android 15, Nebula AIOS 1.5",Qualcomm SM8750-AB Snapdragon 8 Elite (3 nm),Octa-core (2x4.32 GHz Oryon V2 Phoenix L + 6x3.53 GHz Oryon V2 Phoenix M),Adreno 830,No,"256GB 12GB RAM, 512GB 16GB RAM, 1TB 16GB RAM, 1TB 24GB RAM",,"Laser AF, color spectrum sensor, Ring-LED, dual-tone flash, panorama, HDR","8K@30fps, 4K@30/60/120fps, 1080p@30/60fps, gyro-EIS, HDR10, 10‑bit video","16 MP, f/2.0, 24mm (wide), 1/2.8"", 1.12µm, under display",1080p@30fps,Si/C Li-Ion 6600 mAh,"80W wired, PD3.0, QC4",,,"Glass front (Gorilla Glass 7i), aluminum frame, glass back",UFS 4.0,HDR,"50 MP, f/1.7, 35mm (standard), 1/1.3"", 1.2µm, PDAF, OIS 64 MP, f/2.5, 70mm (periscope telephoto), 1/2.0"", 0.7µm, multi-directional PDAF (15cm - ∞), OIS, 2.7x optical zoom (vs. 26mm cam) 50 MP, f/2.0, 13mm, 122˚ (ultrawide), 1/2.88"", 0.61µm, multi-directional PDAF",,
zte,https://www.gsmarena.com/zte_nubia_tablet_pro-13820.php,ZTE nubia Pad Pro,253.3 x 164.6 x 7.3 mm (9.97 x 6.48 x 0.29 in),523 g (1.15 lb),No,Stylus support,"IPS LCD, 1B colors, 144Hz","10.9 inches, 344.5 cm 2 (~82.6% screen-to-body ratio)","1800 x 2880 pixels, 16:10 ratio (~312 ppi density)",,Android 15,Qualcomm SM8650-AB Snapdragon 8 Gen 3 (4 nm),Octa-core (1x3.3 GHz Cortex-X4 & 3x3.2 GHz Cortex-A720 & 2x3.0 GHz Cortex-A720 & 2x2.3 GHz Cortex-A520),Adreno 750,No,"256GB 8GB RAM, 256GB 12GB RAM, 512GB 16GB RAM, 1TB 16GB RAM",,"LED flash, HDR, panorama",Yes,"20 MP, f/2.0, 26mm (wide)",1080p@30fps,10100 mAh,66W wired,,"13 MP, (wide)","Glass front, aluminum frame, aluminum back",UFS 4.0,,,,
zte,https://www.gsmarena.com/zte_nubia_redmagic_10_air_5g-13797.php,ZTE nubia RedMagic 10 Air,164.3 x 76.6 x 7.9 mm (6.47 x 3.02 x 0.31 in),205 g (7.23 oz),Nano-SIM + Nano-SIM,Pressure sensitive zones (520Hz touch-sensing) Aviation aluminum middle frame IP54 dust protected and water resistant (water splashes),"AMOLED, 1B colors, 120Hz, 1600 nits (peak)","6.8 inches, 111.6 cm 2 (~88.7% screen-to-body ratio)","1116 x 2480 pixels, 20:9 ratio (~400 ppi density)","Corning Gorilla Glass 5, Mohs level 4","Android 15, up to 3 major Android upgrades, Redmagic OS 10",Qualcomm SM8650-AB Snapdragon 8 Gen 3 (4 nm),Octa-core (1x3.3 GHz Cortex-X4 & 3x3.2 GHz Cortex-A720 & 2x3.0 GHz Cortex-A720 & 2x2.3 GHz Cortex-A520),Adreno 750,No,"256GB 12GB RAM, 512GB 16GB RAM","50 MP, f/1.9, (wide), 1/1.55"", 1.0µm, PDAF, OIS 50 MP, f/2.2, (ultrawide), 1/2.88"", 0.61µm, AF","LED flash, HDR, panorama","8K@30fps, 4K@30/60fps, 1080p@30/60/120/240fps","16 MP, f/2.0, (wide), 1/2.77"", 1.12µm, under display",1080p@30/60fps,6000 mAh,"80W wired, 100% in 52 min",,,"Glass front (Gorilla Glass 5), aluminum frame, glass back (Panda Glass 2)",UFS 4.0,HDR,,,
zte,https://www.gsmarena.com/zte_nubia_focus_2_ultra-13708.php,ZTE nubia Focus 2 Ultra,163.2 x 77.2 x 7.5 mm (6.43 x 3.04 x 0.30 in),200 g (7.05 oz),Nano-SIM + Nano-SIM,,"AMOLED, 120Hz, 2800 nits (peak)","6.8 inches, 111.9 cm 2 (~88.8% screen-to-body ratio)",1080 x 2392 pixels (~386 ppi density),Mohs level 4,Android 15,Unisoc T8100 (6 nm),Octa-core (4x2.2 GHz Cortex-A76 & 4x2.0 GHz Cortex-A55),Mali-G57,No,512GB 8GB RAM,"50 MP, f/1.5, 24mm (wide), 1/1.55"", 1.0µm, PDAF 5 MP, f/2.2, 13mm (ultrawide), AF Auxiliary lens","LED flash, HDR, rotatable lens ring","4K@30fps, 1080p@30fps","32 MP, (wide)",1080p@30fps,5000 mAh,33W wired,,,,,,,,
zte,https://www.gsmarena.com/zte_nubia_focus_2-13709.php,ZTE nubia Focus 2,163.6 x 74.9 x 8 mm (6.44 x 2.95 x 0.31 in),-,Nano-SIM + Nano-SIM,,"IPS LCD, 120Hz, 1000 nits (HBM)","6.7 inches, 108.4 cm 2 (~88.4% screen-to-body ratio)","720 x 1600 pixels, 20:9 ratio (~262 ppi density)",Mohs level 4,Android 15,Unisoc T760 (6 nm),Octa-core (4x2.2 GHz Cortex-A76 & 4x2.0 GHz Cortex-A55),Mali-G57,Unspecified,256GB 8GB RAM,"108 MP, f/1.8, 24mm (wide), 1/1.67"", PDAF Auxiliary lenses","LED flash, HDR","4K@30fps, 1080p@30fps","16 MP, (wide)",1080p@30fps,5000 mAh,22.5W wired,,,,,,,,
zte,https://www.gsmarena.com/zte_nubia_neo_3_gt-13710.php,ZTE nubia Neo 3 GT,163.3 x 77.2 x 8.2 mm (6.43 x 3.04 x 0.32 in),-,Nano-SIM + Nano-SIM,Pressure sensitive zones (Gaming triggers) RGB light (on the back),"AMOLED, 120Hz, 1300 nits (peak)","6.8 inches, 111.9 cm 2 (~88.8% screen-to-body ratio)",1080 x 2392 pixels (~386 ppi density),,Android 15,Unisoc T9100 (6 nm),Octa-core (1x2.7 GHz Cortex-A76 & 3x2.3 GHz Cortex-A76 & 4x2.1 GHz Cortex-A55),Mali-G57,No,256GB 12GB RAM,"50 MP, (wide), PDAF Auxiliary lens","LED flash, HDR, panorama",Yes,16 MP,1080p@30fps,6000 mAh or 5000 mAh,80W wired Bypass Charging,,,,,,,,
zte,https://www.gsmarena.com/zte_nubia_neo_3-13711.php,ZTE nubia Neo 3,168.3 x 76.5 x 8.3 mm (6.63 x 3.01 x 0.33 in),-,Nano-SIM + Nano-SIM,Pressure sensitive zones (Gaming triggers) RGB light (on the back),"IPS LCD, 120Hz, 1000 nits (HBM)","6.8 inches, 111.9 cm 2 (~86.9% screen-to-body ratio)",1080 x 2392 pixels (~386 ppi density),Mohs level 4,Android 15,Unisoc T8300 (6 nm),Octa-core (2x2.2 GHz Cortex-A78 & 6x2.0 GHz Cortex-A55),Mali-G57 MP2,No,256GB 8GB RAM,"50 MP, f/1.8, (wide), PDAF Auxiliary lens","LED flash, HDR, panorama",1080p@30fps,"16 MP, f/2.0, (wide)",1080p@30fps,6000 mAh or 5000 mAh,33W wired Bypass Charging,,,,,,,,
zte,https://www.gsmarena.com/zte_nubia_flip2-13625.php,ZTE nubia Flip2,Unfolded: 170 x 76 x 7.2 mm Folded: 87 x 76 x 15.8 mm,193 g (6.81 oz),· Nano-SIM + eSIM · Nano-SIM + Nano-SIM,Splash resistant,"Foldable OLED, 1B colors, 120Hz, 1200 nits (HBM)","6.9 inches, 108.7 cm 2 (~84.2% screen-to-body ratio)","1188 x 2790 pixels, 21:9 ratio (~443 ppi density)",Mohs level 4,Android 14,Mediatek Dimensity 7300X (4 nm),Octa-core (4x2.5 GHz Cortex-A78 & 4x2.0 GHz Cortex-A55),Mali-G615 MC2,No,"128GB 6GB RAM, 128GB 8GB RAM, 256GB 8GB RAM, 512GB 12GB RAM","50 MP, f/1.6, (wide), dual pixel PDAF Auxiliary lens","Ring LED flash, HDR, panorama","4K, 1080p","32 MP, (wide)",Yes,4325 mAh,"33W wired, PD3.0, PPS, QC4+","Cover display: OLED, 3 inches, 422 x 682 pixels, 900 nits (peak)",,"Aluminum frame, glass back",,,,,
zte,https://www.gsmarena.com/zte_blade_v70_max-13654.php,ZTE Blade V70 Max,171.8 x 78.4 x 8.3 mm (6.76 x 3.09 x 0.33 in),-,Nano-SIM + Nano-SIM,Drop resistant up to 1.5m IP54 dust protected and water resistant (water splashes),"IPS LCD, 120Hz","6.9 inches, 113.1 cm 2 (~83.9% screen-to-body ratio)",720 x 1640 pixels (~260 ppi density),Mohs level 4,Android 15,Unisoc T7200 (12 nm),Octa-core (2x1.6 GHz Cortex-A75 & 6x1.6 GHz Cortex-A55),Mali-G57 MP1,microSDXC (dedicated slot),"128GB 4GB RAM, 128GB 6GB RAM, 128GB 8GB RAM, 256GB 4GB RAM","50 MP, f/1.8, (wide), PDAF Auxiliary lenses","LED flash, HDR, panorama",1080p@30fps,8 MP,Yes,6000 mAh,22.5W wired,,,,,,,,
zte,https://www.gsmarena.com/zte_nubia_music_2-13611.php,ZTE nubia Music 2,163.6 x 74.9 x 8.6 mm (6.44 x 2.95 x 0.34 in),202 g (7.13 oz),Nano-SIM + Nano-SIM,LED notifications lights (on the back),"IPS LCD, 120Hz","6.7 inches, 107.8 cm 2 (~88.0% screen-to-body ratio)","720 x 1612 pixels, 20:9 ratio (~264 ppi density)",Mohs level 4,Android 14,Unisoc T7200 (12 nm),Octa-core (2x1.6 GHz Cortex-A75 & 6x1.6 GHz Cortex-A55),Mali-G57 MP1,microSDXC (uses shared SIM slot),128GB 4GB RAM,,"LED flash, HDR",1080p@30fps,"5 MP, f/2.4, (wide)",720p@30fps,5000 mAh,10W wired,,"50 MP, f/1.8, (wide), PDAF Auxiliary lens",,eMMC 5.1,,,,
zte,https://www.gsmarena.com/zte_blade_v70_design-13513.php,ZTE Blade V70 Design,165.8 x 77.1 x 8.2 mm (6.53 x 3.04 x 0.32 in),206 g (7.27 oz),Nano-SIM + Nano-SIM,,"IPS LCD, 120Hz","6.7 inches, 107.8 cm 2 (~84.4% screen-to-body ratio)","720 x 1612 pixels, 20:9 ratio (~264 ppi density)",Mohs level 4,Android 14,Unisoc T606 (12 nm),Octa-core (2x1.6 GHz Cortex-A75 & 6x1.6 GHz Cortex-A55),Mali-G57 MP1,microSDXC (uses shared SIM slot),"256GB 4GB RAM, 256GB 8GB RAM","50 MP, f/1.8, (wide), PDAF Auxiliary lens","LED flash, HDR, panorama",1080p@30fps,16 MP,1080p@30fps,5000 mAh,22.5W wired,,,"Glass front, plastic frame, glass back or silicone polymer (eco leather) back",,,,,
zte,https://www.gsmarena.com/zte_nubia_z70_ultra-13508.php,ZTE nubia Z70 Ultra,164.3 x 77.1 x 8.6 mm (6.47 x 3.04 x 0.34 in),228 g (8.04 oz),Nano-SIM + Nano-SIM,IP68/IP69 dust tight and water resistant (high pressure water jets; immersible up to 1.5m for 30 min),"AMOLED, 1B colors, 144Hz, HDR10, 2000 nits (peak)","6.85 inches, 113.7 cm 2 (~89.7% screen-to-body ratio)",1216 x 2688 pixels (~431 ppi density),Longxi glass (gen 2),"Android 15, Nebula AIOS",Qualcomm SM8750-AB Snapdragon 8 Elite (3 nm),Octa-core (2x4.32 GHz Oryon V2 Phoenix L + 6x3.53 GHz Oryon V2 Phoenix M),Adreno 830,No,"256GB 12GB RAM, 512GB 16GB RAM, 1TB 16GB RAM, 1TB 24GB RAM",,"Laser AF, color spectrum sensor, Ring-LED, dual-tone flash, panorama, HDR","8K@30fps, 4K@30/60/120fps, 1080p@30/60fps, gyro-EIS, HDR10, 10‑bit video","16 MP, f/2.5, 24mm (wide), 1/2.8"", 1.12µm, under display",1080p@30fps,Si/C Li-Ion 6150 mAh,"80W wired, PD3.0, QC4",,,"Glass front, aluminum frame, glass back",UFS 4.0,HDR,"50 MP, f/1.6-4.0, 35mm (standard), 1/1.56"", 1.0µm, multi-directional PDAF, OIS 64 MP, f/2.5, 70mm (periscope telephoto), 1/2.0"", 0.7µm, multi-directional PDAF (15cm - ∞), OIS, 2.7x optical zoom (vs. 26mm cam) 50 MP, f/2.0, 13mm, 122˚ (ultrawide), 1/2.88"", 0.61µm, multi-directional PDAF",,
zte,https://www.gsmarena.com/zte_blade_v70-13501.php,ZTE Blade V70,8.2 mm thickness,-,Nano-SIM + Nano-SIM,,"IPS LCD, 120Hz","6.7 inches, 108.4 cm 2","720 x 1600 pixels, 20:9 ratio (~262 ppi density)",Mohs level 4,Android 14,,Octa-core 2.0 GHz,,microSDXC,256GB 8GB RAM,,"LED flash, HDR, panorama",1080p@30fps,16 MP,1080p@30fps,5000 mAh,22.5W wired,,,,,,"108 MP, f/1.8, (wide), 1/1.67"", PDAF other unspecified cameras",,
zte,https://www.gsmarena.com/zte_nubia_red_magic_10_pro+-13495.php,ZTE nubia RedMagic 10 Pro+,163.4 x 76.1 x 8.9 mm (6.43 x 3.00 x 0.35 in),229 g (8.08 oz),Nano-SIM + Nano-SIM,Pressure sensitive zones (520Hz touch-sensing) Built-in cooling fan Aviation aluminum middle frame,"AMOLED, 1B colors, 144Hz, 2000 nits (peak)","6.85 inches, 113.7 cm 2 (~91.4% screen-to-body ratio)",1216 x 2688 pixels (~431 ppi density),Unspecified,"Android 15, Redmagic OS 10",Qualcomm SM8750-AB Snapdragon 8 Elite (3 nm),Octa-core (2x4.32 GHz Oryon V2 Phoenix L + 6x3.53 GHz Oryon V2 Phoenix M),Adreno 830,No,"512GB 16GB RAM, 1TB 24GB RAM",,"LED flash, HDR, panorama","8K@30fps, 4K@30/60fps, 1080p@30/60/120/240fps","16 MP, f/2.0, (wide), under display",1080p@30/60fps,Si/C Li-Ion 7050 mAh,"120W wired, 50% in 11 min, 100% in 30 min",,,"Glass front, aluminum frame, glass back",UFS 4.1 Pro,HDR,"50 MP, f/1.9, (wide), 1/1.5"", 1.0µm, PDAF, OIS 50 MP, f/2.2, (ultrawide), 1/2.88"", 0.61µm 2 MP (macro)",,
zte,https://www.gsmarena.com/zte_nubia_red_magic_10_pro-13496.php,ZTE nubia RedMagic 10 Pro,163.4 x 76.1 x 8.9 mm (6.43 x 3.00 x 0.35 in),229 g (8.08 oz),Nano-SIM + Nano-SIM,Pressure sensitive zones (520Hz touch-sensing) Built-in cooling fan Aviation aluminum middle frame,"AMOLED, 1B colors, 2592Hz PWM, 144Hz, 2000 nits (peak)","6.85 inches, 113.7 cm 2 (~91.4% screen-to-body ratio)",1216 x 2688 pixels (~431 ppi density),Corning Gorilla Glass (unspecified version),"Android 15, up to 1 major Android update and 2 Redmagic OS updates, Redmagic OS 10",Qualcomm SM8750-AB Snapdragon 8 Elite (3 nm),Octa-core (2x4.32 GHz Oryon V2 Phoenix L + 6x3.53 GHz Oryon V2 Phoenix M),Adreno 830,No,"256GB 12GB RAM, 512GB 12GB RAM, 512GB 16GB RAM, 1TB 24GB RAM",,"LED flash, HDR, panorama","8K@30fps, 4K@30/60fps, 1080p@30/60/120/240fps","16 MP, f/2.0, (wide), 1/2.8"", 1.12µm, under display",1080p@30/60fps,Market-dependent versions: · Si/C Li-Ion 7050 mAh (Global) · Si/C Li-Ion 6500 mAh (China only),100W wired - International 80W wired - China only version,,,"Glass front, aluminum frame, glass back",UFS 4.1 Pro,HDR,"50 MP, f/1.9, (wide), 1/1.55"", 1.0µm, PDAF, OIS 50 MP, f/2.2, (ultrawide), 1/2.88"", 0.61µm 2 MP (macro)",,
zte,https://www.gsmarena.com/zte_blade_a55-13500.php,ZTE Blade A55,167.7 x 77.4 x 8.5 mm (6.60 x 3.05 x 0.33 in),-,Nano-SIM + Nano-SIM,,"IPS LCD, 90Hz","6.75 inches, 110.0 cm 2 (~84.7% screen-to-body ratio)","720 x 1600 pixels, 20:9 ratio (~260 ppi density)",,Android 14 (Go edition),Unisoc SC9863A1 (22 nm),Octa-core (4x1.6 GHz Cortex-A55 & 4x1.2 GHz Cortex-A55),IMG8322,microSDXC (dedicated slot),"64GB 4GB RAM, 128GB 4GB RAM",,LED flash,1080p@30fps,8 MP,Yes,Li-Po 5000 mAh,10W wired,,"13 MP, AF Auxiliary lens",,eMMC 5.1,,,,
zte,https://www.gsmarena.com/zte_blade_a35-13468.php,ZTE Blade A35,167.7 x 77.4 x 8.5 mm (6.60 x 3.05 x 0.33 in),-,Nano-SIM + Nano-SIM,,"IPS LCD, 90Hz","6.75 inches, 108.3 cm 2 (~83.5% screen-to-body ratio)","720 x 1600 pixels, 20:9 ratio (~262 ppi density)",,Android 14 (Go edition),Unisoc SC9863A1 (22 nm),Octa-core (4x1.6 GHz Cortex-A55 & 4x1.2 GHz Cortex-A55),IMG8322,microSDXC (dedicated slot),"64GB 2GB RAM, 64GB 4GB RAM",,LED flash,1080p@30fps,2 MP (interpolated to 5 MP),Yes,Li-Po 5000 mAh,10W wired,,"8 MP, AF",,eMMC 5.1,,,,
zte,https://www.gsmarena.com/zte_blade_a75_4g-13378.php,ZTE Blade A75 4G,164.1 x 75.8 x 8.6 mm (6.46 x 2.98 x 0.34 in),189 g (6.67 oz),Nano-SIM + Nano-SIM,,"IPS LCD, 90Hz","6.6 inches, 104.6 cm 2 (~84.1% screen-to-body ratio)","720 x 1612 pixels, 20:9 ratio (~267 ppi density)",,Android 13,Unisoc T606 (12 nm),Octa-core (2x1.6 GHz Cortex-A75 & 6x1.6 GHz Cortex-A55),Mali-G57 MP1,microSDXC (dedicated slot),"128GB 4GB RAM, 256GB 4GB RAM",,"LED flash, HDR, panorama",1080p@30fps,8 MP,Yes,5000 mAh,22.5W wired,,"50 MP, f/1.8, (wide), PDAF",,eMMC 5.1,,,,
zte,https://www.gsmarena.com/zte_blade_v60_design-13377.php,ZTE Blade V60 Design,164.2 x 75.3 x 8.6 mm (6.46 x 2.96 x 0.34 in),198 g (6.98 oz),Nano-SIM + Nano-SIM,,"IPS LCD, 90Hz","6.6 inches, 104.6 cm 2 (~84.6% screen-to-body ratio)","720 x 1612 pixels, 20:9 ratio (~267 ppi density)",,Android 13,Unisoc T606 (12 nm),Octa-core (2x1.6 GHz Cortex-A75 & 6x1.6 GHz Cortex-A55),Mali-G57 MP1,microSDXC (uses shared SIM slot),"256GB 4GB RAM, 256GB 6GB RAM","50 MP, f/1.8, (wide), PDAF Auxiliary lens","LED flash, HDR, panorama",1080p@30fps,"8 MP, f/2.0, (wide)",Yes,5000 mAh,22.5W wired,,,"Glass front, glass back, plastic frame",,,,,
zte,https://www.gsmarena.com/zte_blade_a75-13376.php,ZTE Blade A75,163.6 x 74.9 x 8.6 mm (6.44 x 2.95 x 0.34 in),205.5 g (7.27 oz),Nano-SIM + Nano-SIM,,"IPS LCD, 120Hz","6.6 inches, 105.4 cm 2 (~86.0% screen-to-body ratio)","720 x 1612 pixels, 20:9 ratio (~266 ppi density)",,Android 13,Unisoc T760 (6 nm),Octa-core (1x2.2 GHz Cortex-A76 & 3x Cortex-A76 & 4x Cortex-A55),Mali-G57,No,128GB 4GB RAM,"50 MP, f/1.8, 27mm (wide), AF Auxiliary lens","LED flash, HDR","4K@30fps, 1080p@30fps","8 MP, (wide)",1080p@30fps,5000 mAh,10W or 18W wired (market/region dependent),,,,UFS 3.1,,,,
zte,https://www.gsmarena.com/zte_nubia_red_magic_nova-13303.php,ZTE nubia RedMagic Nova,253.3 x 164.6 x 7.3 mm (9.97 x 6.48 x 0.29 in),530 g (1.17 lb),No,RGB light on the back Built-in cooling fan (Illuminated) Aviation-grade aluminum frame,"IPS LCD, 144Hz, 550 nits","10.9 inches, 344.5 cm 2 (~82.6% screen-to-body ratio)","1800 x 2880 pixels, 16:10 ratio (~312 ppi density)",,"Android 14, Redmagic OS 9.5",Qualcomm SM8650-AC Snapdragon 8 Gen 3 (4 nm),8-core (1x3.4GHz Cortex-X4 & 3x3.1GHz Cortex-A720 & 2x2.9GHz Cortex-A720 & 2x2.2GHz Cortex-A520),Adreno 750 (1 GHz),No,"256GB 12GB RAM, 512GB 16GB RAM, 1TB 24GB RAM",,"LED flash, HDR, panorama","4K@30fps, 1080p@30fps","20 MP, f/2.0, 26mm (wide)",1080p@30fps,10100 mAh,"80W wired, 100% in 55 min - International model 120W wired, 50% in 15 min, 100% in 45 min - China model",,"50 MP, f/1.8, 26mm (wide)","Glass front, aluminum frame, aluminum back",UFS 4.0,,,,
zte,https://www.gsmarena.com/zte_nubia_z60s_pro-13226.php,ZTE nubia Z60S Pro,163.6 x 76 x 8.7 mm (6.44 x 2.99 x 0.34 in),220 g (7.76 oz),Nano-SIM + Nano-SIM,,"AMOLED, 1B colors, 120Hz, 1200 nits (peak)","6.78 inches, 111.5 cm 2 (~89.7% screen-to-body ratio)","1260 x 2800 pixels, 20:9 ratio (~452 ppi density)",Longxi glass,"Android 14, MyOS 14 (International), MyOS 14.5 (China)",Qualcomm SM8550-AB Snapdragon 8 Gen 2 (4 nm),Octa-core (1x3.2 GHz Cortex-X3 & 2x2.8 GHz Cortex-A715 & 2x2.8 GHz Cortex-A710 & 3x2.0 GHz Cortex-A510),Adreno 740,No,"256GB 8GB RAM, 256GB 12GB RAM, 512GB 16GB RAM, 1TB 16GB RAM, 1TB 24GB RAM","50 MP, f/1.6, 35mm (standard), 1/1.56"", 1.0µm, PDAF, OIS 8 MP, f/2.4, 80mm (telephoto), 1/4.4"", 1.0µm, PDAF, optical zoom 50 MP, f/2.0, 13mm, 125˚ (ultrawide), 1/2.88"", 0.61µm, AF","Dual-LED dual-tone flash, HDR, panorama","8K@30fps, 4K@30/60/120fps, 1080p, gyro-EIS, 10-bit","16 MP, f/2.5, 26mm (wide), 1/3.06"", 1.0µm",1080p@30fps,Li-Po 5100 mAh,80W wired,,,"Glass front, aluminum frame",UFS 4.0,,,,
zte,https://www.gsmarena.com/zte_nubia_z60_ultra_leading-13198.php,ZTE nubia Z60 Ultra Leading,164 x 76.4 x 8.8 mm (6.46 x 3.01 x 0.35 in),246 g (8.68 oz),Nano-SIM + Nano-SIM,IP68 dust tight and water resistant (immersible up to 1.5m for 30 min),"AMOLED, 1B colors, 120Hz, HDR10, 1500 nits (peak)","6.8 inches, 111.6 cm 2 (~89.1% screen-to-body ratio)","1116 x 2480 pixels, 20:9 ratio (~400 ppi density)",,"Android 14, MyOS 14 (International), MyOS 14.5 (China)",Qualcomm SM8650-AC Snapdragon 8 Gen 3 (4 nm),Octa-core (1x3.4 GHz Cortex-X4 & 3x3.2 GHz Cortex-A720 & 2x3.0 GHz Cortex-A720 & 2x2.3 GHz Cortex-A520),Adreno 750 (1 GHz),No,"256GB 8GB RAM, 256GB 12GB RAM, 512GB 16GB RAM, 1TB 16GB RAM, 1TB 24GB RAM",,"Laser AF, color spectrum sensor, Ring-LED, dual-tone flash, panorama, HDR","8K@30fps, 4K@30/60/120fps, 1080p@30/60fps, gyro-EIS, HDR10, 10‑bit video","12 MP, under display",1080p@30fps,Li-Po 6000 mAh,"80W wired, PD3.0, QC4",,,"Glass front, aluminum frame, glass back",UFS 4.0,HDR,"50 MP, f/1.6, 35mm (standard), 1/1.56"", 1.0µm, PDAF, OIS 64 MP, f/3.3, 85mm (periscope telephoto), 1/2.0"", PDAF, OIS, 3.3x optical zoom (vs. 26mm cam) 50 MP, f/1.8, 18mm, 100˚ (ultrawide), 1/1.55"", 1.0µm, PDAF, OIS",,
zte,https://www.gsmarena.com/zte_nubia_red_magic_9s_pro+-13190.php,ZTE nubia RedMagic 9S Pro+,164 x 76.4 x 8.9 mm (6.46 x 3.01 x 0.35 in),229 g (8.08 oz),Nano-SIM + Nano-SIM,Pressure sensitive zones (520Hz touch-sensing) Built-in cooling fan Aviation aluminum middle frame RGB light strip,"AMOLED, 1B colors, 120Hz, 1600 nits (peak)","6.8 inches, 111.6 cm 2 (~89.1% screen-to-body ratio)","1116 x 2480 pixels, 20:9 ratio (~400 ppi density)",Corning Gorilla Glass 5,"Android 14, Redmagic OS 9.5",Qualcomm SM8650-AC Snapdragon 8 Gen 3 (4 nm),Octa-core (1x3.4 GHz Cortex-X4 & 3x3.2 GHz Cortex-A720 & 2x3.0 GHz Cortex-A720 & 2x2.3 GHz Cortex-A520),Adreno 750 (1 GHz),No,"512GB 16GB RAM, 1TB 24GB RAM",,"LED flash, HDR, panorama","8K@30fps, 4K@30/60fps, 1080p@30/60/120/240fps","16 MP, f/2.0, (wide), 1/2.8"", 1.12µm, under display",1080p@30/60fps,Li-Ion 5500 mAh,"165W wired, PD3.0, 100% in 16 min",,,"Glass front (Gorilla Glass 5), aluminum frame, glass back",UFS 4.0,HDR,"50 MP, f/1.9, (wide), 1/1.57"", 1.0µm, PDAF, OIS 50 MP, f/2.2, (ultrawide), 1/2.76"", 0.64µm Auxiliary lens",,
zte,https://www.gsmarena.com/zte_nubia_red_magic_9s_pro-13191.php,ZTE nubia RedMagic 9S Pro,164 x 76.4 x 8.9 mm (6.46 x 3.01 x 0.35 in),229 g (8.08 oz),Nano-SIM + Nano-SIM,Pressure sensitive zones (520Hz touch-sensing) Built-in cooling fan Aviation aluminum middle frame RGB light strip,"AMOLED, 1B colors, 120Hz, 1600 nits (peak)","6.8 inches, 111.6 cm 2 (~89.1% screen-to-body ratio)","1116 x 2480 pixels, 20:9 ratio (~400 ppi density)",Corning Gorilla Glass 5,"Android 14, Redmagic OS 9.5",Qualcomm SM8650-AC Snapdragon 8 Gen 3 (4 nm),Octa-core (1x3.4 GHz Cortex-X4 & 3x3.2 GHz Cortex-A720 & 2x3.0 GHz Cortex-A720 & 2x2.3 GHz Cortex-A520),Adreno 750 (1 GHz),No,"256GB 12GB RAM, 512GB 12GB RAM, 512GB 16GB RAM",,"LED flash, HDR, panorama","8K@30fps, 4K@30/60fps, 1080p@30/60/120/240fps","16 MP, f/2.0, (wide), 1/2.8"", 1.12µm, under display",1080p@30/60fps,6500 mAh,"80W wired, PD3.0, 100% in 35 min",,,"Glass front (Gorilla Glass 5), aluminum frame, glass back",UFS 4.0,HDR,"50 MP, f/1.9, (wide), 1/1.57"", 1.0µm, PDAF, OIS 50 MP, f/2.2, (ultrawide), 1/2.76"", 0.64µm Auxiliary lens",,
zte,https://www.gsmarena.com/zte_voyage_3d-13178.php,ZTE Voyage 3D,163.5 x 75 x 8.5 mm (6.44 x 2.95 x 0.33 in),190 g (6.70 oz),Nano-SIM + Nano-SIM,,"IPS LCD, 120Hz","6.58 inches, 104.3 cm 2 (~85.1% screen-to-body ratio)","1080 x 2408 pixels, 20:9 ratio (~401 ppi density)",,"Android 13, MyOS 13",Unisoc T760 (6 nm),Octa-core (1x2.2 GHz Cortex-A76 & 3x Cortex-A76 & 4x Cortex-A55),Mali-G57,Unspecified,128GB 6GB RAM,"50 MP, (wide), PDAF 5 MP","LED flash, HDR, panorama",1080p@30fps,5 MP,Yes,4500 mAh,"33W wired, PD3.0",3D lightfield display Real-time 2D to 3D content conversion,,"Glass front, plastic frame, plastic back",eMMC 5.1,,,,
zte,https://www.gsmarena.com/zte_axon_60-12988.php,ZTE Axon 60,166.3 x 77.2 x 8.2 mm (6.55 x 3.04 x 0.32 in),-,Nano-SIM + Nano-SIM,,IPS LCD,"6.72 inches, 109.0 cm 2 (~84.9% screen-to-body ratio)","1080 x 2400 pixels, 20:9 ratio (~392 ppi density)",,Android 13,Unisoc Tiger T616 (12 nm),Octa-core (2x2.0 GHz Cortex-A75 & 6x1.8 GHz Cortex-A55),Mali-G57 MP1,microSDXC (dedicated slot),"256GB 6GB RAM, 256GB 8GB RAM",,"LED flash, HDR, panorama",1080p@30fps,"32 MP, f/2.0, (wide)",1080p@30fps,5000 mAh,22.5W wired,,,,eMMC 5.1,,"50 MP, f/1.8, (wide), PDAF 2 MP (macro) Auxiliary lens",,
zte,https://www.gsmarena.com/zte_axon_60_lite-12989.php,ZTE Axon 60 Lite,164.2 x 75.3 x 8.6 mm (6.46 x 2.96 x 0.34 in),-,Nano-SIM + Nano-SIM,,IPS LCD,"6.6 inches, 104.6 cm 2 (~84.6% screen-to-body ratio)","720 x 1612 pixels, 20:9 ratio (~267 ppi density)",,Android 13,Unisoc T606 (12 nm),Octa-core (2x1.6 GHz Cortex-A75 & 6x1.6 GHz Cortex-A55),Mali-G57 MP1,Unspecified,256GB 4GB RAM,"50 MP, f/1.8, (wide), PDAF Auxiliary lens","LED flash, HDR, panorama",1080p@30fps,8 MP,Yes,5000 mAh,22.5W wired,,,,,,,,
zte,https://www.gsmarena.com/zte_blade_a34-13549.php,ZTE Blade A34,164 x 75.8 x 8.8 mm (6.46 x 2.98 x 0.35 in),-,Nano-SIM + Nano-SIM,,IPS LCD,"6.6 inches, 104.6 cm 2 (~84.2% screen-to-body ratio)","720 x 1612 pixels, 20:9 ratio (~267 ppi density)",,Android 13 (Go edition),Unisoc SC9863A (28 nm),Octa-core (4x1.6 GHz Cortex-A55 & 4x1.2 GHz Cortex-A55),IMG8322,microSDXC (dedicated slot),"64GB 2GB RAM, 64GB 4GB RAM",,LED flash,1080p@30fps,5 MP,Yes,5000 mAh,,,"8 MP, AF",,,,,,
zte,https://www.gsmarena.com/zte_blade_a33s-13550.php,ZTE Blade A33s,160 x 78 x 10.3 mm (6.30 x 3.07 x 0.41 in),-,Nano-SIM + Nano-SIM,,IPS LCD,"6.3 inches, 99.0 cm 2 (~79.3% screen-to-body ratio)","480 x 1014 pixels, 19:9 ratio (~178 ppi density)",,Android 12 (Go edition),Unisoc SC9863A (28 nm),Octa-core (4x1.6 GHz Cortex-A55 & 4x1.2 GHz Cortex-A55),IMG8322,microSDXC (dedicated slot),32GB 2GB RAM,,LED flash,1080p@30fps,2 MP (interpolated to 5 MP),Yes,4000 mAh,,,"5 MP (interpolated to 8 MP), AF",,,,,,
zte,https://www.gsmarena.com/zte_axon_60_ultra-12929.php,ZTE Axon 60 Ultra,163.6 x 76 x 9.1 mm (6.44 x 2.99 x 0.36 in),-,Nano-SIM + Nano-SIM,IP68 dust tight and water resistant (immersible up to 1.5m for 30 min),"AMOLED, 120Hz","6.78 inches, 111.0 cm 2 (~89.3% screen-to-body ratio)","1260 x 2800 pixels, 20:9 ratio (~453 ppi density)",,Android 14,Qualcomm SM8550-AB Snapdragon 8 Gen 2 (4 nm),Octa-core (1x3.2 GHz Cortex-X3 & 2x2.8 GHz Cortex-A715 & 2x2.8 GHz Cortex-A710 & 3x2.0 GHz Cortex-A510),Adreno 740,No,"512GB 12GB RAM, 1TB 16GB RAM",,"LED flash, HDR, panorama",Yes,"32 MP, (wide)",1080p@30fps,6000 mAh,"80W wired, PD3.0, QC4",,,"Glass front, aluminum frame, glass back",UFS 4.0,HDR,"50 MP, (wide), PDAF, OIS 50 MP, (ultrawide) 5 MP (macro)",,
zte,https://www.gsmarena.com/zte_nubia_focus_pro-12850.php,ZTE nubia Focus Pro,166 x 76.1 x 8.5 mm (6.54 x 3.00 x 0.33 in),222 g (7.83 oz),Nano-SIM + Nano-SIM,,"IPS LCD, 120Hz","6.72 inches, 109.0 cm 2 (~86.3% screen-to-body ratio)","1080 x 2400 pixels, 20:9 ratio (~392 ppi density)",,Android 13,Unisoc T760 (6 nm),Octa-core (4x2.2 GHz Cortex-A76 & 4x2.0 GHz Cortex-A55),Mali-G57,No,256GB 8GB RAM,,"LED flash, HDR","4K@30fps, 1080p@30fps","32 MP, f/2.5, (wide)",1080p@30fps,5000 mAh,33W wired,,,"Glass front, plastic frame, glass back",UFS 3.1,,"108 MP, f/1.8, 24mm (wide), 1/1.67"", PDAF, OIS 5 MP, f/2.2, 17mm (ultrawide), AF Auxiliary lens",,
zte,https://www.gsmarena.com/zte_nubia_focus-12849.php,ZTE nubia Focus,163.6 x 74.9 x 8.6 mm (6.44 x 2.95 x 0.34 in),205.5 g (7.27 oz),Nano-SIM + Nano-SIM,,"IPS LCD, 120Hz (90Hz - LATAM)","6.56 inches, 103.4 cm 2 (~84.4% screen-to-body ratio)","720 x 1612 pixels, 20:9 ratio (~269 ppi density)",,Android 14,Unisoc T760 (6 nm),Octa-core (1x2.2 GHz Cortex-A76 & 3x Cortex-A76 & 4x Cortex-A55),Mali-G57,No,"256GB 4GB RAM, 256GB 6GB RAM, 256GB 8GB RAM, 256GB 12GB RAM","108 MP, f/1.8, 24mm (wide), 1/1.67"", PDAF Auxiliary lens","LED flash, HDR","4K@30fps, 1080p@30fps","5 MP, f/2.2, (wide) or 8 MP, (wide)",Yes,5000 mAh,22.5W or 33W wired,,,"Glass front, glass back",UFS 3.1,,,,
zte,https://www.gsmarena.com/zte_nubia_neo_2-12852.php,ZTE nubia Neo 2,166 x 76.1 x 8.5 mm (6.54 x 3.00 x 0.33 in),208 g (7.34 oz),Nano-SIM + Nano-SIM,Pressure sensitive zones (Gaming triggers),"IPS LCD, 120Hz","6.72 inches, 109.0 cm 2 (~86.3% screen-to-body ratio)","1080 x 2400 pixels, 20:9 ratio (~392 ppi density)",,"Android 13, upgradable to Android 14",Unisoc T820 (6 nm),Octa-core (1x2.7 GHz Cortex-A76 & 3x2.3 GHz Cortex-A76 & 4x2.1 GHz Cortex-A55),Mali-G57,No,256GB 8GB RAM,"50 MP, f/1.8, (wide), PDAF Auxiliary lens","LED flash, HDR, panorama",1080p@30fps,"16 MP, f/2.0, (wide)",1080p@30fps,6000 mAh or 5200 mAh,33W wired,,,,UFS 3.1,,,,
zte,https://www.gsmarena.com/zte_nubia_music-12851.php,ZTE nubia Music,163.6 x 74.9 x 8.6 mm (6.44 x 2.95 x 0.34 in),199 g (7.02 oz),Nano-SIM + Nano-SIM,,"IPS LCD, 90Hz","6.6 inches, 104.6 cm 2 (~85.4% screen-to-body ratio)","720 x 1612 pixels, 20:9 ratio (~267 ppi density)",,Android 13,Unisoc SC9863A (28 nm),Octa-core (4x1.6 GHz Cortex-A55 & 4x1.2 GHz Cortex-A55),IMG8322,microSDXC (uses shared SIM slot),128GB 4GB RAM,,"LED flash, HDR",1080p@30fps,"5 MP, f/2.4, (wide)",720p@30fps,5000 mAh,10W wired,,"50 MP, f/1.9, (wide), PDAF Auxiliary lens",,eMMC 5.1,,,,
zte,https://www.gsmarena.com/zte_nubia_pad_3d_ii-12853.php,ZTE nubia Pad 3D II,-,-,No,,"IPS LCD, 144Hz","12.1 inches, 424.5 cm 2","1600 x 2560 pixels, 16:10 ratio (~249 ppi density)",Corning Gorilla Glass,Android 14,Qualcomm SM8550-AB Snapdragon 8 Gen 2 (4 nm),Octa-core (1x3.2 GHz Cortex-X3 & 2x2.8 GHz Cortex-A715 & 2x2.8 GHz Cortex-A710 & 3x2.0 GHz Cortex-A510),Adreno 740,microSDXC (dedicated slot),"256GB 8GB RAM, 512GB 8GB RAM","13 MP, (wide), AF 13 MP, (wide), AF","LED flash, HDR, panorama, stereoscopic Al-powered 3D capture",1200p@30fps,,1200p@30fps,10000 mAh,66W wired,3D lightfield display Real-time 2D to 3D content conversion,,"Glass front, aluminum frame, aluminum back",UFS 4.0,Stereoscopic Al-powered 3D capture,,"8 MP, f.2,2, 105˚ (ultrawide) 8 MP, f.2,2, 105˚ (ultrawide)",
zte,https://www.gsmarena.com/zte_nubia_flip-12844.php,ZTE nubia Flip,Unfolded: 170 x 75.5 x 7.0 mm Folded: 87.6 x 75.5 x 15 mm,214 g (7.55 oz),· Nano-SIM + eSIM · Nano-SIM + Nano-SIM,,"Foldable OLED, 1B colors, 120Hz","6.9 inches, 110.7 cm 2 (~86.3% screen-to-body ratio)","1188 x 2790 pixels, 21:9 ratio (~439 ppi density)",,Android 13,Qualcomm SM7450-AB Snapdragon 7 Gen 1 (4 nm),Octa-core (1x2.4 GHz Cortex-A710 & 3x2.36 GHz Cortex-A710 & 4x1.8 GHz Cortex-A510),Adreno 644,No,"128GB 6GB RAM, 128GB 8GB RAM, 256GB 8GB RAM, 512GB 12GB RAM","50 MP, (wide), PDAF Auxiliary lens","LED flash, HDR, panorama","4K, 1080p","16 MP, (wide)",1080p@30fps,4310 mAh,"33W wired, PD3.0, PPS, QC4+, 50% in 18 min","Cover display: OLED, 1.43 inches, 466 x 466 pixels",,"Aluminum frame, glass back",,,,,
zte,https://www.gsmarena.com/zte_nubia_z60_ultra-12751.php,ZTE nubia Z60 Ultra,164 x 76.4 x 8.8 mm (6.46 x 3.01 x 0.35 in),246 g (8.68 oz),Nano-SIM + Nano-SIM,IP68 dust tight and water resistant (immersible up to 1.5m for 30 min),"AMOLED, 1B colors, 120Hz, HDR10, 1500 nits (peak)","6.8 inches, 111.6 cm 2 (~89.1% screen-to-body ratio)","1116 x 2480 pixels, 20:9 ratio (~400 ppi density)",,"Android 14, MyOS 14",Qualcomm SM8650-AB Snapdragon 8 Gen 3 (4 nm),Octa-core (1x3.3 GHz Cortex-X4 & 3x3.2 GHz Cortex-A720 & 2x3.0 GHz Cortex-A720 & 2x2.3 GHz Cortex-A520),Adreno 750,No,"256GB 8GB RAM, 256GB 12GB RAM, 512GB 12GB RAM, 512GB 16GB RAM, 1TB 16GB RAM, 1TB 24GB RAM",,"Laser AF, color spectrum sensor, Ring-LED, dual-tone flash, panorama, HDR","8K@30fps, 4K@30/60/120fps, 1080p@30/60fps, gyro-EIS, HDR10, 10‑bit video","12 MP, under display - International model 16 MP, f/2.0, 26mm (wide), 1/2.8"", 1.22µm, under display - China model",1080p@30fps,Li-Po 6000 mAh,"80W wired, PD3.0, QC4",,,"Glass front, aluminum frame, glass back",UFS 4.0,HDR,"50 MP, f/1.6, 35mm (standard), 1/1.49"", 1.0µm, PDAF, OIS 64 MP, f/3.3, 85mm (periscope telephoto), 1/2.0"", PDAF, OIS, 3.3x optical zoom (vs. 26mm cam) 50 MP, f/1.8, 18mm, 100˚ (ultrawide), 1/1.55"", PDAF, OIS",,
zte,https://www.gsmarena.com/zte_nubia_red_magic_9_pro+-12708.php,ZTE nubia RedMagic 9 Pro+,164 x 76.4 x 8.9 mm (6.46 x 3.01 x 0.35 in),229 g (8.08 oz),Nano-SIM + Nano-SIM,Pressure sensitive zones (520Hz touch-sensing) Built-in cooling fan Aviation aluminum middle frame,"AMOLED, 1B colors, 120Hz, 1600 nits (peak)","6.8 inches, 111.6 cm 2 (~89.1% screen-to-body ratio)","1116 x 2480 pixels, 20:9 ratio (~400 ppi density)",Corning Gorilla Glass 5,"Android 14, Redmagic OS 9",Qualcomm SM8650-AB Snapdragon 8 Gen 3 (4 nm),Octa-core (1x3.3 GHz Cortex-X4 & 3x3.2 GHz Cortex-A720 & 2x3.0 GHz Cortex-A720 & 2x2.3 GHz Cortex-A520),Adreno 750,No,"256GB 16GB RAM, 512GB 16GB RAM, 1TB 24GB RAM",,"LED flash, HDR, panorama","8K@30fps, 4K@30/60fps, 1080p@30/60/120/240fps","16 MP, f/2.0, (wide), 1.12µm, under display",1080p@30/60fps,Li-Ion 5500 mAh,"165W wired, PD3.0, 100% in 16 min",,,"Glass front (Gorilla Glass 5), aluminum frame, glass back",UFS 4.0,HDR,"50 MP, (wide), 1/1.57"", 1.0µm, PDAF, OIS 50 MP, f/2.2, (ultrawide), 1/2.76"", 0.64µm 2 MP (macro)",,
zte,https://www.gsmarena.com/zte_nubia_red_magic_9_pro-12709.php,ZTE nubia RedMagic 9 Pro,164 x 76.4 x 8.9 mm (6.46 x 3.01 x 0.35 in),229 g (8.08 oz),Nano-SIM + Nano-SIM,Pressure sensitive zones (520Hz touch-sensing) Built-in cooling fan Aviation aluminum middle frame,"AMOLED, 1B colors (China only), 120Hz, 1600 nits (peak)","6.8 inches, 111.6 cm 2 (~89.1% screen-to-body ratio)","1116 x 2480 pixels, 20:9 ratio (~400 ppi density)",Corning Gorilla Glass 5,"Android 14, Redmagic OS 9",Qualcomm SM8650-AB Snapdragon 8 Gen 3 (4 nm),Octa-core (1x3.3 GHz Cortex-X4 & 3x3.2 GHz Cortex-A720 & 2x3.0 GHz Cortex-A720 & 2x2.3 GHz Cortex-A520),Adreno 750,No,"256GB 8GB RAM, 256GB 12GB RAM, 512GB 12GB RAM, 512GB 16GB RAM",,"LED flash, HDR, panorama","8K@30fps, 4K@30/60fps, 1080p@30/60/120/240fps","16 MP, f/2.0, (wide), 1.12µm, under display",1080p@30/60fps,6500 mAh,"80W wired, PD3.0, 100% in 35 min",,,"Glass front (Gorilla Glass 5), aluminum frame, glass back",UFS 4.0,HDR,"50 MP, (wide), 1/1.57"", 1.0µm, PDAF, OIS 50 MP, f/2.2, (ultrawide), 1/2.76"", 0.64µm 2 MP (macro)",,
zte,https://www.gsmarena.com/zte_blade_v50_design_4g-12712.php,ZTE Blade V50 Design 4G,165 x 76.1 x 8.3 mm (6.50 x 3.00 x 0.33 in),207 g (7.30 oz),Nano-SIM + Nano-SIM,,IPS LCD,"6.6 inches, 104.9 cm 2 (~83.6% screen-to-body ratio)","1080 x 2408 pixels, 20:9 ratio (~400 ppi density)",,Android 13,Unisoc T606 (12 nm),Octa-core (2x1.6 GHz Cortex-A75 & 6x1.6 GHz Cortex-A55),Mali-G57 MP1,microSDXC (dedicated slot),"128GB 8GB RAM, 256GB 4GB RAM, 256GB 8GB RAM",,"LED flash, HDR, panorama",1080p@30fps,"8 MP, f/2.0, (wide)",1080p@30fps,Li-Po 5000 mAh,22.5W wired,,,"Glass front, plastic frame, glass back",,,"50 MP, f/1.8, (wide), PDAF 2 MP (macro) Auxiliary lens",,
zte,https://www.gsmarena.com/zte_blade_v50_vita-12692.php,ZTE Blade V50 Vita,167.4 x 76 x 8.3 mm (6.59 x 2.99 x 0.33 in),204 g (7.20 oz),Nano-SIM + Nano-SIM,,"IPS LCD, 90Hz","6.75 inches, 110.0 cm 2 (~86.5% screen-to-body ratio)","720 x 1600 pixels, 20:9 ratio (~260 ppi density)",,Android 13,Unisoc T606 (12 nm),Octa-core (2x1.6 GHz Cortex-A75 & 6x1.6 GHz Cortex-A55),Mali-G57 MP1,microSDXC,256GB 4GB RAM,,"LED flash, HDR, panorama",1080p@30fps,"8 MP, (wide)",1080p@30fps,Li-Po 5200 mAh,18W wired,,,,,,"50 MP, (wide), PDAF 2 MP (macro) Auxiliary lens",,
zte,https://www.gsmarena.com/zte_blade_v50-12613.php,ZTE Blade V50,161.9 x 72.8 x 8 mm (6.37 x 2.87 x 0.31 in),178 g (6.28 oz),Nano-SIM + Nano-SIM,,"AMOLED, 120Hz","6.67 inches, 107.4 cm 2 (~91.1% screen-to-body ratio)","1080 x 2400 pixels, 20:9 ratio (~395 ppi density)",,Android 13,,Octa-core,,No,256GB 6GB RAM,,"LED flash, HDR, panorama",1080p@30fps,"16 MP, f/2.0, (wide)",1080p@30fps,Li-Po 4800 mAh,33W wired,,,,,,"50 MP, f/1.8, (wide), PDAF 2 MP (macro) Auxiliary lens",,
zte,https://www.gsmarena.com/zte_blade_v50_design-12615.php,ZTE Blade V50 Design,8.0 mm thickness,-,Nano-SIM + Nano-SIM,,"IPS LCD, 90Hz","6.6 inches, 104.9 cm 2","1080 x 2408 pixels, 20:9 ratio (~400 ppi density)",,Android 13,Unisoc T760 (6 nm),Octa-core (1x2.2 GHz Cortex-A76 & 3x Cortex-A76 & 4x Cortex-A55),Mali-G57,No,128GB 4GB RAM,"50 MP, f/1.8, (wide), PDAF Auxiliary lens","LED flash, HDR, panorama",1080p@30fps,"8 MP, (wide)",1080p@30fps,Li-Po 4500 mAh,22.5W wired,,,,,,,,
zte,https://www.gsmarena.com/zte_blade_a54-12769.php,ZTE Blade A54,164 x 75.8 x 8.5 mm (6.46 x 2.98 x 0.33 in),185 g (6.53 oz),Nano-SIM + Nano-SIM,,"IPS LCD, 90Hz","6.6 inches, 104.6 cm 2 (~84.2% screen-to-body ratio)","720 x 1612 pixels, 20:9 ratio (~267 ppi density)",,Android 13,Unisoc SC9863A (28 nm),Octa-core (4x1.6 GHz Cortex-A55 & 4x1.2 GHz Cortex-A55),IMG8322,microSDXC (dedicated slot),"64GB 4GB RAM, 128GB 4GB RAM",,"LED flash, HDR",1080p@30fps,2 MP (interpolated to 5 MP),Yes,5000 mAh,,,"13 MP, (wide), AF Auxiliary lens",,,,,,
zte,https://www.gsmarena.com/zte_blade_a73-12612.php,ZTE Blade A73,165 x 76.1 x 8.4 mm (6.50 x 3.00 x 0.33 in),190 g (6.70 oz),Nano-SIM + Nano-SIM,,"IPS LCD, 90Hz","6.6 inches, 104.6 cm 2 (~83.3% screen-to-body ratio)","720 x 1612 pixels, 20:9 ratio (~267 ppi density)",,Android 13,Unisoc T606 (12 nm),Octa-core (2x1.6 GHz Cortex-A75 & 6x1.6 GHz Cortex-A55),Mali-G57 MP1,microSDXC (uses shared SIM slot),128GB 4GB RAM,"50 MP, f/1.8, (wide), AF Auxiliary lens",LED flash,1080p@30fps,5 MP,720p@30fps,Li-Ion 5000 mAh,22.5W wired,,,,,,,,
zte,https://www.gsmarena.com/zte_blade_a73_5g-12611.php,ZTE Blade A73 5G,163.5 x 75.2 x 8.5 mm (6.44 x 2.96 x 0.33 in),197 g (6.95 oz),Nano-SIM + Nano-SIM,,"IPS LCD, 90Hz","6.52 inches, 102.6 cm 2 (~83.5% screen-to-body ratio)","720 x 1600 pixels, 20:9 ratio (~269 ppi density)",,Android 13,Unisoc T760 (6 nm),Octa-core (1x2.2 GHz Cortex-A76 & 3x Cortex-A76 & 4x Cortex-A55),Mali-G57,No,128GB 4GB RAM,"50 MP (13 MP in Asia), (wide), AF Auxiliary lens",LED flash,1080p@30fps,5 MP,1080p@30fps,Li-Ion 5000 mAh,,,,,,,,,
zte,https://www.gsmarena.com/zte_nubia_neo-12435.php,ZTE nubia Neo,163.7 x 75 x 8 mm (6.44 x 2.95 x 0.31 in),192 g (6.77 oz),Nano-SIM + Nano-SIM,,"IPS LCD, 120Hz","6.6 inches, 104.9 cm 2 (~85.5% screen-to-body ratio)","1080 x 2408 pixels, 20:9 ratio (~400 ppi density)",,Android 13,Unisoc T820 (6 nm),Octa-core (1x2.7 GHz Cortex-A76 & 3x2.3 GHz Cortex-A76 & 4x2.1 GHz Cortex-A55),Mali-G57,Unspecified,256GB 8GB RAM,"50 MP, f/1.8, 26mm (wide), PDAF Auxiliary lens","LED flash, HDR, panorama",1080p@30fps,"8 MP, f/2.0, (wide)",1080p@30fps,Li-Ion 4500 mAh,22.5W wired,,,,,,,,
zte,https://www.gsmarena.com/zte_nubia_z50s_pro-12428.php,ZTE nubia Z50S Pro,163.9 x 76.3 x 8.3 mm (6.45 x 3.00 x 0.33 in),228 g (8.04 oz),Nano-SIM + Nano-SIM,,"AMOLED, 1B colors, 120Hz, 1200 nits (peak)","6.8 inches, 111.6 cm 2 (~89.3% screen-to-body ratio)","1260 x 2800 pixels, 20:9 ratio (~452 ppi density)",,"Android 13, MyOS 13, no planned android upgrades",Qualcomm SM8550-AC Snapdragon 8+ Gen 2 (4 nm),Octa-core (1x3.36 GHz Cortex-X3 & 2x2.8 GHz Cortex-A715 & 2x2.8 GHz Cortex-A710 & 3x2.0 GHz Cortex-A510),Adreno 740 (719 MHz),No,"256GB 12GB RAM, 1TB 12GB RAM, 1TB 16GB RAM","50 MP, f/1.6, 35mm (standard), 1/1.49"", 1.0µm, PDAF, OIS 8 MP, f/2.4, 80mm (telephoto), 1/4.4"", PDAF, OIS, optical zoom 50 MP, f/2.0, 13mm, 125˚ (ultrawide), 1/2.88"", 0.61µm, AF","Dual-LED dual-tone flash, HDR, panorama","8K@30fps, 4K@30/60/120fps, 1080p, gyro-EIS, 10-bit","16 MP, f/2.5, 26mm (wide), 1/3.06"", 1.0µm",1080p@30fps,Li-Po 5100 mAh,80W wired,,,"Glass front, silicone polymer back (eco leather), aluminum frame",UFS 4.0 - 256GB UFS 3.1 - 1TB,,,,
zte,https://www.gsmarena.com/zte_nubia_red_magic_tablet-12402.php,ZTE nubia RedMagic Tablet,279.7 x 181.9 x 6.5 mm (11.01 x 7.16 x 0.26 in),613 g (1.35 lb),Nano-SIM,,"IPS LCD, 1B colors, 144Hz, 600 nits (peak)","12.1 inches, 424.5 cm 2 (~83.4% screen-to-body ratio)","1600 x 2560 pixels, 16:10 ratio (~249 ppi density)",,"Android 13, Redmagic OS 8",Qualcomm SM8475 Snapdragon 8+ Gen 1 (4 nm),Octa-core (1x3.0 GHz Cortex-X2 & 3x2.5 GHz Cortex-A710 & 4x1.8 GHz Cortex-A510),Adreno 730,No,"256GB 12GB RAM, 512GB 16GB RAM",,"LED flash, HDR, panorama",1080p@30fps,16 MP,1080p@30fps,Li-Po 10000 mAh,"80W wired, 50% in 24 min, 100% in 55 min",,"13 MP, AF","Glass front, aluminum frame, aluminum back",UFS 3.1,,,,
zte,https://www.gsmarena.com/zte_nubia_red_magic_8s_pro+-12399.php,ZTE nubia RedMagic 8S Pro+,164 x 76.4 x 8.9 mm (6.46 x 3.01 x 0.35 in),230 g (8.11 oz),Nano-SIM + Nano-SIM,Pressure sensitive zones (520Hz touch-sensing) Built-in cooling fan Aviation aluminum middle frame,"AMOLED, 1B colors (China only), 120Hz, 1300 nits (peak)","6.8 inches, 111.6 cm 2 (~89.1% screen-to-body ratio)","1116 x 2480 pixels, 20:9 ratio (~400 ppi density)",Corning Gorilla Glass 5,"Android 13, Redmagic OS 8",Qualcomm SM8550-AC Snapdragon 8 Gen 2 (4 nm),Octa-core (1x3.36 GHz Cortex-X3 & 2x2.8 GHz Cortex-A715 & 2x2.8 GHz Cortex-A710 & 3x2.0 GHz Cortex-A510),Adreno 740 (719 MHz),No,"256GB 16GB RAM, 512GB 16GB RAM, 1TB 16GB RAM, 1TB 24GB RAM",,"LED flash, HDR, panorama","8K@30fps, 4K@30/60fps, 1080p@30/60/120/240fps","16 MP, f/2.0, (wide), 1.12µm, under display",1080p@30/60fps,Li-Po 5000 mAh,"165W wired, PD3.0, 100% in 14 min",,,"Glass front (Gorilla Glass 5), glass back, aluminum frame",UFS 4.0,HDR,"50 MP, f/1.9, 25mm (wide), 1/1.57"", 1.0µm, PDAF 8 MP, f/2.2, 120˚, 13mm (ultrawide), 1/4.0"",  1.12µm 2 MP (macro)",,
zte,https://www.gsmarena.com/zte_nubia_red_magic_8s_pro-12398.php,ZTE nubia RedMagic 8S Pro,164 x 76.4 x 9.5 mm (6.46 x 3.01 x 0.37 in),228 g (8.04 oz),Nano-SIM + Nano-SIM,Pressure sensitive zones (520Hz touch-sensing) Built-in cooling fan Aviation aluminum middle frame,"AMOLED, 1B colors (China only), 120Hz, 1300 nits (peak)","6.8 inches, 111.6 cm 2 (~89.1% screen-to-body ratio)","1116 x 2480 pixels, 20:9 ratio (~400 ppi density)",Corning Gorilla Glass 5,"Android 13, Redmagic OS 8",Qualcomm SM8550-AC Snapdragon 8 Gen 2 (4 nm),Octa-core (1x3.36 GHz Cortex-X3 & 2x2.8 GHz Cortex-A715 & 2x2.8 GHz Cortex-A710 & 3x2.0 GHz Cortex-A510),Adreno 740 (719 MHz),No,"128GB 8GB RAM, 256GB 8GB RAM, 256GB 12GB RAM, 512GB 12GB RAM, 512GB 16GB RAM",,"LED flash, HDR, panorama","8K@30fps, 4K@30/60fps, 1080p@30/60/120/240fps","16 MP, f/2.0, (wide), 1.12µm, under display",1080p@30/60fps,Li-Po 6000 mAh,"80W wired, PD3.0, 100% in 35 min (China) 65W wired, PD3.0, 100% in 40 min (International)",,,"Glass front (Gorilla Glass 5), glass back, aluminum frame",UFS 4.0,HDR,"50 MP, f/1.9, 25mm (wide), 1/1.57"", 1.0µm, PDAF 8 MP, f/2.2, 120˚, 13mm (ultrawide), 1/4.0"",  1.12µm 2 MP (macro)",,
zte,https://www.gsmarena.com/zte_blade_a53_pro-13552.php,ZTE Blade A53 Pro,164 x 75.8 x 8.7 mm (6.46 x 2.98 x 0.34 in),-,Nano-SIM + Nano-SIM,,IPS LCD,"6.52 inches, 102.6 cm 2 (~82.6% screen-to-body ratio)","720 x 1600 pixels, 20:9 ratio (~269 ppi density)",,Android 12,Unisoc SC9863A1 (22 nm),Octa-core (4x1.6 GHz Cortex-A55 & 4x1.2 GHz Cortex-A55),IMG8322,microSDXC (uses shared SIM slot),64GB 4GB RAM,"13 MP, AF Auxiliary lens",LED flash,1080p@30fps,5 MP,Yes,5000 mAh,10W wired,,,,,,,,
zte,https://www.gsmarena.com/zte_blade_a53-13551.php,ZTE Blade A53,165.7 x 76.4 x 9.1 mm (6.52 x 3.01 x 0.36 in),-,Nano-SIM + Nano-SIM,,IPS LCD,"6.52 inches, 102.6 cm 2 (~81.1% screen-to-body ratio)","720 x 1600 pixels, 20:9 ratio (~269 ppi density)",,Android 12 (Go edition),Unisoc SC9863A1 (22 nm),Octa-core (4x1.6 GHz Cortex-A55 & 4x1.2 GHz Cortex-A55),IMG8322,microSDXC (uses shared SIM slot),32GB 2GB RAM,,LED flash,1080p@30fps,5 MP,Yes,4000 mAh,10W wired,,"8 MP, AF",,,,,,
zte,https://www.gsmarena.com/zte_blade_a72s-12455.php,ZTE Blade A72s,168 x 77.5 x 8.6 mm (6.61 x 3.05 x 0.34 in),198 g (6.98 oz),Nano-SIM + Nano-SIM,,"IPS LCD, 90Hz","6.75 inches, 110.0 cm 2 (~84.5% screen-to-body ratio)","720 x 1600 pixels, 20:9 ratio (~260 ppi density)",,Android 12,Unisoc T606 (12 nm),Octa-core (2x1.6 GHz Cortex-A75 & 6x1.6 GHz Cortex-A55),Mali-G57 MP1,microSDXC,128GB 3GB RAM,,LED flash,1080p@30fps,5 MP,720p@30fps,Li-Ion 5000 mAh,22.5W wired,,,,UFS 2.2,,"50 MP, (wideo), AF 2 MP (macro) Auxiliary lens",,
zte,https://www.gsmarena.com/zte_v70-12341.php,ZTE V70,163.9 x 76.2 x 8.3 mm (6.45 x 3.00 x 0.33 in),192 g (6.77 oz),Nano-SIM + Nano-SIM,,"AMOLED, 1B colors","6.67 inches, 107.4 cm 2 (~86.0% screen-to-body ratio)","1080 x 2400 pixels, 20:9 ratio (~395 ppi density)",,"Android 11, MyOS 11.5",Mediatek Dimensity 810 (6 nm),Octa-core (2x2.4 GHz Cortex-A76 & 6x2.0 GHz Cortex-A55),Mali-G57 MC2,No,256GB 8GB RAM,,"LED flash, HDR, panorama",1080p@30fps,"16 MP, (wide)",1080p@30fps,Li-Po 5100 mAh,"66W wired, 50% in 15 min",,,,,,"64 MP, f/1.8, 25mm (wide), PDAF 8 MP, f/2.2, 16mm, 120˚ (ultrawide) 5 MP (macro)",,
zte,https://www.gsmarena.com/zte_axon_50_ultra-12228.php,ZTE Axon 50 Ultra,161.8 x 73.1 x 8.9 mm (6.37 x 2.88 x 0.35 in),199 g (7.02 oz),Nano-SIM + Nano-SIM,IP54 dust protected and water resistant (water splashes),"AMOLED, 1B colors, 144Hz","6.67 inches, 107.4 cm 2 (~90.8% screen-to-body ratio)","1080 x 2400 pixels, 20:9 ratio (~395 ppi density)",,"Android 12, MyOS 12",Qualcomm SM8475 Snapdragon 8+ Gen 1 (4 nm),Octa-core (1x3.0 GHz Cortex-X2 & 3x2.75 GHz Cortex-A710 & 4x2.0 GHz Cortex-A510),Adreno 730,No,"256GB 12GB RAM, 512GB 12GB RAM",,"Laser AF, Dual-LED dual-tone flash, panorama, HDR","8K@30fps, 4K@30/60/120fps, 1080p@30/60fps, gyro-EIS, HDR10, 10‑bit video","32 MP, f/2.5, (wide)",1080p@30fps,Li-Po 5000 mAh,"80W wired, PD3.0, QC4",,,,UFS 3.1,HDR,"64 MP, f/1.9, 24mm (wide), 1/1.73"", 0.8µm, PDAF, OIS 50 MP, f/2.0, (telephoto), PDAF, 3x optical zoom 50 MP, f/2.2, 116˚ (ultrawide), PDAF",,
zte,https://www.gsmarena.com/zte_axon_pad-12229.php,ZTE Axon Pad,279 x 181 x 6.5 mm (10.98 x 7.13 x 0.26 in),605 g (1.33 lb),Nano-SIM,Stylus support,"IPS LCD, 1B colors, 120Hz","12.1 inches, 424.5 cm 2 (~84.1% screen-to-body ratio)","1600 x 2560 pixels, 16:10 ratio (~249 ppi density)",,"Android 13, MyOS 13",Qualcomm SM8475 Snapdragon 8+ Gen 1 (4 nm),Octa-core (1x3.0 GHz Cortex-X2 & 3x2.5 GHz Cortex-A710 & 4x1.8 GHz Cortex-A510),Adreno 730,No,"256GB 8GB RAM, 512GB 12GB RAM",,"LED flash, HDR, panorama",1080p@30fps,16 MP,1080p@30fps,Li-Po 10000 mAh,80W wired,,"13 MP, AF",,UFS 3.1,,,,
zte,https://www.gsmarena.com/zte_nubia_z50_ultra-12157.php,ZTE nubia Z50 Ultra,163.9 x 76.3 x 8.3 mm (6.45 x 3.00 x 0.33 in),228 g (8.04 oz),Nano-SIM + Nano-SIM,,"AMOLED, 1B colors, 120Hz, HDR10+, 1500 nits (peak)","6.8 inches, 111.6 cm 2 (~89.3% screen-to-body ratio)","1116 x 2480 pixels, 20:9 ratio (~400 ppi density)",,"Android 13, MyOS 13",Qualcomm SM8550-AB Snapdragon 8 Gen 2 (4 nm),Octa-core (1x3.2 GHz Cortex-X3 & 2x2.8 GHz Cortex-A715 & 2x2.8 GHz Cortex-A710 & 3x2.0 GHz Cortex-A510),Adreno 740,No,"256GB 8GB RAM, 256GB 12GB RAM, 512GB 12GB RAM, 1TB 16GB RAM",,"Laser AF, Ring-LED, dual-tone flash, panorama, HDR","8K@30fps, 4K@30/60/120fps, 1080p@30/60fps, gyro-EIS, HDR10, 10‑bit video","16 MP, f/2.0, 26mm (wide), 1/2.8"", 1.22µm, under display",1080p@30fps,Li-Po 5000 mAh,"80W wired, PD3.0, QC4",,,,UFS 4.0,HDR,"64 MP, f/1.6, 35mm (standard), 1/1.73"", 0.8µm, PDAF, OIS 64 MP, f/3.3, 85mm (periscope telephoto), 1/2.0"", PDAF, OIS, 3.3x optical zoom (vs. 26mm cam) 50 MP, f/2.X, 14mm, 116˚ (ultrawide), PDAF",,
zte,https://www.gsmarena.com/zte_nubia_pad_3d-12152.php,ZTE nubia Pad 3D,285 x 190 x 8.5 mm (11.22 x 7.48 x 0.33 in),780 g (1.72 lb),No,,"IPS LCD, 120Hz","12.4 inches, 445.8 cm 2 (~82.3% screen-to-body ratio)","1600 x 2560 pixels, 16:10 ratio (~243 ppi density)",Corning Gorilla Glass,Android 12L,Qualcomm SM8350 Snapdragon 888 5G (5 nm),Octa-core (1x2.84 GHz Cortex-X1 & 3x2.42 GHz Cortex-A78 & 4x1.80 GHz Cortex-A55),Adreno 660,microSDXC (dedicated slot),"128GB 8GB RAM, 256GB 8GB RAM","16 MP, f/1.9, 27mm (wide), AF 16 MP, f/1.9, 27mm (wide), AF","LED flash, HDR, panorama, stereoscopic Al-powered 3D capture",1200p@30fps,,1200p@30fps,9070 mAh,33W wired,3D lightfield display Real-time 2D to 3D content conversion,,"Glass front, aluminum frame, aluminum back",UFS 3.1,Stereoscopic Al-powered 3D capture,,"8 MP, f.2,2, 105˚ (ultrawide) 8 MP, f.2,2, 105˚ (ultrawide)",
zte,https://www.gsmarena.com/zte_blade_v40-12104.php,ZTE Blade V40,-,-,Nano-SIM + Nano-SIM,,IPS LCD,"6.67 inches, 107.4 cm 2","1080 x 2400 pixels, 20:9 ratio (~395 ppi density)",,Android 12,Mediatek Dimensity 700 (7 nm),Octa-core (2x2.2 GHz Cortex-A76 & 6x2.0 GHz Cortex-A55),Mali-G57 MC2,microSDXC,128GB 6GB RAM,,"Dual-LED dual-tone flash, HDR, panorama",1080p@30fps,"8 MP, f/2.0, (wide)",1080p@30fps,Li-Po 6000 mAh,22.5W wired,,,,,,"48 MP, f/1.8, (wide), PDAF 2 MP (macro) Auxiliary lens",,
zte,https://www.gsmarena.com/zte_blade_v40_design-12096.php,ZTE Blade V40 Design,163 x 74 x 8 mm (6.42 x 2.91 x 0.31 in),183.4 g (6.46 oz),Nano-SIM + Nano-SIM,,IPS LCD,"6.6 inches, 104.9 cm 2 (~87.0% screen-to-body ratio)","1080 x 2408 pixels, 20:9 ratio (~400 ppi density)",,"Android 12, MyOS 12",Unisoc Tiger T616 (12 nm),Octa-core (2x2.0 GHz Cortex-A75 & 6x1.8 GHz Cortex-A55),Mali-G57 MP1,microSDXC (dedicated slot),"128GB 4GB RAM, 128GB 6GB RAM",,"LED flash, HDR, panorama",1080p@30fps,"8 MP, (wide)",1080p@30fps,Li-Po 4500 mAh,22.5W wired,,,,UFS 2.2,,"50 MP, f/1.8, (wide), PDAF 2 MP (macro) Auxiliary lens",,
zte,https://www.gsmarena.com/zte_nubia_red_magic_8_pro+-12042.php,ZTE nubia RedMagic 8 Pro+,164 x 76.4 x 8.9 mm (6.46 x 3.01 x 0.35 in),230 g (8.11 oz),Nano-SIM + Nano-SIM,Pressure sensitive zones (520Hz touch-sensing) Built-in cooling fan Aviation aluminum middle frame,"AMOLED, 1B colors, 120Hz, 1300 nits (peak)","6.8 inches, 111.6 cm 2 (~89.1% screen-to-body ratio)","1116 x 2480 pixels, 20:9 ratio (~400 ppi density)",Unspecified,"Android 13, Redmagic OS 6",Qualcomm SM8550-AB Snapdragon 8 Gen 2 (4 nm),Octa-core (1x3.2 GHz Cortex-X3 & 2x2.8 GHz Cortex-A715 & 2x2.8 GHz Cortex-A710 & 3x2.0 GHz Cortex-A510),Adreno 740,No,"256GB 12GB RAM, 512GB 16GB RAM, 1TB 16GB RAM",,"LED flash, HDR, panorama","8K@30fps, 4K@30/60fps, 1080p@30/60/120/240fps","16 MP, f/2.0, (wide), 1.12µm, under display",1080p@30/60fps,Li-Po 5000 mAh,"165W wired, PD3.0, 100% in 14 min",,,"Glass front, glass back, aluminum frame",UFS 4.0,HDR,"50 MP, f/1.9, 25mm (wide), 1/1.57"", 1.0µm, PDAF 8 MP, f/2.2, 120˚, 13mm (ultrawide), 1/4.0"",  1.12µm 2 MP (macro)",,
zte,https://www.gsmarena.com/zte_nubia_red_magic_8_pro-12015.php,ZTE nubia RedMagic 8 Pro,164 x 76.4 x 8.9 mm (6.46 x 3.01 x 0.35 in),228 g (8.04 oz),Nano-SIM + Nano-SIM,Pressure sensitive zones (520Hz touch-sensing) Built-in cooling fan Aviation aluminum middle frame,"AMOLED, 1B colors (China only), 120Hz, 1300 nits (peak)","6.8 inches, 111.6 cm 2 (~89.1% screen-to-body ratio)","1116 x 2480 pixels, 20:9 ratio (~400 ppi density)",Corning Gorilla Glass 5,"Android 13, Redmagic OS 6",Qualcomm SM8550-AB Snapdragon 8 Gen 2 (4 nm),Octa-core (1x3.2 GHz Cortex-X3 & 2x2.8 GHz Cortex-A715 & 2x2.8 GHz Cortex-A710 & 3x2.0 GHz Cortex-A510),Adreno 740,No,"128GB 8GB RAM, 256GB 8GB RAM, 256GB 12GB RAM, 512GB 16GB RAM",,"LED flash, HDR, panorama","8K@30fps, 4K@30/60fps, 1080p@30/60/120/240fps","16 MP, f/2.0, (wide), 1.12µm, under display",1080p@30/60fps,Li-Po 6000 mAh,"80W wired, PD3.0, 100% in 35 min - China 65W wired, PD3.0, 100% in 43 min - International",,,"Glass front (Gorilla Glass 5), glass back, aluminum frame",UFS 4.0,HDR,"50 MP, f/1.9, 25mm (wide), 1/1.57"", 1.0µm, PDAF 8 MP, f/2.2, 120˚, 13mm (ultrawide), 1/4.0"",  1.12µm 2 MP (macro)",,
zte,https://www.gsmarena.com/zte_nubia_z50-12031.php,ZTE nubia Z50,162.9 x 72.9 x 8.5 mm or 8.7 mm,197 g or 199 g (6.95 oz),Nano-SIM + Nano-SIM,,"AMOLED, 1B colors, 144Hz, HDR10+, 1000 nits","6.67 inches, 107.4 cm 2 (~90.4% screen-to-body ratio)","1080 x 2400 pixels, 20:9 ratio (~395 ppi density)",,"Android 13, MyOS 13",Qualcomm SM8550-AB Snapdragon 8 Gen 2 (4 nm),Octa-core (1x3.2 GHz Cortex-X3 & 2x2.8 GHz Cortex-A715 & 2x2.8 GHz Cortex-A710 & 3x2.0 GHz Cortex-A510),Adreno 740,No,"128GB 8GB RAM, 256GB 8GB RAM, 256GB 12GB RAM, 512GB 12GB RAM, 1TB 16GB RAM","64 MP, f/1.6, 35mm (standard), 1/1.7"", PDAF, OIS 50 MP, f/2.2, 14mm, 116˚ (ultrawide), AF","Ring-LED flash (4 LEDs), panorama, HDR","8K, 4K","16 MP, (wide)",1080p@30fps,Li-Po 5000 mAh,80W wired,,,"Glass front, aluminum frame, glass back or eco leather back",UFS 4.0 UFS 3.1 (128GB only),HDR,,,
zte,https://www.gsmarena.com/zte_blade_v41_vita-12018.php,ZTE Blade V41 Vita,-,-,Nano-SIM + Nano-SIM,,"IPS LCD, 90Hz","6.6 inches, 104.9 cm 2","1080 x 2408 pixels, 20:9 ratio (~400 ppi density)",,"Android 12, MyOS 12",Mediatek Dimensity 810 (6 nm),Octa-core (2x2.4 GHz Cortex-A76 & 6x2.0 GHz Cortex-A55),Mali-G57 MC2,microSDXC (dedicated slot),128GB 6GB RAM,,"LED flash, HDR, panorama",1080p@30fps,"8 MP, (wide)",1080p@30fps,Li-Po 4500 mAh,22.5W wired,,,,UFS 2.2,,"50 MP, f/1.8, (wide), PDAF 2 MP (macro) Auxiliary lens",,
zte,https://www.gsmarena.com/zte_voyage_40_pro+-12006.php,ZTE Voyage 40 Pro+,163.5 x 75.8 x 7.6 mm (6.44 x 2.98 x 0.30 in),192.5 g (6.81 oz),Nano-SIM + Nano-SIM,,"AMOLED, 770 nits (HBM)","6.67 inches, 107.4 cm 2 (~86.7% screen-to-body ratio)","1080 x 2400 pixels, 20:9 ratio (~395 ppi density)",,"Android 12, MyOS 12",Mediatek Dimensity 810 (6 nm),Octa-core (2x2.4 GHz Cortex-A76 & 6x2.0 GHz Cortex-A55),Mali-G57 MC2,microSDXC,256GB 8GB RAM,,"LED flash, HDR, panorama","4K@30fps, 1080p@30ps","16 MP, f/2.0, (wide)",1080p@30fps,Li-Po 4510 mAh,"66W wired, 55% in 15 min",,,,,,,,"64 MP, f/1.8, (wide), PDAF 5 MP (macro) Auxiliary lens"
zte,https://www.gsmarena.com/zte_axon_40_ultra_space_edition-12005.php,ZTE Axon 40 Ultra Space Edition,163.3 x 73.6 x 8.4 mm (6.43 x 2.90 x 0.33 in),204 g (7.20 oz),Nano-SIM + Nano-SIM,,"AMOLED, 1B colors, 120Hz, HDR10+, 1500 nits (peak)","6.8 inches, 111.6 cm 2 (~92.9% screen-to-body ratio)","1116 x 2480 pixels, 20:9 ratio (~400 ppi density)",,"Android 12, MyOS 12",Qualcomm SM8450 Snapdragon 8 Gen 1 (4 nm),Octa-core (1x3.00 GHz Cortex-X2 & 3x2.50 GHz Cortex-A710 & 4x1.80 GHz Cortex-A510),Adreno 730,No,"512GB 12GB RAM, 1TB 18GB RAM",,"Laser AF, Dual-LED dual-tone flash, panorama, HDR","8K@30fps, 4K@30/60/120fps, 1080p@30/60fps, gyro-EIS, HDR10, 10‑bit video","16 MP, f/2.0, 26mm (wide), 1/2.8"", 1.22µm, under display",1080p@30fps,Li-Po 5000 mAh,"80W wired, PD3.0, QC4",,,"Glass front, ceramic back, aluminum frame",UFS 3.1,HDR,"64 MP, f/1.6, 35mm (standard), 1/1.7"", PDAF, OIS 64 MP, f/3.5, 91mm (periscope telephoto), 1/2.0"", PDAF, OIS, 3.5x optical zoom (vs. 26mm cam) 64 MP, f/2.4, 16mm, 112˚ (ultrawide), 1/1.7"", PDAF",,
zte,https://www.gsmarena.com/zte_axon_40_se-11944.php,ZTE Axon 40 SE,163.5 x 75.8 x 7.6 mm (6.44 x 2.98 x 0.30 in),182 g (6.42 oz),Nano-SIM + Nano-SIM,,AMOLED,"6.67 inches, 107.4 cm 2 (~86.7% screen-to-body ratio)","1080 x 2400 pixels, 20:9 ratio (~395 ppi density)",,"Android 12, MyOS 12",Unisoc UMS512T T618 (12 nm),Octa-core (2x2.0 GHz Cortex-A75 & 6x2.0 GHz Cortex-A55),Mali-G52 MP2,microSDXC (dedicated slot),128GB 4GB RAM,,"LED flash, HDR, panorama",1080p@30fps,"8 MP, f/2.0, (wide)",1080p@30fps,Li-Ion 4500 mAh,22.5W wired,,,,,,"50 MP, f/1.8, 26mm (wide), PDAF 5 MP (macro) Auxiliary lens",,
zte,https://www.gsmarena.com/zte_blade_v40s-11917.php,ZTE Blade V40s,163.5 x 75.8 x 7.6 mm (6.44 x 2.98 x 0.30 in),184 g (6.49 oz),Nano-SIM + Nano-SIM,,AMOLED,"6.67 inches, 107.4 cm 2 (~86.7% screen-to-body ratio)","1080 x 2400 pixels, 20:9 ratio (~395 ppi density)",,"Android 12, MyOS 12",Unisoc UMS512T T618 (12 nm),Octa-core (2x2.0 GHz Cortex-A75 & 6x2.0 GHz Cortex-A55),Mali-G52 MP2,microSDXC (dedicated slot),128GB 6GB RAM,,"LED flash, HDR, panorama",1080p@30fps,"8 MP, f/2.0, (wide)",1080p@30fps,Li-Ion 4500 mAh,22.5W wired,,,,UFS 2.2,,"50 MP, f/1.8, 26mm (wide), PDAF 5 MP (macro) Auxiliary lens",,
zte,https://www.gsmarena.com/zte_axon_30s-11901.php,ZTE Axon 30S,170.2 x 77.8 x 7.8 mm (6.70 x 3.06 x 0.31 in),189 g (6.67 oz),Nano-SIM + Nano-SIM,,"AMOLED, 1B colors, 120Hz","6.92 inches, 107.0 cm 2 (~80.8% screen-to-body ratio)",1080 x 2460 pixels (~400 ppi density),Corning Gorilla Glass,"Android 12, MyOS 12",Qualcomm SM8250-AC Snapdragon 870 5G (7 nm),Octa-core (1x3.2 GHz Kryo 585 & 3x2.42 GHz Kryo 585 & 4x1.80 GHz Kryo 585),Adreno 650,microSDXC (uses shared SIM slot),"128GB 8GB RAM, 256GB 12GB RAM",,"Dual-LED flash, HDR, panorama","4K@30/60fps, 1080p@30fps, gyro-EIS, HDR, 10‑bit video","16 MP, f/2.5, (wide), under display",1080p@30fps,Li-Ion 4200 mAh,"55W wired, PD, QC4",,,"Glass front, plastic back, plastic frame",UFS 3.1,HDR,,,"64 MP, f/1.8, 25mm (wide), 1/1.73"", 0.8µm, PDAF 8 MP, f/2.2, 120˚, 16mm (ultrawide) 5 MP (macro) Auxiliary lens"
zte,https://www.gsmarena.com/zte_nubia_z40s_pro-11698.php,ZTE nubia Z40S Pro,161.3 x 74 x 8.1 mm (6.35 x 2.91 x 0.32 in),205 g (7.23 oz),Nano-SIM + Nano-SIM,,"AMOLED, 1B colors, 144Hz, HDR10+, 1000 nits","6.67 inches, 107.4 cm 2 (~90.0% screen-to-body ratio)","1080 x 2400 pixels, 20:9 ratio (~395 ppi density)",,"Android 12, upgradable to Android 13, MyOS 13",Qualcomm SM8475 Snapdragon 8+ Gen 1 (4 nm),Octa-core (1x3.19 GHz Cortex-X2 & 3x2.75 GHz Cortex-A710 & 4x1.80 GHz Cortex-A510),Adreno 730,No,"128GB 8GB RAM, 256GB 8GB RAM, 256GB 12GB RAM, 512GB 12GB RAM, 1TB 18GB RAM",,"Dual-LED flash, panorama, HDR","8K, 4K@30/60/120fps, 1080p@30/60/120fps, gyro-EIS","16 MP, f/2.5, (wide)",Yes,Market-dependent versions: · Li-Po 5000 mAh (regular version) · Li-Po 4600 mAh (120W version),80W wired (regular version) 120W wired; 15W magnetic wireless (120W version),,,"Glass front, aluminum frame, glass back",UFS 3.1,HDR,"64 MP, f/1.6, 35mm (standard), 1/1.7"", PDAF, OIS 8 MP, f/3.4, 125mm (periscope telephoto), 1/4.0"", PDAF, OIS, 5x optical zoom 50 MP, f/2.2, 14mm, 116˚ (ultrawide), AF",,
zte,https://www.gsmarena.com/zte_nubia_red_magic_7s_pro-11649.php,ZTE nubia RedMagic 7S Pro,166.3 x 77.1 x 10 mm (6.55 x 3.04 x 0.39 in),235 g (8.29 oz),Nano-SIM + Nano-SIM,Pressure sensitive zones (520Hz touch-sensing) Built-in cooling fan Aviation aluminum middle frame,"AMOLED, 1B colors (China only), 120Hz, 600 nits","6.8 inches, 111.6 cm 2 (~87.1% screen-to-body ratio)","1080 x 2400 pixels, 20:9 ratio (~387 ppi density)",Corning Gorilla Glass 5,"Android 12, Redmagic 5.5",Qualcomm SM8475 Snapdragon 8+ Gen 1 (4 nm),Octa-core (1x3.19 GHz Cortex-X2 & 3x2.75 GHz Cortex-A710 & 4x1.80 GHz Cortex-A510),Adreno 730,No,"256GB 12GB RAM, 512GB 16GB RAM, 512GB 18GB RAM, 1TB 18GB RAM",,"LED flash, HDR, panorama","8K@30fps, 4K@30/60fps, 1080p@30/60/120/240fps","16 MP, (wide), under display",1080p@30/60fps,Li-Po 5000 mAh,"135W wired, PD3.0, 50% in 5 min, 100% in 15 min (China) 65W wired, PD3.0 (International)",,,"Glass front, glass back, aluminum frame",UFS 3.1,HDR,"64 MP, f/1.8, 26mm (wide), 1/1.97"", 0.7µm, PDAF 8 MP, f/2.2, 120˚, 13mm (ultrawide), 1/4.0"",  1.12µm 2 MP (macro)",,
zte,https://www.gsmarena.com/zte_nubia_red_magic_7s-11664.php,ZTE nubia RedMagic 7S,170.6 x 78.3 x 9.5 mm (6.72 x 3.08 x 0.37 in),215 g (7.58 oz),Nano-SIM + Nano-SIM,Pressure sensitive zones (520Hz touch-sensing) Built-in cooling fan Aviation aluminum middle frame,"AMOLED, 1B colors (China only), 165Hz, 700 nits (typ)","6.8 inches, 111.6 cm 2 (~83.6% screen-to-body ratio)","1080 x 2400 pixels, 20:9 ratio (~387 ppi density)",,"Android 12, Redmagic 5.5",Qualcomm SM8475 Snapdragon 8+ Gen 1 (4 nm),Octa-core (1x3.19 GHz Cortex-X2 & 3x2.75 GHz Cortex-A710 & 4x1.80 GHz Cortex-A510),Adreno 730,No,"128GB 8GB RAM, 128GB 12GB RAM, 256GB 12GB RAM, 512GB 16GB RAM",,"LED flash, HDR, panorama","8K@30fps, 4K@30/60fps, 1080p@30/60/120/240fps","8 MP, f/2.0, (wide), 1/4.0"", 1.12µm",1080p@30fps,Li-Po 4500 mAh,"120W wired, PD3.0, 100% in 17 min",,,"Glass front, glass back, aluminum frame",UFS 3.1,HDR,"64 MP, f/1.8, 26mm (wide), 1/1.97"", 0.7µm, PDAF 8 MP, f/2.0, 120˚, 13mm (ultrawide), 1/4.0"",  1.12µm 2 MP (macro)",,
zte,https://www.gsmarena.com/zte_blade_v40_pro-11660.php,ZTE Blade V40 Pro,163.9 x 76.2 x 8.3 mm (6.45 x 3.00 x 0.33 in),190 g (6.70 oz),Nano-SIM + Nano-SIM,,AMOLED,"6.67 inches, 107.4 cm 2 (~86.0% screen-to-body ratio)","1080 x 2400 pixels, 20:9 ratio (~395 ppi density)",,Android 11,Unisoc Tiger T618 (12 nm),Octa-core (2x2.0 GHz Cortex-A75 & 6x2.0 GHz Cortex-A55),Mali G52 MP2,No,128GB 6GB RAM,,"LED flash, HDR, panorama",1080p@30ps,16 MP,1080p@30fps,Li-Po 5100 mAh,"65W wired, 50% in 15 min",,,"Glass front, plastic back, plastic frame",,HDR,,,"64 MP, (wide), PDAF 2 MP (macro) Auxiliary lens"
zte,https://www.gsmarena.com/zte_blade_a72_5g-11958.php,ZTE Blade A72 5G,164 x 75.5 x 9.2 mm (6.46 x 2.97 x 0.36 in),211 g (7.44 oz),Nano-SIM + Nano-SIM,,"IPS LCD, 90Hz","6.52 inches, 102.6 cm 2 (~82.9% screen-to-body ratio)","720 x 1600 pixels, 20:9 ratio (~269 ppi density)",,Android 11,Mediatek Dimensity 700 (7 nm),Octa-core (2x2.2 GHz Cortex-A76 & 6x2.0 GHz Cortex-A55),Mali-G57 MC2,microSDXC (uses shared SIM slot),"64GB 4GB RAM, 128GB 4GB RAM, 128GB 6GB RAM",,"LED flash, HDR",1080p@30fps,5 MP,720p@30fps,Li-Ion 4000 mAh,,,,,,,"13 MP, f/1.8, (wide), AF 2 MP (macro) Auxiliary lens",,
zte,https://www.gsmarena.com/zte_blade_a72-11612.php,ZTE Blade A72,168 x 77.5 x 9.4 mm (6.61 x 3.05 x 0.37 in),214 g (7.55 oz),Nano-SIM + Nano-SIM,,"IPS LCD, 90Hz","6.75 inches, 110.0 cm 2 (~84.5% screen-to-body ratio)","1080 x 2400 pixels, 20:9 ratio (~390 ppi density)",,Android 11,Unisoc SC9863A (28 nm) - version 1 Unisoc T606 (12 nm) - version 2,Octa-core (4x1.6 GHz Cortex-A55 & 4x1.2 GHz Cortex-A55) - version 1 Octa-core (2x1.6 GHz Cortex-A75 & 6x1.6 GHz Cortex-A55) - version 2,IMG8322 - version 1 Mali-G57 MP1 - version 2,microSDXC,"64GB 3GB RAM, 128GB 3GB RAM",,"LED flash, HDR",1080p@30fps,5 MP,720p@30fps,Li-Ion 6000 mAh,22.5W wired,,,,,,"13 MP, AF 2 MP (macro) Auxiliary lens",,
